version,eps,exper,nodes,edges,nmi,evc_overlap,evc_MAE,deg_kl,diam_rel,cc_rel,mod_rel
original,0.5,0,2277,30323,0.011640877413998102,0.0,0.034497074453718524,16.294672228652203,0.6363636363636362,0.8639183239068731,0.6684071122467016
improved,0.5,0,2277,4599,0.2804570256647456,0.09090909090909091,0.03508999448772594,4.788017293260663,0.0909090909090909,0.00984421425667849,0.17029968789509917
original,0.5,1,2277,31037,0.011411308801494125,0.045454545454545456,0.03265210322355563,15.438102935383101,0.6363636363636362,0.8471169838431416,0.6464485074899906
improved,0.5,1,2277,5730,0.30091183832984075,0.09090909090909091,0.03849206152266215,4.568677336504832,0.1818181818181818,0.05055223654006423,0.16377891136074224
original,0.5,2,2277,30887,0.01120106155445034,0.22727272727272727,0.013388465964660073,15.136419300407448,0.6363636363636362,0.8360767516843004,0.6481391604318174
improved,0.5,2,2277,5661,0.2989136940217051,0.22727272727272727,0.0459298785421814,4.777594792585239,0.1818181818181818,0.02944084192541923,0.14595794773663198
original,0.5,3,2277,30777,0.016726034167838362,0.3181818181818182,0.03161715079712841,13.42650980712197,0.6363636363636362,0.8047843865201922,0.6395861131393462
improved,0.5,3,2277,5905,0.29503228395444725,0.3181818181818182,0.048490039519124256,4.055871445252066,0.0909090909090909,0.07784663229189895,0.12718820856366286
original,0.5,4,2277,30984,0.010718935457154126,0.2727272727272727,0.019757382472163205,12.33371719684812,0.6363636363636362,0.819135148669388,0.6318015172078729
improved,0.5,4,2277,6688,0.3015306383483432,0.22727272727272727,0.019206896187914126,3.9620732816688418,0.1818181818181818,0.086295496832845,0.10605804181052503
original,0.5,5,2277,31086,0.010252887188612498,0.18181818181818182,0.024216595326647085,15.067104582308458,0.6363636363636362,0.8354265703225078,0.6526852717271895
improved,0.5,5,2277,5501,0.30105249909773313,0.18181818181818182,0.04245448149552858,4.606797999711485,0.1818181818181818,0.009591440680099721,0.15478753917302837
original,0.5,6,2277,30803,0.016237452962202744,0.2727272727272727,0.024805388434111186,15.172401655908239,0.6363636363636362,0.834391090527475,0.64494189378678
improved,0.5,6,2277,5538,0.30278204949462334,0.4090909090909091,0.04908299254936603,4.282079631776733,0.2727272727272727,0.03814141777675643,0.1535424695216604
original,0.5,7,2277,31340,0.008560859135556896,0.0,0.036087521522054355,15.080256032386865,0.6363636363636362,0.8324551917801163,0.6397835465275439
improved,0.5,7,2277,5953,0.294728242850258,0.09090909090909091,0.015492558611884845,4.379532735258067,0.1818181818181818,0.005739295041198538,0.15744371670907734
original,0.5,8,2277,30926,0.00907513990447296,0.22727272727272727,0.017304082242207856,12.505957426615305,0.6363636363636362,0.8246070469413455,0.6399189305843638
improved,0.5,8,2277,6472,0.2995998912250031,0.22727272727272727,0.04242770658747508,3.8091711163887085,0.0909090909090909,0.1273041446818809,0.11898578845601566
original,0.5,9,2277,30374,0.014870882856019054,0.045454545454545456,0.026203678281846266,13.376079795568565,0.6363636363636362,0.825320275426204,0.6373947458773016
improved,0.5,9,2277,6283,0.30505287287951,0.045454545454545456,0.03361510354590936,4.145750253283816,0.2727272727272727,0.1337769798331073,0.09446381385469693
original,0.5,10,2277,31517,0.013785168072956286,0.13636363636363635,0.018364950710718485,12.552554004205533,0.6363636363636362,0.8226456564867196,0.6372231002926503
improved,0.5,10,2277,6253,0.29761757849645315,0.13636363636363635,0.0423266820587576,4.250111432415052,0.1818181818181818,0.04418353791483035,0.14396917989387964
original,0.5,11,2277,30798,0.013620259203007693,0.045454545454545456,0.023477014011525243,14.120013716537148,0.6363636363636362,0.8464512811693746,0.6483505498450214
improved,0.5,11,2277,5599,0.28920099346415956,0.045454545454545456,0.04059251473925696,4.376252086421865,0.0909090909090909,0.08073359819510144,0.10921566432842982
original,0.5,12,2277,31338,0.014073109120251342,0.36363636363636365,0.008286578440784982,15.009892587430214,0.6363636363636362,0.8005597845449883,0.6335086474363645
improved,0.5,12,2277,6402,0.2979247104247894,0.3181818181818182,0.043817393161794366,3.715787781310975,0.0909090909090909,0.0452965833499547,0.12286897601999679
original,0.5,13,2277,31413,0.012115430280765734,0.09090909090909091,0.03520155474584718,14.490614799759127,0.6363636363636362,0.8410164635655929,0.6501877936224705
improved,0.5,13,2277,5574,0.2868093225717914,0.0,0.04307821366866683,4.2266166454582486,0.1818181818181818,0.07038622085069678,0.1908128702383916
original,0.5,14,2277,31399,0.029170529388358336,0.5454545454545454,0.020036725033846223,11.955644700495675,0.6363636363636362,0.6057179149233135,0.5907215963973441
improved,0.5,14,2277,8047,0.29635935283473075,0.6363636363636364,0.021325272868416175,3.4924818227702255,0.1818181818181818,0.3050058638541899,0.02210145771485649
original,0.5,15,2277,30590,0.01265732754906938,0.45454545454545453,0.018125732140097318,10.975609983056037,0.6363636363636362,0.7889696537268692,0.6227952880077828
improved,0.5,15,2277,6588,0.3037645732707207,0.45454545454545453,0.04190077129231582,3.5242772498650052,0.0909090909090909,0.028551371517303636,0.058799999319413605
original,0.5,16,2277,30570,0.010465375033630684,0.2727272727272727,0.012460872597907902,12.666089273939653,0.6363636363636362,0.8173006870438735,0.6369337194712325
improved,0.5,16,2277,6268,0.2985939199739446,0.2727272727272727,0.049822153700614484,3.759693279719957,0.1818181818181818,0.09352020533006744,0.10207885460096469
original,0.5,17,2277,30723,0.01441080920683849,0.18181818181818182,0.011475433165866501,12.79171027071842,0.6363636363636362,0.8336032405651997,0.6423268503594792
improved,0.5,17,2277,5602,0.29781511705943925,0.13636363636363635,0.050263887172429245,4.41026353621074,0.1818181818181818,0.009389876493326062,0.14957001194569147
original,0.5,18,2277,30181,0.00962934462034379,0.09090909090909091,0.02198975928457877,15.513488394712844,0.6363636363636362,0.8606325105904222,0.6707978921898777
improved,0.5,18,2277,4365,0.29340055409005844,0.045454545454545456,0.049081319012851315,5.065656517330073,0.2727272727272727,0.051086300238897646,0.16572868682073819
original,0.5,19,2277,30902,0.01589055092665343,0.09090909090909091,0.01322419308008118,13.551439161995296,0.6363636363636362,0.8558767553130079,0.65694082955428
improved,0.5,19,2277,5199,0.29902924129835706,0.045454545454545456,0.04675595709971605,4.7193233515262865,0.0909090909090909,0.013120767264146701,0.1593784774756248
original,0.5,20,2277,31177,0.018642110410366293,0.3181818181818182,0.023446164521278935,11.747313838454415,0.6363636363636362,0.7595962947841267,0.6114712934194484
improved,0.5,20,2277,7508,0.3034140360898432,0.3181818181818182,0.036186914806358855,3.6615946587589816,0.2727272727272727,0.02985501078847174,0.015487441592594183
original,0.5,21,2277,30794,0.01272854091576185,0.045454545454545456,0.026488939661961787,13.85832174471149,0.6363636363636362,0.8276908223345937,0.6376212276618735
improved,0.5,21,2277,6188,0.2955514121356254,0.045454545454545456,0.02005099787915845,4.03191363274675,0.1818181818181818,0.09920523257116043,0.09797690046652026
original,0.5,22,2277,30799,0.010048798687676715,0.045454545454545456,0.018137180479907315,15.530802527869016,0.6363636363636362,0.8596476515106773,0.6634231954125185
improved,0.5,22,2277,4971,0.2835339979540838,0.045454545454545456,0.061527097631966725,4.904393084159935,0.0909090909090909,0.006862854292560073,0.17543531301323873
original,0.5,23,2277,30523,0.01752901703168712,0.3181818181818182,0.030563889367493043,12.632161318670242,0.6363636363636362,0.7861003690994575,0.6291278611256498
improved,0.5,23,2277,6080,0.31065767870342753,0.3181818181818182,0.047315409897676,3.7937978359639812,0.0909090909090909,0.13354374709508732,0.11353418361808423
original,0.5,24,2277,29543,0.010348320324527786,0.3181818181818182,0.018761699372714845,13.994828777555227,0.6363636363636362,0.8650992705685944,0.6777786251275967
improved,0.5,24,2277,4176,0.2860443930403501,0.3181818181818182,0.05651473548228934,4.545650112309911,0.1818181818181818,0.03597413761309981,0.09927221338823063
original,0.5,25,2277,30805,0.010467028733775892,0.13636363636363635,0.015240604914300364,14.62165283672494,0.6363636363636362,0.8125341827653251,0.6324748883912543
improved,0.5,25,2277,6426,0.3027055901643047,0.22727272727272727,0.04134355266747363,3.9044742512205,0.0909090909090909,0.08008443824615227,0.07324601738347325
original,0.5,26,2277,30924,0.014751063357534575,0.4090909090909091,0.01624061241295507,15.931851428103554,0.6363636363636362,0.8318447443215667,0.6423555342075808
improved,0.5,26,2277,5926,0.30345267678666965,0.5,0.04500396462098502,4.050605678925577,0.0909090909090909,0.05227140680763109,0.10097467494362879
original,0.5,27,2277,30110,0.010004736719448112,0.13636363636363635,0.014490269296452628,15.034913063146154,0.6363636363636362,0.8609702611940124,0.677803904945849
improved,0.5,27,2277,4411,0.28701906368722174,0.18181818181818182,0.05583322492234775,4.564111516739663,0.0909090909090909,0.048325111829308834,0.13203905272824928
original,0.5,28,2277,31450,0.01153441270850666,0.09090909090909091,0.025128158728472495,17.312379983538257,0.6363636363636362,0.8349062569609816,0.652199873415985
improved,0.5,28,2277,5605,0.2863565542878019,0.13636363636363635,0.04116548241565548,4.48731659819169,0.0909090909090909,0.06602096748475181,0.17490854429613562
original,0.5,29,2277,30597,0.011058826645668469,0.0,0.023174095805299333,16.358541822375248,0.6363636363636362,0.8591244783652363,0.6625597155824384
improved,0.5,29,2277,4775,0.2897773712610312,0.0,0.06173900048606535,4.996744211614486,0.1818181818181818,0.05441652531504344,0.18517260841925226
original,0.5,30,2277,30417,0.011489472243959315,0.09090909090909091,0.021368001974601484,15.503890249695806,0.6363636363636362,0.8602927472953296,0.6691023384547278
improved,0.5,30,2277,4671,0.28259450260507,0.09090909090909091,0.056537504927280574,4.965532395856144,0.0,0.021544139298892553,0.16693581559971002
original,0.5,31,2277,30803,0.01657027982754036,0.2727272727272727,0.021152311491623225,13.852342366976387,0.6363636363636362,0.799726400287754,0.6372097294707495
improved,0.5,31,2277,6105,0.2999303853066542,0.2727272727272727,0.041664933750897686,3.822349769644765,0.0909090909090909,0.04800225836983442,0.05135434558118788
original,0.5,32,2277,30594,0.02470210814944281,0.6363636363636364,0.02410471800051149,11.507930839985423,0.6363636363636362,0.6855753372948011,0.5978474189801497
improved,0.5,32,2277,7827,0.2999938080500773,0.6363636363636364,0.027678103485106794,3.2668964176498285,0.0909090909090909,0.0970783957873334,0.05029579063425121
original,0.5,33,2277,30034,0.02417967514692835,0.45454545454545453,0.025071248692491777,11.86591278520546,0.6363636363636362,0.67574818034295,0.6262417642276996
improved,0.5,33,2277,6515,0.3073569722018158,0.5,0.028720766438797073,3.633918374051993,0.1818181818181818,0.24973428258187855,0.1235080838217185
original,0.5,34,2277,30554,0.01256732635001641,0.13636363636363635,0.03927684242282356,16.275511624569074,0.6363636363636362,0.858545374740392,0.6653425262050102
improved,0.5,34,2277,4708,0.29050225786324657,0.045454545454545456,0.05763581723716071,5.2722750427927405,0.0909090909090909,0.050739070765473925,0.18709194657621578
original,0.5,35,2277,30906,0.009161189892432602,0.22727272727272727,0.019160717865948265,12.438798627667946,0.6363636363636362,0.8423434874958952,0.6522604417922345
improved,0.5,35,2277,5546,0.3020815978546023,0.18181818181818182,0.026614048052565162,4.131192248076844,0.0909090909090909,0.04985321217495841,0.14379915351880213
original,0.5,36,2277,30671,0.012576147327786936,0.0,0.023027764494642448,14.319773496516826,0.6363636363636362,0.863990910068301,0.6726580397028002
improved,0.5,36,2277,4674,0.29000000351340677,0.09090909090909091,0.049689567333738756,5.132241173315299,0.0,0.002087057204803404,0.16290998425907316
original,0.5,37,2277,30779,0.013178346111436149,0.09090909090909091,0.016515919898118802,12.777388256742395,0.6363636363636362,0.851977908424091,0.6573219617419201
improved,0.5,37,2277,5570,0.29763829652609475,0.09090909090909091,0.0448575344639257,4.346098721108585,0.1818181818181818,0.13812041515438497,0.10548385534166085
original,0.5,38,2277,30396,0.015052057971287891,0.09090909090909091,0.022827363743713445,14.53625554990813,0.6363636363636362,0.866874317568192,0.674597365245453
improved,0.5,38,2277,4586,0.29149094372684764,0.09090909090909091,0.05586620035782688,4.927747633866026,0.0,0.019020646756604333,0.16440917142254477
original,0.5,39,2277,30512,0.012173573919958082,0.22727272727272727,0.015188912400450073,12.95854042320733,0.6363636363636362,0.8074300149416646,0.6185423331436206
improved,0.5,39,2277,7445,0.3061811345790331,0.22727272727272727,0.02765948946728729,3.687856139219479,0.1818181818181818,0.2152538012991949,0.017680174171928326
original,0.5,40,2277,30187,0.013235817514919201,0.18181818181818182,0.015135523623698261,15.334199371396451,0.6363636363636362,0.8666582658168991,0.6813087566007068
improved,0.5,40,2277,4178,0.2838634065091258,0.13636363636363635,0.05928181330217947,5.0510497902009694,0.0909090909090909,0.05256677261864579,0.1696834884776719
original,0.5,41,2277,31397,0.013234054962641031,0.09090909090909091,0.016350475782797556,13.828034888977678,0.6363636363636362,0.8313801979455822,0.6502068340429067
improved,0.5,41,2277,5368,0.29780728973140536,0.09090909090909091,0.06170339947389158,4.519876329021593,0.2727272727272727,0.06746250870757281,0.1703536448859192
original,0.5,42,2277,31106,0.012838180663159395,0.18181818181818182,0.030619948807973172,13.905105583031531,0.6363636363636362,0.8322762052291246,0.643049728913206
improved,0.5,42,2277,5842,0.2970827533461772,0.18181818181818182,0.02539032111790972,4.619545319498951,0.2727272727272727,0.020049560292731642,0.1665307518082885
original,0.5,43,2277,30921,0.015046855978166712,0.09090909090909091,0.014646840293446706,12.485581933207152,0.6363636363636362,0.8444135316461857,0.6591576326220552
improved,0.5,43,2277,5569,0.29169138039104503,0.18181818181818182,0.04653836985451949,4.51029603383618,0.0909090909090909,0.008751535774543082,0.11554283214370327
original,0.5,44,2277,30072,0.011395973618987079,0.3181818181818182,0.01801617028916784,13.50624352639343,0.6363636363636362,0.8114097179696751,0.6239941190753111
improved,0.5,44,2277,6729,0.31172196858559076,0.4090909090909091,0.039145759009481015,4.040807386392877,0.2727272727272727,0.1662607230062256,0.06114552283834305
original,0.5,45,2277,30845,0.013454843043127832,0.18181818181818182,0.036239440876698455,13.845163607411488,0.6363636363636362,0.8534507213225477,0.6551517806218246
improved,0.5,45,2277,5024,0.2803810705804957,0.18181818181818182,0.04840818541063677,4.6236034578890965,0.1818181818181818,0.017160558460852342,0.17667672445428784
original,0.5,46,2277,30510,0.015103010808746499,0.22727272727272727,0.01240962239451482,13.480916482322614,0.6363636363636362,0.8339441064564119,0.6482673718143136
improved,0.5,46,2277,5412,0.30156837693900057,0.22727272727272727,0.052734554491106825,4.117037562825546,0.1818181818181818,0.0549019665691045,0.13944557433855778
original,0.5,47,2277,30581,0.01629379023911191,0.2727272727272727,0.0169958448681131,14.916634299676117,0.6363636363636362,0.8403125725550619,0.6601335766913992
improved,0.5,47,2277,5077,0.2858855078649066,0.2727272727272727,0.04896375828628385,4.265858158674361,0.0909090909090909,0.02142078969394157,0.10935010409032132
original,0.5,48,2277,30606,0.014967867226487963,0.18181818181818182,0.014316603642358872,15.137131742463552,0.6363636363636362,0.8511977383651358,0.6516400776277909
improved,0.5,48,2277,5275,0.2983094583242883,0.18181818181818182,0.048842991296332655,4.619829328962773,0.1818181818181818,0.06633085105613178,0.12452157182094244
original,0.5,49,2277,30862,0.015290670727395764,0.22727272727272727,0.017241399143756962,14.091146701639206,0.6363636363636362,0.8399601430352827,0.6552646718425295
improved,0.5,49,2277,5275,0.2945324497003546,0.22727272727272727,0.046462783977795935,4.710007058378659,0.0,0.04837372320900775,0.15360777088760758
original,1.0,0,2277,30700,0.11265296667390724,0.7727272727272727,0.003063513899184045,4.4665569007955765,0.5454545454545454,0.1405556606374548,0.44012724015572546
improved,1.0,0,2277,16146,0.3077957530241322,0.7272727272727273,0.002721142444452689,2.259033490829841,0.0909090909090909,0.25818241069250747,0.23776285390622884
original,1.0,1,2277,30416,0.11175909354626731,0.5,0.004019349740193272,4.675893979023731,0.5454545454545454,0.09880137845152163,0.42807731299637386
improved,1.0,1,2277,13117,0.3284954264666608,0.5909090909090909,0.004753587398996128,2.405714646821812,0.0,0.6018462003585839,0.0787167727749087
original,1.0,2,2277,30484,0.05010115775809857,0.0,0.019999556172087537,10.21254009196496,0.6363636363636362,0.5687716229540818,0.5683380109991377
improved,1.0,2,2277,8984,0.29595843918547615,0.0,0.022384246755066787,2.867165920171127,0.1818181818181818,0.20796614993407705,0.019955486703599014
original,1.0,3,2277,30084,0.10031629331759577,0.8181818181818182,0.00589966189424525,4.815792484098596,0.5454545454545454,0.21016380287414405,0.44767334402908004
improved,1.0,3,2277,14210,0.3234792215064627,0.7727272727272727,0.0058942843538580866,1.9910798892445851,0.0909090909090909,0.2809691852022869,0.13943891457207966
original,1.0,4,2277,30301,0.11041601846403813,0.7272727272727273,0.002186540556175556,4.14338320148271,0.5454545454545454,0.11583113786056823,0.4304639044606145
improved,1.0,4,2277,15471,0.31647227258482347,0.7727272727272727,0.0026164018980903408,1.8222804018918555,0.0909090909090909,0.324609278823304,0.2189451597023617
original,1.0,5,2277,30369,0.06930573740120866,0.0,0.0046906092400217925,5.020540734456288,0.6363636363636362,0.39838564096334417,0.525068339635756
improved,1.0,5,2277,11131,0.30421400606989557,0.0,0.010281543286792552,2.7808546801081184,0.0909090909090909,0.30558182358262037,0.10990825060997361
original,1.0,6,2277,30673,0.08531782368870441,0.6818181818181818,0.0019130977639339527,5.296607722094403,0.6363636363636362,0.12341809292472196,0.47522440000029104
improved,1.0,6,2277,13775,0.3095609744262301,0.6363636363636364,0.0016248098545169677,2.2225363853884055,0.0909090909090909,0.45418232011919013,0.2590503029980759
original,1.0,7,2277,30442,0.06295794837686962,0.0,0.012586052260429413,7.440590396780151,0.6363636363636362,0.40557464348128397,0.5258947194063776
improved,1.0,7,2277,10948,0.30251004099115286,0.0,0.015232813011578684,2.534396253455719,0.0909090909090909,0.3104855513272301,0.11655589191099398
original,1.0,8,2277,30369,0.08244515015155897,0.5,0.010839885009213205,8.246312557273182,0.6363636363636362,0.26849279477430793,0.4619113730778868
improved,1.0,8,2277,12757,0.31301756823326665,0.5454545454545454,0.012132845374402151,2.392462982536902,0.0909090909090909,0.3433475330028614,0.047848709335308624
original,1.0,9,2277,30653,0.10941640235616898,0.8181818181818182,0.002670097797280943,7.2043926252542185,0.5454545454545454,0.1518490173931331,0.468116576739565
improved,1.0,9,2277,14003,0.32712646213968294,0.8181818181818182,0.0030112265532059855,2.05395227759226,0.1818181818181818,0.40950923111446136,0.23462294995214872
original,1.0,10,2277,30171,0.07621543996796348,0.8181818181818182,0.004724320093833245,6.449165397995641,0.6363636363636362,0.3114179647048609,0.5254772002516925
improved,1.0,10,2277,13267,0.29830530325896776,0.8181818181818182,0.004321571154793722,2.383351514504213,0.1818181818181818,0.16725116920445107,0.35823724901343523
original,1.0,11,2277,30381,0.07206014788342117,0.7272727272727273,0.0015586985018490153,8.688251628521385,0.6363636363636362,0.26833113667011516,0.5716486255115117
improved,1.0,11,2277,11389,0.30385292652864454,0.7272727272727273,0.0020191255578460815,3.358925629284824,0.0,0.3552742468217282,0.5349911948205943
original,1.0,12,2277,31204,0.07260250848534876,0.7727272727272727,0.0008756280802046164,10.098148272394699,0.6363636363636362,0.25960872956257713,0.5400008665319246
improved,1.0,12,2277,12659,0.29947738891447034,0.8636363636363636,0.0019181312755313827,2.343132701061213,0.0909090909090909,0.3330076855643106,0.38192153889315344
original,1.0,13,2277,31101,0.026424117363104547,0.45454545454545453,0.028953475516868953,11.984510675452468,0.6363636363636362,0.8249708922156394,0.6602409041143024
improved,1.0,13,2277,5990,0.27838632790500445,0.4090909090909091,0.043864950063921604,3.8660815007819,0.0,0.07104269174387717,0.07793585735033767
original,1.0,14,2277,30636,0.036051293996789725,0.0,0.028028714832458543,13.793369550535257,0.6363636363636362,0.7095195095231408,0.6114780190755592
improved,1.0,14,2277,7139,0.2903705653262692,0.0,0.029956846850790354,3.5536958715716,0.0909090909090909,0.19573957040927714,0.045559840990206935
original,1.0,15,2277,30609,0.07559369246332509,0.7272727272727273,0.001709669129263202,8.607067917235103,0.6363636363636362,0.24159925246419034,0.552603442149886
improved,1.0,15,2277,10568,0.3088873740067406,0.7727272727272727,0.002503095372437453,2.8919748052130676,0.0,0.5236827765677354,0.37036245730325007
original,1.0,16,2277,30393,0.07062984549116998,0.5454545454545454,0.00944109155751352,8.09774371968381,0.6363636363636362,0.39001404999931144,0.5347356053929785
improved,1.0,16,2277,11396,0.3058832443500116,0.6818181818181818,0.009796692848763526,2.301461614295491,0.0909090909090909,0.26472824002610895,0.18529429400326233
original,1.0,17,2277,30802,0.07645070361469591,0.5,0.002007550366445232,6.024579593857599,0.5454545454545454,0.23689569591664617,0.5171200777499914
improved,1.0,17,2277,13250,0.3065600576483323,0.6363636363636364,0.003359530890487958,2.228131770795521,0.0909090909090909,0.30896214084390433,0.31915587147721086
original,1.0,18,2277,30520,0.1100015828744085,0.8181818181818182,0.004994872966044485,5.760955311744286,0.5454545454545454,0.13522250435210964,0.43492799558189643
improved,1.0,18,2277,15344,0.3177041743581976,0.8636363636363636,0.004986438969361145,1.6757448673884272,0.2727272727272727,0.35228393523676127,0.18605226068709374
original,1.0,19,2277,30747,0.09123478641665433,0.8181818181818182,0.003889877796170496,6.711050053453637,0.5454545454545454,0.21024128793696617,0.4763825341634716
improved,1.0,19,2277,14108,0.31097453643852097,0.7727272727272727,0.0058864093049368765,1.9144621486759639,0.0909090909090909,0.2910256998024241,0.2093133520553871
original,1.0,20,2277,30477,0.13055852284027947,0.7727272727272727,0.0015497380976760107,4.3931801566462285,0.5454545454545454,0.05872592379462198,0.3978045726580486
improved,1.0,20,2277,15807,0.33797407479939406,0.7727272727272727,0.001972196477946846,1.8692919979587002,0.0909090909090909,0.3776617754652415,0.14418887588841992
original,1.0,21,2277,30457,0.13056759170353216,0.8181818181818182,0.0016407946751129166,4.405732351716119,0.5454545454545454,0.008714966954411594,0.38938210181597505
improved,1.0,21,2277,16057,0.3222423634808879,0.6818181818181818,0.0017808854683738621,1.9265310229001478,0.1818181818181818,0.44573644713320515,0.14858118958063973
original,1.0,22,2277,30864,0.06158256550825781,0.6818181818181818,0.006788881034273894,9.890370972030233,0.6363636363636362,0.4125060290766019,0.553394142073275
improved,1.0,22,2277,10852,0.2849266088045571,0.7272727272727273,0.008627952392244679,2.5069033178747526,0.0909090909090909,0.23756341882914495,0.26545600052805435
original,1.0,23,2277,30755,0.06053699214436597,0.6818181818181818,0.007063663205587436,8.879421376418726,0.6363636363636362,0.3601829838429132,0.5334530665602637
improved,1.0,23,2277,10818,0.3053767768560957,0.7272727272727273,0.0068544158869110194,2.451923443020801,0.2727272727272727,0.3932982891449489,0.16754407797650708
original,1.0,24,2277,30899,0.0648479483960951,0.5909090909090909,0.009906510403198954,10.018491104570789,0.6363636363636362,0.4192330567697865,0.5498380359726036
improved,1.0,24,2277,10350,0.295471380431402,0.6818181818181818,0.011797016906197498,2.8184194538474845,0.0909090909090909,0.31801587654224267,0.17742239531670123
original,1.0,25,2277,31186,0.0637354859958471,0.6363636363636364,0.001312765129656751,8.205798260710756,0.5454545454545454,0.2764412498920964,0.535590372354059
improved,1.0,25,2277,13678,0.29713483095202214,0.6818181818181818,0.00214531067989531,2.1966538134495854,0.0909090909090909,0.2082395158158938,0.38387323207117796
original,1.0,26,2277,30202,0.10912094851166984,0.7727272727272727,0.0015930050634659714,5.698624451909091,0.5454545454545454,0.10001300884784048,0.3984185409239686
improved,1.0,26,2277,16080,0.3241330707258251,0.6363636363636364,0.001780156584757734,2.0314990034612177,0.2727272727272727,0.3110955799296681,0.12975688948342248
original,1.0,27,2277,31067,0.052970860250942095,0.6363636363636364,0.010295095617384035,8.46000652270509,0.6363636363636362,0.46473615920930356,0.5650620668097978
improved,1.0,27,2277,10765,0.30010156263670135,0.5909090909090909,0.011053752456910853,2.3835148500551115,0.0909090909090909,0.19294905897491352,0.22738986531530248
original,1.0,28,2277,29917,0.08975219327500025,0.7272727272727273,0.0020827847149566536,8.324083498509935,0.6363636363636362,0.13971795234385131,0.4711682976902746
improved,1.0,28,2277,12527,0.3167585020872511,0.8636363636363636,0.0030229032885066166,2.54533137879106,0.3636363636363636,0.4695892198955529,0.22398847809251687
original,1.0,29,2277,30386,0.0966994455935608,0.7272727272727273,0.0031349097923516977,7.9649470822891,0.6363636363636362,0.1549404560753195,0.4487173360415542
improved,1.0,29,2277,13961,0.31570785638047255,0.7272727272727273,0.0038225209399154066,1.9419369400147435,0.0909090909090909,0.38561808751036014,0.17441178109510588
original,1.0,30,2277,30732,0.11413499707677312,0.7272727272727273,0.0013720063152897963,4.370599798488767,0.5454545454545454,0.12951853834826801,0.4333175652211401
improved,1.0,30,2277,16519,0.30806631800456263,0.6818181818181818,0.0018350104459466424,1.7569425524343605,0.3636363636363636,0.27327619291791583,0.2255915654050687
original,1.0,31,2277,30315,0.10032012774631192,0.6818181818181818,0.002260292230481953,4.363667299081518,0.5454545454545454,0.10081830745976765,0.4089344498636668
improved,1.0,31,2277,16273,0.32251525539546877,0.7272727272727273,0.0023946166960347377,1.5918243087395991,0.2727272727272727,0.27010559483709295,0.1962552642636586
original,1.0,32,2277,30645,0.07010118920464105,0.4090909090909091,0.0071915619436738135,9.601436866203795,0.6363636363636362,0.3030879228622996,0.47772442607362664
improved,1.0,32,2277,12542,0.30313111313990143,0.5909090909090909,0.007209657209912732,2.185915265651673,0.2727272727272727,0.3625571356627073,0.0935143617215862
original,1.0,33,2277,30728,0.0591490589861463,0.7272727272727273,0.008810111372721443,7.567641862021974,0.6363636363636362,0.4635361047357179,0.568835613468434
improved,1.0,33,2277,11377,0.2983939904373775,0.7727272727272727,0.009592975926192694,2.786775202729176,0.0,0.09029890484023105,0.33201467731747236
original,1.0,34,2277,29975,0.12510530142321724,0.8181818181818182,0.002051507807737697,4.256533448867808,0.5454545454545454,0.004445763564322587,0.3815393026530814
improved,1.0,34,2277,15532,0.33025023834810324,0.8181818181818182,0.0017455691412932193,1.8789266366236113,0.0909090909090909,0.4517580678941862,0.13362089639801988
original,1.0,35,2277,30926,0.08232935806151905,0.5909090909090909,0.0060986337397089755,7.333647462095961,0.5454545454545454,0.4433844511705156,0.5297767566124328
improved,1.0,35,2277,12378,0.3000669791652883,0.6363636363636364,0.005930311477894982,2.8873128296326183,0.0909090909090909,0.09083179699481567,0.34009129062794996
original,1.0,36,2277,30468,0.0966868524182876,0.6363636363636364,0.003951359738415523,5.734213231239489,0.5454545454545454,0.13823235894929983,0.44131851978798126
improved,1.0,36,2277,14448,0.3058181788454383,0.7272727272727273,0.004146462955549791,2.211379529672859,0.1818181818181818,0.391731810908289,0.16496220693282954
original,1.0,37,2277,30843,0.04882990054951362,0.5909090909090909,0.01459485185469166,10.21551585717288,0.6363636363636362,0.5095518366027884,0.5657748212099395
improved,1.0,37,2277,9565,0.2949233155588134,0.6363636363636364,0.014233209489945192,2.800646264419283,0.0909090909090909,0.2229279493736152,0.09675358479844558
original,1.0,38,2277,30798,0.04988633376894784,0.0,0.013676084331512446,9.673870193985225,0.6363636363636362,0.47953571177277754,0.5453531098408955
improved,1.0,38,2277,10304,0.29243443814193093,0.0,0.014660880776035355,2.445353776695209,0.0909090909090909,0.26874383146571745,0.12366305289182326
original,1.0,39,2277,30033,0.12911503656578713,0.7727272727272727,0.0012810401977302983,4.564144145958066,0.5454545454545454,0.04052794319881789,0.40960727144717024
improved,1.0,39,2277,15339,0.31936607158852104,0.7272727272727273,0.001107179182887564,1.8011195815894365,0.1818181818181818,0.4035978059982716,0.19929108666195994
original,1.0,40,2277,30588,0.10485185459768223,0.7727272727272727,0.0025244018498480746,5.994144133513585,0.5454545454545454,0.0816440656484671,0.4526406661644294
improved,1.0,40,2277,13472,0.3128701432428768,0.7727272727272727,0.003163479713745422,2.3347257713130802,0.0,0.5101426250786716,0.20566966385239988
original,1.0,41,2277,31209,0.060204805434340584,0.5909090909090909,0.007084362100164476,9.803104622418203,0.6363636363636362,0.4572313652132794,0.5766875949296324
improved,1.0,41,2277,10448,0.28553907282120594,0.6363636363636364,0.008387787741575016,2.4044963200962384,0.0,0.21223044052869727,0.31434534105678097
original,1.0,42,2277,30333,0.1059336003446257,0.8181818181818182,0.0017955071048076125,5.7235899741383225,0.5454545454545454,0.05731923936624261,0.42064625532284916
improved,1.0,42,2277,14356,0.3148561363497575,0.7272727272727273,0.0020178191250910093,1.9620996327644509,0.0909090909090909,0.4905922075147243,0.13702325845208074
original,1.0,43,2277,30348,0.06319505681589051,0.5909090909090909,0.008196187608680407,8.048181809417683,0.6363636363636362,0.37525611689599875,0.5564044198993214
improved,1.0,43,2277,9402,0.30393582590348284,0.6818181818181818,0.0076477979382097725,2.8188280222145297,0.1818181818181818,0.478301327314855,0.19792524042690576
original,1.0,44,2277,31037,0.08754292382811121,0.7272727272727273,0.0015051765374179064,5.734190346592699,0.5454545454545454,0.14662614841752178,0.45726696119457055
improved,1.0,44,2277,15220,0.30023498988999847,0.6363636363636364,0.0018720127434422003,1.945477898715212,0.0,0.33502464657794445,0.21975398615692499
original,1.0,45,2277,31031,0.02795183569856447,0.5,0.028703872575176738,10.386691237668574,0.6363636363636362,0.7041030944911161,0.6129979969637416
improved,1.0,45,2277,7757,0.29261520873029506,0.5,0.0346232767623756,2.94414204587739,0.0909090909090909,0.16793265060701737,0.07434393371155261
original,1.0,46,2277,30338,0.07112022559571532,0.5909090909090909,0.011917644659745904,6.6421497092519335,0.6363636363636362,0.3571972402158343,0.534577698715124
improved,1.0,46,2277,9294,0.3030894599509449,0.5909090909090909,0.01433787223032379,2.832104672780825,0.0909090909090909,0.6209442065652743,0.08163009718418042
original,1.0,47,2277,30606,0.08795343166335212,0.6818181818181818,0.001741571323860372,8.238835605331888,0.5454545454545454,0.1433375167461126,0.479178002798596
improved,1.0,47,2277,12412,0.3106405946659095,0.6363636363636364,0.0014879174720281057,2.370893968703084,0.0909090909090909,0.5164022030300136,0.19761654594439731
original,1.0,48,2277,30325,0.11041144026893467,0.7272727272727273,0.0014978192188258653,4.823774258971812,0.6363636363636362,0.021010405916657843,0.4461077551103729
improved,1.0,48,2277,13403,0.3234065084373282,0.5909090909090909,0.0014074744477265112,3.060540003764922,0.0,0.6473565738854107,0.18806774981590169
original,1.0,49,2277,30998,0.06277389553349351,0.8181818181818182,0.005389473372625948,9.710999027859117,0.6363636363636362,0.3244824642432588,0.5367619985930818
improved,1.0,49,2277,11403,0.2949877985001823,0.7272727272727273,0.0053823090842858535,2.9226528801780596,0.0,0.3399229992463367,0.2346595709729074
original,1.5,0,2277,30647,0.14329582940415003,0.8181818181818182,0.0011313997722687693,1.3905626305278571,0.5454545454545454,0.1614614838509972,0.4267386330859881
improved,1.5,0,2277,18920,0.3032589419901926,0.7727272727272727,0.0017711361079062308,1.50572777926533,0.0909090909090909,0.09955524928012913,0.2576078803649437
original,1.5,1,2277,30127,0.14327885461632314,0.9545454545454546,0.0027720885618001405,3.2670788735931824,0.5454545454545454,0.28595502648445387,0.49313612324619366
improved,1.5,1,2277,17788,0.3114718144050439,0.8181818181818182,0.0048480934172966525,1.5355935883509946,0.0909090909090909,0.049492096426855633,0.46270333842992933
original,1.5,2,2277,29556,0.1802610154328047,0.6818181818181818,0.0012450012697479216,2.6256386868429438,0.5454545454545454,0.07225782810919262,0.32191400790733665
improved,1.5,2,2277,18225,0.3466943508118276,0.7727272727272727,0.0011878169468811416,1.6892600925767547,0.0909090909090909,0.4026038034958942,0.09056501803221396
original,1.5,3,2277,30069,0.16869974772145307,0.8636363636363636,0.0018424790797327555,2.8308025486416457,0.5454545454545454,0.004657865605422395,0.3114458729417446
improved,1.5,3,2277,19287,0.3443133134036909,0.7727272727272727,0.002175989300683955,1.6194238700046466,0.2727272727272727,0.2780154205604746,0.09546783396684029
original,1.5,4,2277,30110,0.1398692592545048,0.8181818181818182,0.0014216808665993375,1.420089231444639,0.5454545454545454,0.051319494242443926,0.3793545708654994
improved,1.5,4,2277,18274,0.3230265611739296,0.7727272727272727,0.0018388307443009551,1.4242597028662205,0.0909090909090909,0.2629682956999969,0.1559581261046711
original,1.5,5,2277,29729,0.1598210136907359,0.7727272727272727,0.001602553679557726,3.007146838736087,0.5454545454545454,0.044623611806869135,0.3542012477321406
improved,1.5,5,2277,16822,0.33994194119043475,0.8181818181818182,0.0011982950947294448,1.9939435917297845,0.0909090909090909,0.42304696190922547,0.11734531476850103
original,1.5,6,2277,30299,0.1662504013002182,0.8181818181818182,0.0029465895491196563,3.296557816777595,0.5454545454545454,0.06993043503627591,0.4025196627084077
improved,1.5,6,2277,16360,0.31975702736957534,0.8636363636363636,0.0035270433529095147,2.3849424230895346,0.0909090909090909,0.3064850844057431,0.2029456263826489
original,1.5,7,2277,30272,0.162740430051149,0.8636363636363636,0.002834224652696127,3.2708384798450583,0.5454545454545454,0.069217960127781,0.40013819323770894
improved,1.5,7,2277,16937,0.3269834717528648,0.8636363636363636,0.0037742189756140325,1.922578785679269,0.1818181818181818,0.3067514179736606,0.17123045585010221
original,1.5,8,2277,29788,0.1531790399463681,0.8181818181818182,0.0024245806700093128,2.8459417974761414,0.5454545454545454,0.07289446439001053,0.3336276935562654
improved,1.5,8,2277,20635,0.3315834141155271,0.8636363636363636,0.0009983034528150275,1.6383890002159824,0.3636363636363636,0.13412266482652335,0.11799012246492625
original,1.5,9,2277,29856,0.17167331183762172,0.8181818181818182,0.0014171361796471791,2.865344289338607,0.5454545454545454,0.07421194342148053,0.32943801135919176
improved,1.5,9,2277,17164,0.3450824228879203,0.7727272727272727,0.0017392131047219742,1.9390522998639599,0.1818181818181818,0.4564068378660908,0.095915955620782
original,1.5,10,2277,29622,0.16232154174394242,0.8636363636363636,0.0016136014914466567,2.5410174008340203,0.5454545454545454,0.012137269986592933,0.35780303004386665
improved,1.5,10,2277,18567,0.33368022587937063,0.8636363636363636,0.0014630390084290554,1.279355656657562,0.0,0.29611290657946676,0.15487654431924847
original,1.5,11,2277,29714,0.18232040727936263,0.7727272727272727,0.0015322422956892104,2.845171531841693,0.5454545454545454,0.011039361179971254,0.3111554455719951
improved,1.5,11,2277,19471,0.3505535760807893,0.8181818181818182,0.0018782276981049615,1.8209134695185643,0.2727272727272727,0.28278856076413655,0.10877252577934901
original,1.5,12,2277,30012,0.15547234265628906,0.8636363636363636,0.001136441062025164,2.9771673256418953,0.5454545454545454,0.03857994327953206,0.3517991751449915
improved,1.5,12,2277,17858,0.3272172834404865,0.7727272727272727,0.0014748994877398635,1.634387677151272,0.0909090909090909,0.4019015856796765,0.10546961142232261
original,1.5,13,2277,29990,0.14182324325302037,0.9545454545454546,0.0028840900780024953,2.800347476492112,0.5454545454545454,0.07603597538020515,0.3782035678065055
improved,1.5,13,2277,18152,0.3072538893016683,0.8636363636363636,0.0034254217988126997,1.765406760947303,0.0,0.21975873860663192,0.17335944748938192
original,1.5,14,2277,30506,0.13721077702460271,0.7272727272727273,0.001952710025464375,3.0953111139394665,0.5454545454545454,0.21289565296532384,0.41007561839759005
improved,1.5,14,2277,21128,0.3102055895833413,0.7272727272727273,0.0014045062968299153,1.5165365476317731,0.2727272727272727,0.061410586374061674,0.2679101867391459
original,1.5,15,2277,29696,0.1712354693921804,0.8181818181818182,0.004106814009456641,1.2780516349563493,0.5454545454545454,0.13626222706860605,0.35500846786706913
improved,1.5,15,2277,21427,0.3424309289205671,0.8636363636363636,0.0036675626941689438,1.5298028158767607,0.4545454545454545,0.02076622044157567,0.20656374784495313
original,1.5,16,2277,29722,0.16434620498370708,0.9090909090909091,0.0025638259153845044,1.2997774564029583,0.5454545454545454,0.06465587262070771,0.32722649520549024
improved,1.5,16,2277,21353,0.33158917765406615,0.9090909090909091,0.00273535445415341,1.3116796353436908,0.3636363636363636,0.11216419036480113,0.1299243126840626
original,1.5,17,2277,30110,0.16420260606476417,0.7727272727272727,0.0007812479792682764,2.0454843667025804,0.5454545454545454,0.047734810640011116,0.3822990674626008
improved,1.5,17,2277,17781,0.3232379339212419,0.8636363636363636,0.0021532963825514197,1.6987862230748174,0.3636363636363636,0.24948795224260942,0.2021799439708853
original,1.5,18,2277,30251,0.17615664798248584,0.9090909090909091,0.001968642828254827,2.869170892971725,0.5454545454545454,0.049187886332413645,0.34188907918762634
improved,1.5,18,2277,19311,0.3299356815009228,0.8636363636363636,0.0023031398035417458,1.7324650271021627,0.2727272727272727,0.18182168846598248,0.14190114704846835
original,1.5,19,2277,30062,0.17755900353542325,0.9090909090909091,0.0008370748562259583,1.2087024531627928,0.5454545454545454,0.021533422919997373,0.3086448451455755
improved,1.5,19,2277,20862,0.3538786756900167,0.9090909090909091,0.0016140020911027404,1.305721627201088,0.2727272727272727,0.23332464205896306,0.09423912583498155
original,1.5,20,2277,29809,0.15499119107641873,0.8181818181818182,0.0016422631176241389,2.61525499384286,0.5454545454545454,0.012171987588731366,0.33629075108021195
improved,1.5,20,2277,19457,0.3499494754058435,0.8181818181818182,0.0019266677760443102,1.5450418790906726,0.0909090909090909,0.26436561288939836,0.0970326237884636
original,1.5,21,2277,29915,0.1665649349539761,0.7727272727272727,0.0016110837936962033,3.06005497510129,0.5454545454545454,0.06645539003942078,0.3302714285331917
improved,1.5,21,2277,17928,0.3411301952426511,0.8181818181818182,0.001183801341027737,1.8442945431702853,0.1818181818181818,0.40433698100258064,0.09022948766324458
original,1.5,22,2277,29882,0.1492910480705903,0.8181818181818182,0.0021494339443191013,1.54821802779946,0.5454545454545454,0.006565357191587807,0.3473937891447348
improved,1.5,22,2277,18593,0.32084834122493905,0.7272727272727273,0.0012144260004281141,1.4631368557684836,0.1818181818181818,0.3112169454817057,0.09654828672764183
original,1.5,23,2277,29826,0.15990738557942655,0.6818181818181818,0.0013292751059058418,3.3080599607609504,0.5454545454545454,0.007291263995491673,0.3627150263129382
improved,1.5,23,2277,16560,0.3374399541390529,0.7272727272727273,0.0015712749763285704,1.9914615786365468,0.0,0.46210396070209314,0.09071131608370253
original,1.5,24,2277,30061,0.14581806721741902,0.8181818181818182,0.0012640940005733208,5.451543795789336,0.5454545454545454,0.0683499536349294,0.43320162430886766
improved,1.5,24,2277,15245,0.31961152835854995,0.8181818181818182,0.001846256787326297,2.0054291856501325,0.2727272727272727,0.40403324575718846,0.24029052339291512
original,1.5,25,2277,30700,0.1518398776694743,0.7727272727272727,0.003163825391771303,2.5392301563275983,0.5454545454545454,0.15733418416205425,0.4619103795473725
improved,1.5,25,2277,19181,0.31801872906051776,0.7272727272727273,0.003076672553635784,1.6759848039317713,0.0909090909090909,0.09203350224165219,0.37577024888847077
original,1.5,26,2277,30021,0.18342515099939077,0.8181818181818182,0.0013701702934123892,2.9199604584855847,0.5454545454545454,0.005565698577144672,0.34693463132724134
improved,1.5,26,2277,18844,0.3278463637358663,0.8636363636363636,0.001364748610854371,1.4661098602651552,0.2727272727272727,0.2885600377521335,0.13861113928255925
original,1.5,27,2277,30221,0.15191756802779272,0.8181818181818182,0.0007098481696997085,3.1171724881886376,0.5454545454545454,0.23226931378982116,0.4680564331880514
improved,1.5,27,2277,16994,0.3237754754083447,0.9090909090909091,0.0021854581107382757,1.9510271153228387,0.0,0.06842507276907292,0.31803103068676136
original,1.5,28,2277,30039,0.15692171146928638,0.9545454545454546,0.0022484377718863064,1.4437708665167266,0.5454545454545454,0.05340009492377274,0.3601994700921917
improved,1.5,28,2277,19071,0.32755042044732036,0.8636363636363636,0.002825295750233643,1.461669856258442,0.0909090909090909,0.21938654100549243,0.14178597010723362
original,1.5,29,2277,30580,0.13578278701088617,0.7272727272727273,0.0030521515956430157,2.928293375950346,0.5454545454545454,0.1595821954361293,0.4515163411603757
improved,1.5,29,2277,19366,0.3029005131180577,0.7727272727272727,0.0032449320780824488,1.4217582463565717,0.0909090909090909,0.07318697735860834,0.3231168285213603
original,1.5,30,2277,29354,0.15072687335471666,0.8181818181818182,0.0025731318903898393,1.2985493600753852,0.4545454545454545,0.04516360819673373,0.31311109239681406
improved,1.5,30,2277,21042,0.33088772230879177,0.8636363636363636,0.002266176559253634,1.4192826354088135,0.3636363636363636,0.13417403670196598,0.1032373851318362
original,1.5,31,2277,30450,0.1551078584352476,0.7272727272727273,0.0027605522532277373,1.4144859656149578,0.5454545454545454,0.0995177035161347,0.41407608857513767
improved,1.5,31,2277,19325,0.3064164818080393,0.7727272727272727,0.0030229371703184922,1.3553788737501953,0.1818181818181818,0.15082789699020646,0.25301637490700435
original,1.5,32,2277,30003,0.1728663481965487,0.6818181818181818,0.0009695320446760882,4.077335324916079,0.5454545454545454,0.04974695744075406,0.352285479286119
improved,1.5,32,2277,16395,0.33722198298369993,0.7272727272727273,0.0015867668586744493,1.6996976944467446,0.1818181818181818,0.4550699331407638,0.1238078440944945
original,1.5,33,2277,30932,0.1107794927126037,0.8636363636363636,0.007655767073433933,5.635894083676906,0.5454545454545454,0.24121154071083334,0.45203696010776134
improved,1.5,33,2277,15756,0.2947757226073364,0.8636363636363636,0.0077886212316969124,2.025331266853101,0.0,0.1950011604631709,0.18739371370293043
original,1.5,34,2277,30464,0.15504089416744637,0.8636363636363636,0.002507129460124323,1.3085159235925352,0.5454545454545454,0.1896603209142266,0.4267951133956108
improved,1.5,34,2277,19329,0.3258388682728233,0.8636363636363636,0.003456320504689604,1.7043926794198914,0.0909090909090909,0.052334301029039465,0.2989547029127288
original,1.5,35,2277,30220,0.1728882540160069,0.9090909090909091,0.0035862560570011485,1.2830261677224508,0.4545454545454545,0.08276769017788248,0.3053541576153906
improved,1.5,35,2277,22130,0.3300138412393884,0.8636363636363636,0.0027593294600566625,1.14846614766864,0.3636363636363636,0.09317445056391756,0.09403757975125913
original,1.5,36,2277,30107,0.13957134799044607,0.8636363636363636,0.0012949291832268469,1.6335886170035296,0.5454545454545454,0.14862200547902596,0.4143855515935361
improved,1.5,36,2277,19160,0.30630349599124707,0.7727272727272727,0.0018448878421203118,1.3457645764151693,0.0909090909090909,0.10088616665340533,0.2491454035592349
original,1.5,37,2277,30708,0.15017090378723313,0.7727272727272727,0.004308219381089546,2.782286188321959,0.5454545454545454,0.1749384658647178,0.4646906532430941
improved,1.5,37,2277,19566,0.3077674518190669,0.8181818181818182,0.004266105159323891,1.585022157706292,0.0,0.07186605088202383,0.3359874690846958
original,1.5,38,2277,29672,0.13232764568158598,0.7272727272727273,0.005651239264714108,3.0485496072660245,0.5454545454545454,0.12045059372327316,0.3680331862908337
improved,1.5,38,2277,17378,0.3342543323517392,0.5909090909090909,0.006137566101752339,1.856430321062918,0.0909090909090909,0.20992138689907092,0.0708692149377018
original,1.5,39,2277,30311,0.15224232284320152,0.8636363636363636,0.004107662411018922,2.838421516454179,0.5454545454545454,0.2350990631172407,0.46444962515100086
improved,1.5,39,2277,19373,0.3170081347335926,0.9090909090909091,0.004871788566525545,1.714492978813074,0.1818181818181818,0.05674139799582363,0.42232680865757793
original,1.5,40,2277,30339,0.16673912727711002,0.7272727272727273,0.003268551237273577,3.045086741029026,0.5454545454545454,0.02532610325620084,0.33011616836070684
improved,1.5,40,2277,19064,0.3308647973233289,0.7727272727272727,0.003191739667841396,1.5441986933360063,0.2727272727272727,0.29716022313654933,0.06016035354553655
original,1.5,41,2277,30160,0.14763494300507926,0.8636363636363636,0.002058619383587983,2.680549750589657,0.5454545454545454,0.0535417026359302,0.36991803786088967
improved,1.5,41,2277,18642,0.31951919501687537,0.8636363636363636,0.0028576701384118606,1.620124588422943,0.1818181818181818,0.22704170914856125,0.13823099122988625
original,1.5,42,2277,29925,0.16225059303528605,0.8636363636363636,0.0013726972488994381,1.2288465422365356,0.4545454545454545,0.039537453355804816,0.3123689958304161
improved,1.5,42,2277,21299,0.33392231074271794,0.8181818181818182,0.0018296396895297851,1.5875234174351476,0.3636363636363636,0.13819183356632675,0.11211373812911335
original,1.5,43,2277,30243,0.14225817748746158,0.7272727272727273,0.002062638941096329,1.8095180102746005,0.5454545454545454,0.04431044445328994,0.37138956106075727
improved,1.5,43,2277,17750,0.31759534285776786,0.8181818181818182,0.0020929378768082306,1.4763100802371019,0.0909090909090909,0.30307265278497914,0.13781015633946186
original,1.5,44,2277,30131,0.16362706211804046,0.8636363636363636,0.0012146156013504406,1.5600960283173744,0.4545454545454545,0.10320329502092712,0.3851376940675096
improved,1.5,44,2277,18944,0.32265641617428154,0.8181818181818182,0.0011010087391188279,1.478129665074242,0.1818181818181818,0.1519457534090393,0.23209600053206364
original,1.5,45,2277,30074,0.15114624661898485,0.9090909090909091,0.0016345073414706943,1.686526310714049,0.5454545454545454,0.0482788405963343,0.3732318761799729
improved,1.5,45,2277,18062,0.32001591821414305,0.7727272727272727,0.002294676986578059,1.4983113583568834,0.0909090909090909,0.2584993880498858,0.1638143656496658
original,1.5,46,2277,29683,0.15500015317673632,0.8636363636363636,0.001684380066122905,1.2649425737523492,0.5454545454545454,0.03275089025228485,0.3210270138028374
improved,1.5,46,2277,20762,0.3374424176932647,0.9090909090909091,0.0020807222233016993,1.2553815767407883,0.3636363636363636,0.15558499401388387,0.1109077110797297
original,1.5,47,2277,30090,0.13725246008467243,0.7727272727272727,0.0012065904404840089,3.062021180013439,0.5454545454545454,0.04790799465967065,0.41521097308131416
improved,1.5,47,2277,15553,0.31957318405121454,0.8181818181818182,0.0013828219041389664,2.077238292656944,0.0,0.40711725701966084,0.19997744191832292
original,1.5,48,2277,30183,0.16675796444198882,0.8181818181818182,0.0008485179087176094,1.4977889203007853,0.5454545454545454,0.08329071582652607,0.40001178049666736
improved,1.5,48,2277,17832,0.3326913555243383,0.9090909090909091,0.0012351858236681259,1.4320972602639706,0.0909090909090909,0.22468714357460168,0.241434408402563
original,1.5,49,2277,30548,0.14248593163404025,0.8636363636363636,0.001753306437714272,2.987184731201322,0.5454545454545454,0.09921105681668145,0.4494899402332166
improved,1.5,49,2277,17886,0.31864400133739174,0.7727272727272727,0.0028161676506183466,1.985082321855499,0.1818181818181818,0.18800057263377382,0.3464520504622782
original,2.0,0,2277,30018,0.18811441319916816,0.8636363636363636,0.0014250551796817469,2.8127331154632778,0.5454545454545454,0.007523107012477386,0.3540736475989381
improved,2.0,0,2277,19125,0.3368945924474532,0.8181818181818182,0.0007837476839088374,1.7733758610239803,0.0909090909090909,0.27814397973081284,0.144537623076794
original,2.0,1,2277,29825,0.18367758914072613,0.9090909090909091,0.0018395962620167872,1.0781101570840048,0.4545454545454545,0.012428469276778766,0.2777301237126478
improved,2.0,1,2277,22818,0.3521539005404678,0.9090909090909091,0.00139491024820839,1.3617947981911827,0.3636363636363636,0.11823214524271575,0.09905871469674363
original,2.0,2,2277,30147,0.17944471519837576,0.8636363636363636,0.0024274326212942246,1.2160560377454945,0.5454545454545454,0.06247468387016606,0.32439271115024526
improved,2.0,2,2277,21052,0.3269281930211109,0.9090909090909091,0.0024144410652150437,1.1540415892946236,0.3636363636363636,0.12113821756501884,0.11864423577533878
original,2.0,3,2277,30064,0.1683307374079039,0.9090909090909091,0.0021117034829459523,1.3613359049417149,0.5454545454545454,0.07936482785359958,0.3267119490619711
improved,2.0,3,2277,20909,0.3287281993753924,0.8636363636363636,0.0016297475793781303,1.5102287355149524,0.3636363636363636,0.12014142441916324,0.12201505859340714
original,2.0,4,2277,30367,0.18678040574364538,0.9090909090909091,0.0022665207569387167,2.8510379834835446,0.5454545454545454,0.09800927506496597,0.36477328542959175
improved,2.0,4,2277,20246,0.3195660768150081,0.9090909090909091,0.0027414542317972194,1.348921286528857,0.0909090909090909,0.1178512915473064,0.18954911595447568
original,2.0,5,2277,29940,0.187854064635757,0.9090909090909091,0.0023550895039413195,1.328610431063938,0.4545454545454545,0.09935809614210701,0.3245292273237964
improved,2.0,5,2277,21277,0.3344968997475577,0.8636363636363636,0.00269753949660467,1.4181030166383906,0.3636363636363636,0.07960333693149747,0.1383000175246598
original,2.0,6,2277,29802,0.20072282795573876,0.8181818181818182,0.0016987746171544331,0.9820438057490668,0.4545454545454545,0.024079747105760687,0.261338785987395
improved,2.0,6,2277,23301,0.3672754197336763,0.9090909090909091,0.002046655219376614,1.2473226307703036,0.2727272727272727,0.10231048518414913,0.08284776844073556
original,2.0,7,2277,29759,0.17020729635768952,0.8181818181818182,0.0017375320767125295,1.085543671464252,0.4545454545454545,0.0492491661446806,0.3180875817522807
improved,2.0,7,2277,21517,0.32063633558538396,0.8636363636363636,0.0024061487301214658,1.237521721259612,0.3636363636363636,0.09519254385253201,0.1124670740765847
original,2.0,8,2277,29837,0.1831443408035178,0.8636363636363636,0.0018214136412789128,0.9185113058033123,0.4545454545454545,0.027227548837455352,0.2829326332608833
improved,2.0,8,2277,22544,0.33504420603145774,0.8636363636363636,0.0015544338501519586,1.3483861037407427,0.3636363636363636,0.1249586397464363,0.09479040141725831
original,2.0,9,2277,30196,0.19079756193277747,0.8636363636363636,0.0010011401472804272,2.605363376377998,0.5454545454545454,0.0020749458501000627,0.30352096773040255
improved,2.0,9,2277,20975,0.3373072660517332,0.8181818181818182,0.001342923014479397,1.5046425234993084,0.2727272727272727,0.20976346284140315,0.08058486700986563
original,2.0,10,2277,30356,0.17802010663836523,0.8181818181818182,0.004337406209928167,1.4303396506992827,0.5454545454545454,0.1496826748338048,0.4164387072095329
improved,2.0,10,2277,20517,0.32427526015850355,0.8181818181818182,0.003808211774765746,1.5370805849156413,0.2727272727272727,0.07197541950828779,0.28136499837071094
original,2.0,11,2277,30129,0.18066689971336758,0.9545454545454546,0.0014664605211308288,0.8714512953257674,0.4545454545454545,0.18428831539626017,0.40143505581430755
improved,2.0,11,2277,23463,0.3238417020001419,0.9545454545454546,0.0013543835100831595,1.4986657017850114,0.0909090909090909,0.09022769843011075,0.2913166444477739
original,2.0,12,2277,30887,0.17320129058722233,0.8181818181818182,0.004176315597628495,1.325858890659931,0.5454545454545454,0.28564585473730975,0.5022243930671945
improved,2.0,12,2277,19434,0.30979499312676606,0.8636363636363636,0.005006612325409559,1.6507365834681607,0.0909090909090909,0.11506595167903759,0.5172320333437266
original,2.0,13,2277,30178,0.1803008470351834,0.9090909090909091,0.003130521192234806,1.198550359844468,0.5454545454545454,0.04915522800342539,0.33358045650723644
improved,2.0,13,2277,21018,0.33354381328926946,0.9090909090909091,0.0032747132796324394,1.506255590016904,0.1818181818181818,0.150720360103385,0.13337179027898788
original,2.0,14,2277,30166,0.1788871421957362,0.9090909090909091,0.0017846358849881614,1.687395309151472,0.5454545454545454,0.12666816987647736,0.39423163215204987
improved,2.0,14,2277,18916,0.3083292744384017,0.8636363636363636,0.002126578678292487,1.5199146319565058,0.0909090909090909,0.12048725768871668,0.2313057869637997
original,2.0,15,2277,30337,0.152080694072243,0.8636363636363636,0.003194804149449522,4.688313143775903,0.5454545454545454,0.14655547727711865,0.36909679255555505
improved,2.0,15,2277,17643,0.33735847657020757,0.8636363636363636,0.004262647904884597,1.9935692415468127,0.1818181818181818,0.1686350665093371,0.1196851822435175
original,2.0,16,2277,30224,0.18402516139308842,0.8636363636363636,0.0018359009346447348,1.2826087598814788,0.5454545454545454,0.18516947046980292,0.39381071528989225
improved,2.0,16,2277,21396,0.32466472175425154,0.8181818181818182,0.001455842820790823,1.571521803169833,0.0,0.01732762653943293,0.26095357621114673
original,2.0,17,2277,30153,0.15677248751349385,0.7727272727272727,0.002207429846061294,1.1900850249641692,0.5454545454545454,0.0848565522412551,0.41320329872478295
improved,2.0,17,2277,19882,0.3318525503280854,0.8181818181818182,0.0032405258904345453,1.579906820953624,0.0909090909090909,0.1468029093514617,0.26705379816110764
original,2.0,18,2277,30228,0.19535060687885056,0.8636363636363636,0.002399156306282991,1.2460156013996946,0.5454545454545454,0.09142474318850086,0.3066102812723162
improved,2.0,18,2277,21548,0.33125333594474987,0.9545454545454546,0.0019413271537427625,1.3439758463958176,0.3636363636363636,0.0842464449233879,0.11372242912635122
original,2.0,19,2277,29955,0.2103168807950516,0.8636363636363636,0.0016535210607332108,1.0607304877267796,0.4545454545454545,0.019344424296093645,0.26945079004265443
improved,2.0,19,2277,23012,0.34943742527750044,0.8636363636363636,0.001817975012893326,1.2083971386569243,0.4545454545454545,0.10774689724967552,0.09912717120271937
original,2.0,20,2277,30373,0.1687052281587332,0.9545454545454546,0.0015568829525039122,1.1651942392067152,0.4545454545454545,0.19352157041948845,0.41402681515412393
improved,2.0,20,2277,21556,0.3090795314350948,0.8636363636363636,0.001484885382812945,1.1416301831484428,0.0909090909090909,0.029957173287716878,0.2733327165719329
original,2.0,21,2277,29730,0.18397077632346542,0.8181818181818182,0.0014658474676377561,1.3293768635635392,0.5454545454545454,0.011285800446084104,0.3128550095585076
improved,2.0,21,2277,19709,0.34281073369793086,0.8636363636363636,0.0014182900254595973,1.2992974017845071,0.1818181818181818,0.25724966782116304,0.07662843026202434
original,2.0,22,2277,29694,0.2069368283599144,0.8636363636363636,0.0014646018999529174,1.2349452860533663,0.4545454545454545,0.040990419173234593,0.28165116877165325
improved,2.0,22,2277,21519,0.36474890696540896,0.9090909090909091,0.001981585000189593,1.6612295951347378,0.2727272727272727,0.23258151026901208,0.09685756633983905
original,2.0,23,2277,30434,0.19486887884860954,0.8181818181818182,0.0016410290058107846,1.1754365946666994,0.4545454545454545,0.15748448780785965,0.38619184439834914
improved,2.0,23,2277,22359,0.31000303632145576,0.8181818181818182,0.0011879758275297426,1.2580818097276827,0.0,0.004425153081076654,0.26766747710948424
original,2.0,24,2277,29967,0.2128349078094366,0.8636363636363636,0.001873633139887953,0.8996329968469323,0.3636363636363636,0.03235915555165924,0.2514726653476445
improved,2.0,24,2277,24040,0.37010019724193327,0.9090909090909091,0.002233170905042407,1.1952112020198626,0.3636363636363636,0.06498606311901088,0.10131837992900637
original,2.0,25,2277,29847,0.19309223552034097,0.9090909090909091,0.0028628989068961194,1.2384298120315287,0.4545454545454545,0.14796831103418623,0.3287924375396197
improved,2.0,25,2277,21483,0.3323333959624307,0.9545454545454546,0.0034624290126559513,1.5101030099094814,0.3636363636363636,0.011531415874293106,0.1545251178910857
original,2.0,26,2277,30356,0.16513641277951432,0.7727272727272727,0.00269317241018844,2.776138310048871,0.5454545454545454,0.08099149892121373,0.4049071179127103
improved,2.0,26,2277,19068,0.3148670845857942,0.8636363636363636,0.001401370521207848,1.3066647931896793,0.3636363636363636,0.20645165784898017,0.24597880427762622
original,2.0,27,2277,30791,0.13942333134078053,0.7272727272727273,0.005284039420551432,1.4763655963575057,0.5454545454545454,0.201904914103782,0.47687304811795245
improved,2.0,27,2277,20017,0.3057984919112356,0.6818181818181818,0.006365081050980174,2.5482436412276854,0.0909090909090909,0.0132687344864179,0.4006923168769095
original,2.0,28,2277,29709,0.19936900931039944,0.9545454545454546,0.002787853277813425,1.1622104239757978,0.4545454545454545,0.0007140102755434073,0.2895260556306834
improved,2.0,28,2277,21348,0.3607663131027732,0.8636363636363636,0.0026055816607336926,1.5755881580392352,0.2727272727272727,0.1781188466551628,0.1056531015463754
original,2.0,29,2277,30383,0.1872219097910766,0.7727272727272727,0.0018493248950402724,2.905051131998819,0.5454545454545454,0.09972430385756154,0.4395948757342163
improved,2.0,29,2277,18189,0.3154161108966935,0.7727272727272727,0.0018224510086899807,1.71138907722381,0.2727272727272727,0.17865399494441017,0.32354786320329004
original,2.0,30,2277,30623,0.1985874688154215,0.8636363636363636,0.001069995093531364,0.8396930387327218,0.4545454545454545,0.16243482434982887,0.3896147490364332
improved,2.0,30,2277,23374,0.31916194501273254,0.7727272727272727,0.001270663162286056,1.1573624048086155,0.0909090909090909,0.06472448469336467,0.2807632383564398
original,2.0,31,2277,30751,0.16456418991562455,0.8636363636363636,0.005803977248584767,1.2392193334983306,0.5454545454545454,0.40321407594629255,0.548022744760598
improved,2.0,31,2277,22944,0.2848972866114491,0.8181818181818182,0.006031592477440347,1.223394792304934,0.0909090909090909,0.2935313359388086,0.523102911478328
original,2.0,32,2277,29724,0.20653184305319983,0.8636363636363636,0.0017951196003149156,1.0575342406686137,0.4545454545454545,0.01791134975028437,0.2826560109255632
improved,2.0,32,2277,22148,0.3484301443511541,0.9090909090909091,0.001720748164696457,1.2952065168798277,0.3636363636363636,0.1404137835202133,0.10060198827062712
original,2.0,33,2277,29596,0.19643299070212078,0.8636363636363636,0.0009463530111493316,2.6105157911130346,0.4545454545454545,0.03439748261923497,0.29613446900254425
improved,2.0,33,2277,20944,0.3417816647456124,0.8181818181818182,0.0014027623426496056,1.344340702912055,0.0909090909090909,0.23647063196840318,0.07804051382106922
original,2.0,34,2277,29581,0.17545212858433745,0.7727272727272727,0.0010035738040016387,0.9216650293849777,0.4545454545454545,0.009543544793964232,0.2713624680268317
improved,2.0,34,2277,22755,0.3424286355881703,0.7272727272727273,0.0012403705236968808,1.2554079111876875,0.3636363636363636,0.15669253711176617,0.08750485595371009
original,2.0,35,2277,29896,0.207904131472549,0.8636363636363636,0.002304747631239694,1.2357583434704429,0.5454545454545454,0.12301936743658122,0.3331271983386644
improved,2.0,35,2277,21790,0.33821332632543155,0.7272727272727273,0.0017924304809136147,1.2479121156210842,0.3636363636363636,0.05112222960087017,0.1587309435950957
original,2.0,36,2277,30474,0.23385701983558793,0.9545454545454546,0.004995942265542098,1.0956427439155676,0.4545454545454545,0.21595154009078876,0.42494585029772286
improved,2.0,36,2277,22018,0.3408843976849636,0.9545454545454546,0.0039432663161045375,1.2787487509481061,0.0909090909090909,0.07641483348452512,0.3823692266477785
original,2.0,37,2277,30440,0.15639077222559677,0.8636363636363636,0.002243002347281271,1.274855272145814,0.4545454545454545,0.21751063470620544,0.4132250923686184
improved,2.0,37,2277,22354,0.2880348078996402,0.9545454545454546,0.002163006562983333,1.3983983143192664,0.2727272727272727,0.060779386066642085,0.2615474751525027
original,2.0,38,2277,30196,0.18500452854990337,0.9545454545454546,0.0016783669866958196,1.3432512825228904,0.5454545454545454,0.0317058353885982,0.31981328231309375
improved,2.0,38,2277,19325,0.33001050919561625,0.9090909090909091,0.001667528157936532,1.4648589497450377,0.1818181818181818,0.3238788435139945,0.09414958831199434
original,2.0,39,2277,29953,0.19256225126265653,0.8636363636363636,0.0019064793734893178,0.9033751463029314,0.4545454545454545,0.040014686731971505,0.26161797727952646
improved,2.0,39,2277,23565,0.3534451489343502,0.9090909090909091,0.00321665994496898,1.293487707599604,0.3636363636363636,0.07031888630979694,0.10034615212927232
original,2.0,40,2277,29927,0.20793963148163092,0.8181818181818182,0.0016785736419705746,1.2757465745117198,0.5454545454545454,0.014037968813303912,0.29071144267982685
improved,2.0,40,2277,22161,0.35235032486529927,0.9545454545454546,0.0009726342371209409,1.3173674618076996,0.0,0.1524225502222753,0.10022567488068114
original,2.0,41,2277,30813,0.17489978353610136,0.8181818181818182,0.0031810563287237733,1.3596673762543396,0.4545454545454545,0.21332346875221286,0.4264419443587778
improved,2.0,41,2277,21391,0.3002619264348816,0.8636363636363636,0.004081135008933099,1.4409541067339435,0.0,0.03574081422498462,0.3000861013158167
original,2.0,42,2277,30158,0.14714818708238284,0.8181818181818182,0.003513170341260799,2.9895251584438145,0.5454545454545454,0.13252923854523604,0.418311710222007
improved,2.0,42,2277,19678,0.3142248729913154,0.8181818181818182,0.003552380657475601,1.9192755359357496,0.0909090909090909,0.07808824419300074,0.27124641451864584
original,2.0,43,2277,29881,0.18684385959664607,0.9090909090909091,0.0029947777327880083,1.10541575142212,0.4545454545454545,0.14052623355250488,0.31659130740280467
improved,2.0,43,2277,22136,0.32335662616071215,0.8181818181818182,0.002392579716124275,1.2467933505546087,0.4545454545454545,0.028085437599285133,0.12806887498780117
original,2.0,44,2277,29477,0.20591571311908394,0.8181818181818182,0.001252253522368066,1.155362117152402,0.4545454545454545,0.022112333152544197,0.2838648201999845
improved,2.0,44,2277,20498,0.3584843341170697,0.8636363636363636,0.0013562071669787174,1.6546977296091698,0.3636363636363636,0.23156706855897363,0.06625111576584523
original,2.0,45,2277,30410,0.1646480656357825,0.9090909090909091,0.003102931406410381,2.5681605524432043,0.4545454545454545,0.20996328179215404,0.395643621553261
improved,2.0,45,2277,22550,0.30974886432446935,0.9090909090909091,0.003310578468341598,1.3066100583126452,0.1818181818181818,0.06961542991914038,0.26845833516183126
original,2.0,46,2277,30729,0.16355265753535136,0.9090909090909091,0.0031127529010044684,3.143544129831273,0.5454545454545454,0.3090077426649791,0.5150042891448994
improved,2.0,46,2277,19593,0.3005517810095349,0.9090909090909091,0.004422226396048132,1.6564117175157613,0.1818181818181818,0.12639422550455506,0.4653709377157356
original,2.0,47,2277,29663,0.19325107172428133,0.7272727272727273,0.0010683702237628033,1.3159669494132826,0.4545454545454545,0.038355826777860313,0.30470443568534217
improved,2.0,47,2277,20381,0.353994846309425,0.8181818181818182,0.0011301613229136908,1.7831235497842384,0.1818181818181818,0.2819699248602017,0.09290644124627474
original,2.0,48,2277,29699,0.17567811534280559,0.8636363636363636,0.002350067412701365,1.226366453506655,0.4545454545454545,0.04263115011120249,0.2892128033728075
improved,2.0,48,2277,22436,0.3454533925101564,0.7727272727272727,0.0031408045919864448,1.160815431312279,0.3636363636363636,0.10998537704351569,0.0975518008906064
original,2.0,49,2277,29995,0.17627809253538992,0.9090909090909091,0.0018451624604519064,1.429264073035136,0.5454545454545454,0.13962809124281164,0.34062859202535645
improved,2.0,49,2277,20704,0.3258515062336939,1.0,0.0030067250694335943,1.4767263666269266,0.3636363636363636,0.0470119497587224,0.14026469237013353
original,2.5,0,2277,29730,0.22660413751394995,0.9090909090909091,0.0019208487813865776,0.8591244195249006,0.4545454545454545,0.045280134279351916,0.25237651178200937
improved,2.5,0,2277,24098,0.3687921769286545,0.8636363636363636,0.002599360800128096,1.22231993524038,0.3636363636363636,0.0353100762380516,0.10000352138713921
original,2.5,1,2277,30033,0.18045611219142724,0.9090909090909091,0.0034310623630739163,1.2466351570460612,0.4545454545454545,0.0769754978975645,0.2981143552919337
improved,2.5,1,2277,23090,0.3378367946053263,0.9090909090909091,0.003820242291449226,1.4287637960285084,0.3636363636363636,0.04486319363859403,0.13214368224468595
original,2.5,2,2277,29259,0.2132584633847644,0.9090909090909091,0.001332911316833052,0.95939171976345,0.3636363636363636,0.0060038257622472575,0.24314696647662248
improved,2.5,2,2277,24029,0.3749265309101477,0.8636363636363636,0.0013370309571642744,1.3192287207539422,0.3636363636363636,0.09347308539511412,0.09444689838284141
original,2.5,3,2277,30428,0.16306664262331674,0.7727272727272727,0.003986794097309312,0.998699837119125,0.4545454545454545,0.2594299422907057,0.45764687425426387
improved,2.5,3,2277,22220,0.29967784783268636,0.7272727272727273,0.0050533835291289644,1.3439456712222688,0.4545454545454545,0.1062989097184651,0.33777760947425567
original,2.5,4,2277,30728,0.16605575695695785,0.9090909090909091,0.0034802288027171667,1.0369293031929314,0.4545454545454545,0.25842988928804866,0.4198047039334641
improved,2.5,4,2277,22973,0.273271010063167,0.9090909090909091,0.00412758702641005,1.1208405470375185,0.1818181818181818,0.1260641187752491,0.29691187333328517
original,2.5,5,2277,30549,0.11830142892052911,0.6818181818181818,0.008663228815373118,1.0978065571604243,0.4545454545454545,0.3273055048159996,0.537671405173486
improved,2.5,5,2277,24073,0.28617539053152496,0.6818181818181818,0.010792493184781178,1.3489416044489904,0.0909090909090909,0.23728612796851822,0.5041956834548179
original,2.5,6,2277,30529,0.19727626384395158,0.9090909090909091,0.002077625899554389,1.1271446418655988,0.4545454545454545,0.1854656030101256,0.3775246867225986
improved,2.5,6,2277,23878,0.32933051537240265,0.8636363636363636,0.0016339019619246323,1.340342210432004,0.1818181818181818,0.08691080654300284,0.28262788660032456
original,2.5,7,2277,29459,0.19935066446796465,0.8636363636363636,0.0016099308778818695,0.9251639210289602,0.4545454545454545,0.019286991465190643,0.256448590134551
improved,2.5,7,2277,23655,0.363496292684682,0.9545454545454546,0.001670605279315667,1.4083517497571179,0.3636363636363636,0.11380828635542661,0.09321268088264673
original,2.5,8,2277,30008,0.1864757114052028,0.8636363636363636,0.0014608221468087532,1.2508112920651888,0.4545454545454545,0.009015059141662026,0.2990439742566146
improved,2.5,8,2277,21230,0.33683550822587294,0.7727272727272727,0.0007911390099275349,1.4703674931394803,0.0909090909090909,0.20143448631744593,0.08162847276935126
original,2.5,9,2277,29919,0.21397964344348352,0.9090909090909091,0.0018417888631537607,1.1415387467923772,0.4545454545454545,0.02976570806120378,0.2610016894256867
improved,2.5,9,2277,23679,0.35747119186231546,0.8181818181818182,0.001449470619475691,1.5823407968865981,0.3636363636363636,0.07974354259895244,0.10613915766881804
original,2.5,10,2277,30450,0.19741137147653756,0.8636363636363636,0.0016396340933709614,0.9107827952467783,0.4545454545454545,0.09688581371708858,0.29135376529105345
improved,2.5,10,2277,22871,0.3196436389842179,0.8636363636363636,0.0015555370070203202,1.141411669037222,0.3636363636363636,0.05857759715888116,0.10529392147982083
original,2.5,11,2277,30350,0.1620591585175556,0.7272727272727273,0.006053794888103464,1.062696545355826,0.4545454545454545,0.1986836256228548,0.4353607121888384
improved,2.5,11,2277,22431,0.3103100713133504,0.6818181818181818,0.006268087348430512,1.2873783835257027,0.3636363636363636,0.0842968723021795,0.3698107321219005
original,2.5,12,2277,30170,0.19386352893888864,0.9090909090909091,0.0039044959227480898,1.2611954056785777,0.4545454545454545,0.0815584913214808,0.30652890210940015
improved,2.5,12,2277,22489,0.3210063778911154,0.9090909090909091,0.003116618285928128,1.357287325061675,0.4545454545454545,0.05784120652450912,0.1352015380038936
original,2.5,13,2277,29759,0.2065762124879191,0.9090909090909091,0.0009820392895911153,0.9947310717989915,0.3636363636363636,0.01124552538012846,0.2548702603439525
improved,2.5,13,2277,23235,0.353875289203779,0.9090909090909091,0.0019244432371631462,1.2098823661218772,0.3636363636363636,0.10298926261971095,0.07589058676794619
original,2.5,14,2277,30194,0.19567540234908407,0.9090909090909091,0.0017784469215367282,1.03800333132249,0.4545454545454545,0.039458017030046054,0.26946922695310166
improved,2.5,14,2277,23286,0.3370266517749481,0.8636363636363636,0.0021312446244396346,1.2892860112056481,0.3636363636363636,0.08457060480668564,0.08354469999988388
original,2.5,15,2277,29796,0.22145493136309838,0.8636363636363636,0.001829258294763631,1.2157951829501812,0.4545454545454545,0.024117312615182282,0.2681802863470059
improved,2.5,15,2277,22088,0.355070083371108,0.8181818181818182,0.0008753973238171505,1.5347410076582546,0.2727272727272727,0.19507660205522764,0.08489883844157659
original,2.5,16,2277,29298,0.2365890725481582,0.8636363636363636,0.0037472273896197506,0.9277296179867728,0.4545454545454545,0.037784051437767564,0.2542239471963858
improved,2.5,16,2277,23230,0.3742384671920053,0.9090909090909091,0.002791785594924497,1.1862323983424825,0.3636363636363636,0.06345095545024519,0.10276554271301076
original,2.5,17,2277,29495,0.22928697904733406,0.9545454545454546,0.002570216244411251,0.9486000757086873,0.3636363636363636,0.032526349614764694,0.24224966758732155
improved,2.5,17,2277,24157,0.37405280056300794,0.9090909090909091,0.0028318446048639268,1.2121842933983897,0.3636363636363636,0.07516876688775395,0.09473516661808964
original,2.5,18,2277,29938,0.20278839140198215,0.8181818181818182,0.0014646226617802411,1.4954149339759417,0.4545454545454545,0.017287220583525293,0.3015530872066099
improved,2.5,18,2277,20934,0.3398725407178303,0.8636363636363636,0.0017320840920702042,1.8265289890452323,0.2727272727272727,0.21234026068658465,0.1166529262667185
original,2.5,19,2277,30367,0.17635901988833672,0.9090909090909091,0.0033661725976143527,0.9849760022871672,0.4545454545454545,0.254820618074442,0.39187878481363375
improved,2.5,19,2277,23367,0.31040440834486666,0.9090909090909091,0.00405245944546673,1.2931234972029095,0.2727272727272727,0.1529145449565435,0.2627518138204592
original,2.5,20,2277,29318,0.214253306820967,0.8636363636363636,0.0015227700974727821,1.115475277944166,0.4545454545454545,0.025710885064443786,0.2563947666191873
improved,2.5,20,2277,23769,0.35690060121839207,0.9090909090909091,0.001739931561624012,1.1776848766357635,0.3636363636363636,0.06080330173938857,0.09968888575360907
original,2.5,21,2277,30073,0.19751125826707047,0.8636363636363636,0.00394169580882325,1.1759420931001654,0.4545454545454545,0.11612952155931405,0.37941116777057127
improved,2.5,21,2277,20819,0.3368788146339306,0.9090909090909091,0.005384572811644534,1.4350463864800784,0.0909090909090909,0.07636317880294213,0.21474277116268212
original,2.5,22,2277,30120,0.18159463898554884,0.8181818181818182,0.001740432949422361,1.1853509174322228,0.5454545454545454,0.027764828970279674,0.3304298541744884
improved,2.5,22,2277,20275,0.32230067047673655,0.8181818181818182,0.0013368181860216272,1.3288774340665572,0.2727272727272727,0.2116030944039175,0.10964031568928802
original,2.5,23,2277,29666,0.2158909272765649,0.8181818181818182,0.002062635942011873,1.4478232046622566,0.4545454545454545,0.019643623312164002,0.28525644917406034
improved,2.5,23,2277,21474,0.3504794794116844,0.8181818181818182,0.002239417626577025,1.5576852019583511,0.2727272727272727,0.16443750980410737,0.08644414946229653
original,2.5,24,2277,29594,0.21458220463403546,0.9545454545454546,0.002751547953055916,1.0608059732789115,0.3636363636363636,0.04103067726161703,0.25672364799548847
improved,2.5,24,2277,23922,0.35059036564705126,0.8636363636363636,0.0033146939406305588,1.1521573249585497,0.3636363636363636,0.048896241729904616,0.10000806922748139
original,2.5,25,2277,29725,0.22563442258556818,0.8636363636363636,0.0033066907361960956,1.399185641383815,0.4545454545454545,0.09919349333775984,0.3217812409741218
improved,2.5,25,2277,21783,0.3567736680041728,0.8181818181818182,0.0029713783098799626,1.3489959754218979,0.2727272727272727,0.07776738275242008,0.1612762469433008
original,2.5,26,2277,29507,0.22066357009324605,0.9090909090909091,0.0014940182869341138,0.8664058152977441,0.3636363636363636,0.0240849611068547,0.24123230236737583
improved,2.5,26,2277,24334,0.37829150661105426,0.8636363636363636,0.0019681334017001605,1.1202072609287947,0.3636363636363636,0.046634252610920246,0.0921375086757247
original,2.5,27,2277,29583,0.21060434553455476,0.9090909090909091,0.0026730593291544413,0.9875666896917097,0.4545454545454545,0.0551663432203317,0.2574605777033636
improved,2.5,27,2277,24198,0.35929842969694775,0.9090909090909091,0.0014827917174921594,1.2422155119353664,0.3636363636363636,0.06739592457703986,0.10288855078786663
original,2.5,28,2277,30167,0.20340984991400934,0.9090909090909091,0.0016096851874905763,0.9480177378665136,0.5454545454545454,0.07127485775650935,0.26066770717592913
improved,2.5,28,2277,23392,0.32478928470533186,0.8636363636363636,0.0012409877814177092,1.2272734635709823,0.3636363636363636,0.06152882531854411,0.08343709868569248
original,2.5,29,2277,29786,0.2011239048263239,0.9090909090909091,0.0019440903582945404,1.2627409562683658,0.4545454545454545,0.049906233773636184,0.27612625323333717
improved,2.5,29,2277,23828,0.34328269540968986,0.9090909090909091,0.0025282499284882635,1.3950700832587994,0.3636363636363636,0.05016625067993085,0.11358044039764197
original,2.5,30,2277,29687,0.20915766351394058,0.8636363636363636,0.0018073718354936102,1.0703437167939958,0.4545454545454545,0.03839380930315303,0.26298837502180794
improved,2.5,30,2277,23680,0.34720704173053674,0.9090909090909091,0.001998272705174324,1.2272733748878963,0.3636363636363636,0.06822869972092505,0.1014880834835583
original,2.5,31,2277,30065,0.17449107489255872,0.9090909090909091,0.0019411554059906389,1.458345896749826,0.5454545454545454,0.012630088856617806,0.3269869619090832
improved,2.5,31,2277,20680,0.3227801754492411,0.9090909090909091,0.0006542995462563441,1.4603407894316225,0.0909090909090909,0.21636792847353808,0.08987996015492311
original,2.5,32,2277,29555,0.19728530046352188,0.8181818181818182,0.0015282802153550286,1.1468395377410672,0.4545454545454545,0.01164057690057398,0.2778777171098447
improved,2.5,32,2277,22467,0.34817515746543853,0.8181818181818182,0.0011750194167671473,1.2889768683325553,0.3636363636363636,0.13209828147990596,0.09165123996419132
original,2.5,33,2277,29709,0.21590926783785747,0.8636363636363636,0.0019355888216813423,0.7906313787509396,0.4545454545454545,0.03534312620992339,0.2480808035790249
improved,2.5,33,2277,24364,0.3527189550004365,0.8636363636363636,0.001964534018248191,1.4038848338425272,0.3636363636363636,0.05686533888276493,0.10130604237804332
original,2.5,34,2277,29591,0.23104381986965922,0.9090909090909091,0.0015925868159792167,1.1323282460149355,0.4545454545454545,0.039891769141116126,0.2571878674893151
improved,2.5,34,2277,22479,0.3728141396379287,0.8636363636363636,0.0016889571305628444,1.4114617992716685,0.2727272727272727,0.1699922728579249,0.09602816476991054
original,2.5,35,2277,30132,0.19540694772232178,0.9090909090909091,0.0018661874525333444,1.0440349478523574,0.4545454545454545,0.024340686959584693,0.2740094679458734
improved,2.5,35,2277,22072,0.3471391733950739,0.8636363636363636,0.0015952508886671784,1.2768022587881442,0.0909090909090909,0.20578526727472493,0.08022747829125089
original,2.5,36,2277,29995,0.20600953781080258,0.9545454545454546,0.0022797585175030983,1.1241414697144216,0.4545454545454545,0.017376053974915182,0.2816102139428876
improved,2.5,36,2277,22554,0.3535713996540611,0.9545454545454546,0.003062384541554279,1.4046654816513153,0.2727272727272727,0.13561392238668749,0.10739362111013515
original,2.5,37,2277,30208,0.1895371541311826,0.8636363636363636,0.003694861539326297,1.0673382821067006,0.4545454545454545,0.11504724971425799,0.31513801296706856
improved,2.5,37,2277,23775,0.33394212364789766,0.9090909090909091,0.003834888403387809,1.2362037372713717,0.3636363636363636,0.00032932434748953577,0.1598892984491294
original,2.5,38,2277,29488,0.22240167339406663,0.8181818181818182,0.003214746527511128,0.9286878227382992,0.3636363636363636,0.055141081554014176,0.24825517552099216
improved,2.5,38,2277,24720,0.3679894202222205,0.9090909090909091,0.002541374283408641,1.258760229950721,0.3636363636363636,0.03133205850455309,0.11284948250335461
original,2.5,39,2277,29721,0.21961840409302924,0.8636363636363636,0.0014902327258820064,0.9366428944003973,0.4545454545454545,0.03918734325160954,0.2707693409990581
improved,2.5,39,2277,23400,0.34613434990552483,0.9545454545454546,0.0023530394383531102,1.2898859024795253,0.3636363636363636,0.06424870552501633,0.10485024505029922
original,2.5,40,2277,30584,0.17600745697079379,0.9090909090909091,0.0010727579849675076,1.0337950834420866,0.5454545454545454,0.0957466662810181,0.3216009136426192
improved,2.5,40,2277,22018,0.30663858621173323,0.8636363636363636,0.0015066838170958907,1.5801616400683556,0.2727272727272727,0.0765001078732865,0.1239576739090457
original,2.5,41,2277,29562,0.21596398546879933,0.9090909090909091,0.002235961166402686,1.1514974225512047,0.4545454545454545,0.005357060321971859,0.2734187033816609
improved,2.5,41,2277,22704,0.3532734533382903,0.8636363636363636,0.0017360976362457647,1.5921473929837138,0.1818181818181818,0.1500326751177345,0.10187323048834443
original,2.5,42,2277,29312,0.21743289957990727,0.9545454545454546,0.003292890774796832,0.9815216783453227,0.4545454545454545,0.03990145095368848,0.2504701837991248
improved,2.5,42,2277,23580,0.3690060571631889,0.9090909090909091,0.0021952809321258964,1.2799893916201577,0.3636363636363636,0.06452574387180622,0.09695074185969976
original,2.5,43,2277,29864,0.2310315795535093,0.8181818181818182,0.0023189136969368317,0.9970204606303228,0.4545454545454545,0.06885178843980075,0.2524915515901628
improved,2.5,43,2277,24231,0.37618026745740035,0.9090909090909091,0.0023261829403397496,1.1342564560359092,0.3636363636363636,0.02389647391130772,0.10613571466064976
original,2.5,44,2277,30303,0.19640290109136105,0.8181818181818182,0.0031367044148826353,1.1858907098491505,0.4545454545454545,0.2470081137634416,0.37983572833764906
improved,2.5,44,2277,24495,0.3288905888188404,0.8181818181818182,0.0026052759493993493,1.231771204999678,0.0909090909090909,0.16209809082402066,0.2753470221642119
original,2.5,45,2277,30277,0.16426526830267413,0.8636363636363636,0.004922665993947862,1.2518365666688873,0.4545454545454545,0.16585383958511107,0.37340086231571246
improved,2.5,45,2277,21674,0.2876221523742911,0.9545454545454546,0.004598132084310684,1.3063824336961298,0.2727272727272727,0.0036659732659325827,0.2232282017748669
original,2.5,46,2277,29965,0.21046306587026606,0.9090909090909091,0.0017577562182414077,1.0286622271443773,0.4545454545454545,0.06814429994794552,0.287007517504889
improved,2.5,46,2277,22486,0.3475649443213467,0.8181818181818182,0.002309606392922435,1.2872281888175643,0.3636363636363636,0.06095663795198112,0.09699730306756754
original,2.5,47,2277,30682,0.19223764283422476,0.8636363636363636,0.0011448053631158512,2.7650667502037884,0.5454545454545454,0.1428096776520939,0.39257637124496597
improved,2.5,47,2277,20885,0.3030494997786538,0.8636363636363636,0.0019568606601283634,1.4043816525449833,0.0909090909090909,0.05789904535554188,0.25215049693895714
original,2.5,48,2277,30327,0.1980842229569648,0.8636363636363636,0.001310314922393701,1.0540861569571178,0.5454545454545454,0.06992932013223155,0.2982503869313769
improved,2.5,48,2277,21724,0.3217974159559925,0.8636363636363636,0.0022336281885182345,1.316457379837777,0.0,0.10531124510281298,0.10738133956328033
original,2.5,49,2277,30570,0.16565892097013102,0.9090909090909091,0.004844186809663579,1.2549376662602678,0.4545454545454545,0.2607552444301397,0.4604944346356273
improved,2.5,49,2277,22250,0.29921099531039813,0.8181818181818182,0.004797814409324399,1.2663221066255674,0.0909090909090909,0.09778569648999964,0.34876643599077717
original,3.0,0,2277,29899,0.22895556444265802,0.9545454545454546,0.0014788994358036823,0.9731000745866639,0.4545454545454545,0.0004022966037772891,0.255711244240718
improved,3.0,0,2277,22933,0.35681377776017775,0.8636363636363636,0.0020948336818885434,1.2301113402843895,0.0909090909090909,0.1329652597251241,0.0888402665431945
original,3.0,1,2277,29918,0.23971046905398583,0.9090909090909091,0.0015671694889252332,0.8274903299866332,0.4545454545454545,0.013982705876903503,0.23285044730280716
improved,3.0,1,2277,24815,0.36663063886785197,0.9090909090909091,0.0023870324953225693,1.49894791053104,0.2727272727272727,0.06154514492891644,0.10005800594556293
original,3.0,2,2277,29494,0.2233953801850962,0.9545454545454546,0.0024255292763181503,0.918714848344149,0.3636363636363636,0.0027586776817541264,0.26235022031349486
improved,3.0,2,2277,23026,0.3623210740520988,0.8636363636363636,0.001533024784104891,1.2277548381691998,0.0,0.1318234174630819,0.09661387255910851
original,3.0,3,2277,30621,0.21373708375399766,0.8636363636363636,0.0035313304018848436,0.975679664981649,0.4545454545454545,0.23782669645187357,0.39202966910621656
improved,3.0,3,2277,23632,0.30755707449024056,0.8636363636363636,0.00328343962211506,1.319357140483095,0.2727272727272727,0.12621133690261774,0.2759615941560358
original,3.0,4,2277,29511,0.23147944807098703,0.8181818181818182,0.0018456447262561139,1.0030502405383017,0.4545454545454545,0.0374778243320042,0.2449059085951264
improved,3.0,4,2277,23895,0.3518121471703631,0.8636363636363636,0.0022188890580380856,1.11038185924685,0.3636363636363636,0.03497572685295132,0.08698865248170828
original,3.0,5,2277,29897,0.22972040709244018,0.9545454545454546,0.0033425419422613897,0.9801993122897593,0.4545454545454545,0.07904491542901967,0.2600781592920236
improved,3.0,5,2277,24378,0.3448565958449913,0.9090909090909091,0.0036277859788789372,1.534167111549579,0.3636363636363636,0.006931290886573573,0.11101083681254979
original,3.0,6,2277,30431,0.1740460542475026,0.7727272727272727,0.004547900866078097,0.9302298503177875,0.4545454545454545,0.23672651753101587,0.43133081932715256
improved,3.0,6,2277,22744,0.308144165891755,0.7727272727272727,0.0033839952234790364,1.2720268631204386,0.3636363636363636,0.08777131323699087,0.29591681088290706
original,3.0,7,2277,30059,0.20908982846249682,0.8636363636363636,0.0010269776606538791,0.9939758556940252,0.4545454545454545,0.11655557422825696,0.35910189737526327
improved,3.0,7,2277,22154,0.3414171673175517,0.7727272727272727,0.000949704473158795,1.4583328797182933,0.0909090909090909,0.05039436915091861,0.23884788991695405
original,3.0,8,2277,30038,0.24985817836866125,0.8636363636363636,0.0016296944554613168,0.8325915511975494,0.4545454545454545,0.0351467563440711,0.22789831037265265
improved,3.0,8,2277,24706,0.358168052461284,0.8636363636363636,0.002170116597356206,1.0991210790304584,0.2727272727272727,0.04258066316297695,0.08385440086752553
original,3.0,9,2277,29735,0.2158028532375615,0.8181818181818182,0.0014615143521878422,1.145983769907848,0.4545454545454545,0.023271826164583256,0.2598144281863094
improved,3.0,9,2277,23123,0.36465930314629164,0.9090909090909091,0.0019157501927329207,1.2402503959207694,0.0909090909090909,0.09490223585296591,0.08778751073275223
original,3.0,10,2277,29851,0.2178621496461175,0.9090909090909091,0.0028244405466506385,0.9816546466628985,0.3636363636363636,0.04284722800808988,0.2528692959609974
improved,3.0,10,2277,24114,0.3391227738451168,0.9545454545454546,0.002989125830510893,1.3506123508794932,0.2727272727272727,0.06115086950027091,0.10117404856436855
original,3.0,11,2277,29892,0.20107225217541036,0.6818181818181818,0.0014154974565976396,1.0643864715808515,0.4545454545454545,0.142422013300021,0.351361132690683
improved,3.0,11,2277,22676,0.31620152517071043,0.7727272727272727,0.0014672127144402052,1.2267701133085787,0.0909090909090909,0.008546528074488023,0.1891866004060109
original,3.0,12,2277,29533,0.2352066202630069,0.8181818181818182,0.002437310852235924,0.9657855325605817,0.4545454545454545,0.04252119799423251,0.2515591099295444
improved,3.0,12,2277,24554,0.36467504548763763,0.9090909090909091,0.0018867033289800392,1.2828971542360272,0.2727272727272727,0.05690491515044547,0.1036088457087141
original,3.0,13,2277,29548,0.23291335264093763,0.9090909090909091,0.0018169364984930525,0.9578162672941952,0.3636363636363636,0.04046318984737026,0.24189411978724804
improved,3.0,13,2277,24270,0.379547950070854,0.9090909090909091,0.002315620811651627,1.2490610471970651,0.4545454545454545,0.06640707605518319,0.09590014637356883
original,3.0,14,2277,30239,0.19175356926858605,0.9090909090909091,0.004161260359256669,1.1618996177448082,0.5454545454545454,0.1800219067858891,0.39796768373891206
improved,3.0,14,2277,22514,0.32526909511388014,0.9545454545454546,0.00445228546145709,1.4657974020666587,0.0,0.0299559692354905,0.28317636264512913
original,3.0,15,2277,30374,0.2098544213793862,0.9545454545454546,0.0015927592988728271,0.9750942894829224,0.4545454545454545,0.04212991246488038,0.31230786423398643
improved,3.0,15,2277,21621,0.34964334244560374,0.8636363636363636,0.002551504332315721,1.2066878824786127,0.3636363636363636,0.14283663867343063,0.13415249242870778
original,3.0,16,2277,30092,0.16861758915912048,0.8181818181818182,0.0014978995564915185,1.5199706783647549,0.4545454545454545,0.1093503777836549,0.37818925378722645
improved,3.0,16,2277,19746,0.30070309038530046,0.8636363636363636,0.0015923201853467147,1.368359500182155,0.0909090909090909,0.12789534379480497,0.19611544530993147
original,3.0,17,2277,30156,0.17755141390690812,0.9090909090909091,0.002692124090910623,1.1604176003218187,0.4545454545454545,0.20221931234301682,0.3986226038196766
improved,3.0,17,2277,22857,0.29302172592446324,0.8636363636363636,0.002499487657234563,1.1428739946621116,0.2727272727272727,0.08480549377305423,0.27161496854617334
original,3.0,18,2277,29988,0.1702484920433963,0.8181818181818182,0.00439736761039188,1.2478008221978596,0.4545454545454545,0.10411392836449489,0.35317464059199205
improved,3.0,18,2277,22423,0.3340588336057842,0.8181818181818182,0.004729940773448189,1.5192104316804107,0.2727272727272727,0.051236797857690544,0.1989993367792915
original,3.0,19,2277,30078,0.23965783368024407,0.8181818181818182,0.0017215440163258918,1.174686366627105,0.3636363636363636,0.03889569274642753,0.22604516993795573
improved,3.0,19,2277,24601,0.3453575548798428,0.9090909090909091,0.0014491438544223952,1.0535176630574195,0.3636363636363636,0.05460752339657432,0.06833413443658097
original,3.0,20,2277,29747,0.19018706970661206,0.9090909090909091,0.0021083648366540986,1.0468636536690494,0.4545454545454545,0.08364238707204169,0.3122436862216348
improved,3.0,20,2277,22309,0.3077552204537285,0.8636363636363636,0.00179407983547882,1.269126599214385,0.3636363636363636,0.07430110092225171,0.1189556835408254
original,3.0,21,2277,30455,0.2134577277041693,0.8636363636363636,0.0021065382146650056,1.219255843460851,0.4545454545454545,0.11247542562445374,0.2909812946119415
improved,3.0,21,2277,23002,0.33719619506630594,0.8181818181818182,0.002612128489883075,1.2418519782756692,0.3636363636363636,0.025024844190775265,0.08834200902584816
original,3.0,22,2277,29991,0.2278539030124542,0.7727272727272727,0.001181578065795195,0.9158771653312703,0.4545454545454545,0.03777674090824718,0.25612953288602647
improved,3.0,22,2277,24304,0.35900891598568935,0.8636363636363636,0.0011306981441472838,1.4030932267965501,0.3636363636363636,0.05565375318146379,0.09764841706252236
original,3.0,23,2277,30030,0.1530108828681761,0.8636363636363636,0.0023067632251538048,1.0713339667078252,0.5454545454545454,0.1991594213580025,0.4036709279486851
improved,3.0,23,2277,21880,0.2961731771540136,0.8636363636363636,0.0018169684291941155,1.128590636531563,0.3636363636363636,0.041711845475107916,0.24782446773153047
original,3.0,24,2277,29557,0.2222878653156565,0.8636363636363636,0.0009752143438970965,1.2237173659320502,0.4545454545454545,0.008230355713457657,0.23759092785405528
improved,3.0,24,2277,23694,0.36242825931184813,0.8181818181818182,0.0010832779402862502,1.302163981173063,0.0909090909090909,0.12768847268256633,0.07534160127043221
original,3.0,25,2277,29604,0.20839274122063492,0.9090909090909091,0.0018596249764437779,0.9564958275445844,0.4545454545454545,0.016033857462469908,0.26036187974932634
improved,3.0,25,2277,23877,0.3574568751910798,1.0,0.002185231359426457,1.2674668451673674,0.0909090909090909,0.08909229024619048,0.1073853526821817
original,3.0,26,2277,30434,0.1889486937725076,0.8636363636363636,0.0023579814548355645,1.1637317377491703,0.4545454545454545,0.17820593926991604,0.3798947261236646
improved,3.0,26,2277,22368,0.30709687278868886,0.9090909090909091,0.0035355997152567184,1.1732546711598315,0.0,0.009808315570543527,0.23483043160819284
original,3.0,27,2277,29409,0.20077627484890237,0.9090909090909091,0.001984240244321637,1.1294141471435362,0.4545454545454545,0.033096799356538587,0.26372783931304566
improved,3.0,27,2277,23596,0.3540950038063642,0.8636363636363636,0.003396537901858038,1.3035034805349137,0.4545454545454545,0.07258765009492636,0.10003813470366207
original,3.0,28,2277,30013,0.19623963733616717,0.9090909090909091,0.0022696854180960725,0.9285830145849479,0.4545454545454545,0.20900271293838224,0.3949895352000799
improved,3.0,28,2277,24085,0.3119918351753327,0.9090909090909091,0.0030317599424110426,1.149037179640489,0.0909090909090909,0.12472765276074606,0.28859801777957217
original,3.0,29,2277,30288,0.18208446353520244,0.9090909090909091,0.0021276168144583494,1.0143139424262195,0.4545454545454545,0.12083089726929346,0.330683944847253
improved,3.0,29,2277,22151,0.3278230871710124,0.8636363636363636,0.003004364074839458,1.2349844145355582,0.0,0.04019606333016105,0.1488576846831599
original,3.0,30,2277,29758,0.21424753338527605,0.8636363636363636,0.0018931080938596663,0.873766509865413,0.4545454545454545,0.023108550088015586,0.25963988970454177
improved,3.0,30,2277,23457,0.35637873621971544,0.9545454545454546,0.00130658246810109,1.068943513474356,0.1818181818181818,0.12046032838322274,0.09155569030697014
original,3.0,31,2277,30346,0.18340567411329006,0.8636363636363636,0.0015770889286281344,1.1499180199222463,0.4545454545454545,0.11651350363476574,0.35313571636314406
improved,3.0,31,2277,21779,0.3243711611857589,0.8636363636363636,0.0016779544656539678,1.1479441718665326,0.0,0.03818002320218667,0.17718231893148273
original,3.0,32,2277,30218,0.1946959172206061,0.9090909090909091,0.0023324705854012567,1.0307488056423244,0.4545454545454545,0.07165602389666142,0.3182115385905309
improved,3.0,32,2277,22011,0.30728574380333074,0.9090909090909091,0.0016871849225969628,1.2472801779717715,0.3636363636363636,0.10400155415615078,0.1208335164871949
original,3.0,33,2277,29660,0.22172555630294458,0.9090909090909091,0.002052465228334773,1.0344719653117822,0.4545454545454545,0.05275828637607719,0.2657761197728214
improved,3.0,33,2277,23569,0.36734346020922864,0.8636363636363636,0.0026803740691129954,1.3086189056991802,0.2727272727272727,0.05483305480037815,0.10760151727998954
original,3.0,34,2277,30294,0.20682233364188599,0.8636363636363636,0.001342766724496506,1.092507836629184,0.5454545454545454,0.02226296079048168,0.2894882039692826
improved,3.0,34,2277,21872,0.32995884602569614,0.9090909090909091,0.0016736633244516885,1.305398482840677,0.1818181818181818,0.16624265044637304,0.07924988394355464
original,3.0,35,2277,30044,0.22577211291129914,0.8636363636363636,0.0017920124135841057,1.0341371253899208,0.4545454545454545,0.04270830061840531,0.2414504040262541
improved,3.0,35,2277,24077,0.34492514173919225,0.9545454545454546,0.0013593995426496364,1.0850191869982735,0.3636363636363636,0.07219286342105184,0.07533986654446848
original,3.0,36,2277,29586,0.23670203466501138,0.9090909090909091,0.0030778617490601757,0.9436962582180606,0.3636363636363636,0.03660979662685855,0.24873224761401502
improved,3.0,36,2277,24167,0.3617043132462837,0.9545454545454546,0.002807209239120717,1.4632316382938642,0.0909090909090909,0.06160224314645081,0.10653342552736378
original,3.0,37,2277,29972,0.21058226680751713,0.9090909090909091,0.0029871944540403868,1.0051031245263928,0.3636363636363636,0.06546543836367938,0.2552542273709201
improved,3.0,37,2277,24433,0.33395476155394266,0.8636363636363636,0.0031550867241235277,1.2272075344371136,0.3636363636363636,0.023477968354211724,0.10675744102679981
original,3.0,38,2277,29835,0.22889088295051488,0.9090909090909091,0.0024315058748098336,0.9300398517069086,0.3636363636363636,0.0407364690378169,0.25005883804940626
improved,3.0,38,2277,24001,0.3721407935425844,0.9090909090909091,0.0033246274447555177,1.357448781580262,0.1818181818181818,0.059483294880092394,0.10399613568487584
original,3.0,39,2277,29893,0.23957792008031095,0.8636363636363636,0.0022426136776330127,1.0546886500763848,0.4545454545454545,0.04840127807435181,0.27865657753502576
improved,3.0,39,2277,22433,0.34449713894554246,0.9090909090909091,0.0022267671159750383,1.0903829581885227,0.0909090909090909,0.11259688288767417,0.09589314704300976
original,3.0,40,2277,30142,0.18589537973604248,0.7727272727272727,0.005811655464674073,1.37618874283579,0.5454545454545454,0.1896316741445103,0.4407749705772498
improved,3.0,40,2277,22320,0.31856391102094844,0.7727272727272727,0.005839633142395906,1.467815805009029,0.1818181818181818,0.03602447093810793,0.37221582622935845
original,3.0,41,2277,29801,0.2176148262708118,0.8636363636363636,0.0011403201740984525,1.1341904914106586,0.4545454545454545,0.03600062323358568,0.2826913453508072
improved,3.0,41,2277,21770,0.36396978418031356,0.8181818181818182,0.001565947837609717,1.6640087104893722,0.0909090909090909,0.20142825335026782,0.08961203585581926
original,3.0,42,2277,30652,0.14725260710578966,0.8181818181818182,0.004594215914568937,1.1637606838762165,0.5454545454545454,0.2695765016828049,0.4861284839729441
improved,3.0,42,2277,22517,0.289972005149271,0.8181818181818182,0.005721754364231979,1.3614104080679623,0.4545454545454545,0.14008253996863598,0.4070525673668096
original,3.0,43,2277,29977,0.2220350109684886,0.7727272727272727,0.001799651088175494,0.9399782590840347,0.4545454545454545,0.05936906053225008,0.24216227273313573
improved,3.0,43,2277,24179,0.35583393080378356,0.6818181818181818,0.0011096745541897054,1.1840086487568406,0.3636363636363636,0.04142961653477092,0.0859967950371004
original,3.0,44,2277,30224,0.18792182321461376,0.8181818181818182,0.0012018588045921942,1.2636316203823437,0.4545454545454545,0.0832354086955153,0.3261709227915346
improved,3.0,44,2277,21935,0.33251789220411354,0.8181818181818182,0.0018672707495074646,1.0810337336058393,0.1818181818181818,0.10028147450127987,0.12917933129026307
original,3.0,45,2277,30415,0.21092875454027987,0.9545454545454546,0.0033615529379255843,0.8677197831796287,0.4545454545454545,0.23816340572597897,0.38522144215761356
improved,3.0,45,2277,23865,0.3409283336837569,0.9090909090909091,0.0037205371895394582,1.218798802722893,0.0,0.1251342452105442,0.26679060796851134
original,3.0,46,2277,29905,0.21574302134829274,0.9545454545454546,0.0029597250752985585,1.0052971985941543,0.4545454545454545,0.08288230788843118,0.2624368286142919
improved,3.0,46,2277,24183,0.3443766658464267,0.9545454545454546,0.003747782583802732,1.192736188279901,0.4545454545454545,0.021114829680557178,0.11181746870723942
original,3.0,47,2277,29958,0.2282414485592802,0.8636363636363636,0.002383495774488195,1.0799548175204767,0.4545454545454545,0.15192050848292196,0.3122609737653389
improved,3.0,47,2277,23090,0.331942623637423,0.9090909090909091,0.003825333833248053,1.2581841736561352,0.3636363636363636,0.018499555307911506,0.1560866554521436
original,3.0,48,2277,30076,0.18930919648359396,0.8181818181818182,0.004526359363365009,1.181643890527851,0.4545454545454545,0.10419619707534733,0.3072052378861237
improved,3.0,48,2277,22143,0.3457538828764812,0.7727272727272727,0.005938163667252473,1.3405034780574232,0.0909090909090909,0.058448419270460614,0.08305706039928472
original,3.0,49,2277,30058,0.21129214806971133,0.8181818181818182,0.002685284282598593,1.2504445097099375,0.4545454545454545,0.027320643928354673,0.2648012496505654
improved,3.0,49,2277,23801,0.3287211989382842,0.9545454545454546,0.0030739335572684493,0.9992142596716387,0.2727272727272727,0.08630185015845293,0.08817384058159103
original,3.5,0,2277,30040,0.21204054631153982,0.9090909090909091,0.0031345708410270246,0.850465788553461,0.3636363636363636,0.2305323429518533,0.3713298879784068
improved,3.5,0,2277,26012,0.33618057765717296,0.9090909090909091,0.002874174506403904,1.1601410260828222,0.0909090909090909,0.1989194469793905,0.2931385269128225
original,3.5,1,2277,29977,0.2280954735838178,0.8636363636363636,0.002553014750125973,0.8448906201002431,0.4545454545454545,0.06085581179012802,0.28092978417977654
improved,3.5,1,2277,23839,0.33250415471830375,0.8636363636363636,0.0022818823458907126,1.1631627497159558,0.3636363636363636,0.051242788854570925,0.11385240698978157
original,3.5,2,2277,29407,0.23716581425052125,0.9545454545454546,0.0019894208049457767,0.9132811072132312,0.3636363636363636,0.02123652820361262,0.22083094606804554
improved,3.5,2,2277,25377,0.3722668652633265,0.9090909090909091,0.002138203053072123,1.1490960914013746,0.3636363636363636,0.022645179179010294,0.10326213729496905
original,3.5,3,2277,29825,0.25283067230143264,0.9090909090909091,0.001381688608857893,0.9899699422440843,0.3636363636363636,0.04045178569506281,0.2179477873621036
improved,3.5,3,2277,25391,0.36910554366129655,0.8181818181818182,0.002019351881923495,1.0515253012146424,0.3636363636363636,0.024419434011697,0.09290496998928764
original,3.5,4,2277,30018,0.23851305138111759,0.8636363636363636,0.002068009668110415,0.8703364624990801,0.4545454545454545,0.1224823543392187,0.28743485440989247
improved,3.5,4,2277,23306,0.3667458224368655,0.9545454545454546,0.0029707718121131264,1.3683600350582448,0.0909090909090909,0.007246616007755196,0.11577281530331439
original,3.5,5,2277,29615,0.2290805261161024,0.8181818181818182,0.0012381499064350176,1.052912857834139,0.4545454545454545,0.03046597897357337,0.24196978935370123
improved,3.5,5,2277,24474,0.3461218267125855,0.9090909090909091,0.0008088433639788992,1.1844378246377976,0.3636363636363636,0.06324872994679633,0.08829946297258033
original,3.5,6,2277,29625,0.22408187045337605,0.8181818181818182,0.0017062830553597399,0.9683636175472418,0.4545454545454545,0.05186073997264009,0.25844755404597053
improved,3.5,6,2277,23811,0.3737738361823306,0.8636363636363636,0.002876029649155148,1.2550129542194364,0.0909090909090909,0.0648500830334668,0.10087004269474954
original,3.5,7,2277,29823,0.288953491859464,0.8636363636363636,0.0017741328505327227,0.8389709732197017,0.3636363636363636,0.05049744296267865,0.1851192814612876
improved,3.5,7,2277,26287,0.396182645773252,0.9090909090909091,0.0026579639089495634,1.0109536223864377,0.4545454545454545,0.005988417620757188,0.07793452283465423
original,3.5,8,2277,30355,0.17045089920898218,0.6363636363636364,0.009394292109465196,0.9571345444340125,0.3636363636363636,0.2594198978096424,0.5147312929989123
improved,3.5,8,2277,24973,0.31885546919501384,0.6818181818181818,0.009247401916746696,1.2072981408974308,0.0909090909090909,0.18267789291817657,0.47492711676805643
original,3.5,9,2277,30369,0.18578068477484885,0.8636363636363636,0.0028005476598239893,0.9759027897707022,0.2727272727272727,0.25049354612890756,0.38631850273589496
improved,3.5,9,2277,25820,0.30375587925337383,0.8636363636363636,0.004622317400823313,0.9469191666585126,0.0,0.20845200516163814,0.28728013276353276
original,3.5,10,2277,29547,0.2538068094525526,0.8181818181818182,0.0020453829432430805,0.9523970036264847,0.3636363636363636,0.02227487186883147,0.2249603576590319
improved,3.5,10,2277,25438,0.38174203611181273,0.8636363636363636,0.0018453299676861935,1.2369339715988867,0.1818181818181818,0.05374500404388401,0.11088072624993246
original,3.5,11,2277,29908,0.19460299588008756,0.9090909090909091,0.0012385132843374946,1.0423521549452244,0.4545454545454545,0.14350967946993992,0.37047901493521657
improved,3.5,11,2277,22982,0.33350471987238484,0.9545454545454546,0.0012984149951270063,1.276345021479513,0.0909090909090909,0.02534693409515394,0.2497244845412704
original,3.5,12,2277,29538,0.24602987860866157,0.9090909090909091,0.00277183146738144,0.8958976762820353,0.4545454545454545,0.057919370924493445,0.2552874455878642
improved,3.5,12,2277,23849,0.37837495305774327,0.9090909090909091,0.0037012471910593757,1.3386315977443004,0.1818181818181818,0.03920455213162786,0.10780996159034995
original,3.5,13,2277,29475,0.24485882330485179,0.9090909090909091,0.002804059745263447,0.890074006938718,0.3636363636363636,0.024985987046193276,0.2154863126718633
improved,3.5,13,2277,25104,0.3812617664901458,0.8636363636363636,0.0028788095524353977,1.242732405468255,0.0909090909090909,0.040606532803003276,0.10122487764744917
original,3.5,14,2277,29759,0.22795105330909524,0.9090909090909091,0.0015080182999724205,0.9152885894833185,0.4545454545454545,0.050864851492207354,0.2687635923476245
improved,3.5,14,2277,22944,0.3477527056602305,0.9090909090909091,0.0013701643630712676,1.3782815225983,0.0,0.12069871553550435,0.08547460181958616
original,3.5,15,2277,30504,0.1773650213793181,0.9090909090909091,0.003226018878828711,0.947247405829406,0.4545454545454545,0.263139511719605,0.4226044756800647
improved,3.5,15,2277,23319,0.3168098682401033,0.8636363636363636,0.0035230835435738185,1.2447961446292435,0.1818181818181818,0.13617439201661533,0.2910517571872301
original,3.5,16,2277,29463,0.25763235591460576,0.9090909090909091,0.001800223197789985,0.9755914676869738,0.4545454545454545,0.030794229689751578,0.24924722317471168
improved,3.5,16,2277,24283,0.38205846844773644,0.8181818181818182,0.0015813295404057083,1.4176373174083896,0.0,0.06048043834275209,0.10519307165231478
original,3.5,17,2277,30103,0.17895673600998716,0.8636363636363636,0.0042354592851730705,1.144940648574705,0.4545454545454545,0.1722046875820574,0.3778328649187038
improved,3.5,17,2277,23188,0.3026989270685494,0.8181818181818182,0.004462085403245158,1.1468204630933212,0.2727272727272727,0.05851696539364521,0.23936995643940095
original,3.5,18,2277,29553,0.2363143032859499,0.8636363636363636,0.0027769292128039173,0.9063891737463067,0.3636363636363636,0.08674746481293626,0.2474686282590451
improved,3.5,18,2277,24928,0.3634690536477565,0.9090909090909091,0.0019608500142970888,1.2912974003161983,0.2727272727272727,0.013294625008352112,0.10383199350950609
original,3.5,19,2277,30663,0.16202641137069732,0.6818181818181818,0.00744875043259098,1.3009530309428707,0.4545454545454545,0.2769144637534169,0.5081447727157797
improved,3.5,19,2277,24182,0.30138182462787905,0.6818181818181818,0.008318289515302741,1.2551897899130544,0.0909090909090909,0.18961940222914908,0.48684465409649386
original,3.5,20,2277,29502,0.25625996536777845,0.9090909090909091,0.003123475927164539,0.8833862546932086,0.4545454545454545,0.031154447729580936,0.2130244082596702
improved,3.5,20,2277,25516,0.3888866380066709,0.8636363636363636,0.001449099699223969,1.0684070511094506,0.3636363636363636,0.03746712250108871,0.0939526184964646
original,3.5,21,2277,29545,0.2350912393424559,0.9545454545454546,0.0018650577001021235,0.786322529346815,0.3636363636363636,0.05043426904872765,0.22429936066245887
improved,3.5,21,2277,25229,0.3571056181705689,0.9090909090909091,0.0024835074608410323,1.1066904778562574,0.3636363636363636,0.032581615762259306,0.08890606631634983
original,3.5,22,2277,30054,0.22492153820821031,0.9090909090909091,0.0036159973259963906,1.2423310725291494,0.4545454545454545,0.06910418963592507,0.313127091828172
improved,3.5,22,2277,21651,0.34645534291750124,0.9090909090909091,0.004852277931243419,1.415877535076692,0.2727272727272727,0.1054552289076634,0.151128523192939
original,3.5,23,2277,29900,0.24595216747280774,0.8636363636363636,0.002168573343980479,0.9075060901539754,0.2727272727272727,0.03856515515681794,0.23770302305855742
improved,3.5,23,2277,24957,0.362100470592369,0.8181818181818182,0.002526591332443777,1.22963956251724,0.2727272727272727,0.02686454304616168,0.10058078684767638
original,3.5,24,2277,29846,0.25941358420226485,0.8181818181818182,0.0018347034858604806,0.9005557528207934,0.4545454545454545,0.008868972999665922,0.2182365397513992
improved,3.5,24,2277,24941,0.38453664036390356,0.8636363636363636,0.0014310182509714839,1.1458526824998982,0.2727272727272727,0.06938666258561238,0.09214096007759484
original,3.5,25,2277,29883,0.19900223712596038,0.8636363636363636,0.001285409522158909,1.3963851211412655,0.5454545454545454,0.004690955899639525,0.28660717795204005
improved,3.5,25,2277,20727,0.33999012306648263,0.8636363636363636,0.0007588525411978257,1.394521288397819,0.2727272727272727,0.2409397398029277,0.062188489956371586
original,3.5,26,2277,30437,0.14771750716827614,0.7727272727272727,0.004625696302487892,1.2020864822851332,0.4545454545454545,0.28144970785705287,0.47511794174648686
improved,3.5,26,2277,23620,0.29647617577497754,0.8181818181818182,0.00782689018599469,1.1298385292004447,0.1818181818181818,0.17344102684034418,0.38998905015418567
original,3.5,27,2277,29610,0.24590970635628256,0.8636363636363636,0.003115794765850717,0.8477532349081076,0.3636363636363636,0.0759546238634926,0.2335962348994098
improved,3.5,27,2277,24995,0.3591036854677443,0.9545454545454546,0.0025889595722552237,1.0544385762466526,0.3636363636363636,0.010247334453842044,0.0920896173889693
original,3.5,28,2277,29616,0.22649761959039255,0.9545454545454546,0.003715007925272665,1.1605532129169251,0.3636363636363636,0.03761517466432882,0.22425259506015802
improved,3.5,28,2277,25523,0.3454821711907768,0.8181818181818182,0.0024566597229387175,1.2345722168807134,0.3636363636363636,0.01646238259764577,0.1040597321531683
original,3.5,29,2277,30252,0.24480724925188957,0.9545454545454546,0.0035670420069671568,1.0201538616077277,0.4545454545454545,0.11197678126231429,0.2534069675142054
improved,3.5,29,2277,24200,0.35920389305865263,0.8636363636363636,0.0033802755800084587,1.3026062003106507,0.2727272727272727,0.040468347842420975,0.10158055315483881
original,3.5,30,2277,29582,0.2311287581381082,0.8636363636363636,0.0011222555902396054,0.8193084806790614,0.4545454545454545,0.037864923936861236,0.25725952887904946
improved,3.5,30,2277,24139,0.3409651368109725,0.9090909090909091,0.002173596156604904,1.3327795687858623,0.3636363636363636,0.05902952253367871,0.09046727408850562
original,3.5,31,2277,29938,0.23857523069850042,0.9545454545454546,0.0013447691026234137,1.147694911465912,0.4545454545454545,0.03634361577529123,0.2477527541296228
improved,3.5,31,2277,23210,0.3666045931087835,0.8181818181818182,0.0008591719625787429,1.240280871691886,0.1818181818181818,0.09635946645109843,0.07394776546361219
original,3.5,32,2277,29949,0.18621058505617558,0.8181818181818182,0.004345689281341212,1.231712728858804,0.5454545454545454,0.11182660339564869,0.3730941591567741
improved,3.5,32,2277,21983,0.3206118535884558,0.8181818181818182,0.004647244324881144,1.5863587183587369,0.2727272727272727,0.05546477733640953,0.2497149290315506
original,3.5,33,2277,29968,0.22642931661429747,0.9090909090909091,0.0030948158590014163,1.0370748351306311,0.4545454545454545,0.1143756198642054,0.2679315615939768
improved,3.5,33,2277,24131,0.34727654370809374,0.9545454545454546,0.0033734963017110447,1.339674790477142,0.3636363636363636,0.015546410733227321,0.10898261618087604
original,3.5,34,2277,29707,0.26520177402131195,0.9090909090909091,0.0015789716852211315,0.7770162344696887,0.3636363636363636,0.018276062918528263,0.21341211510962332
improved,3.5,34,2277,24767,0.3834097625677347,0.9090909090909091,0.0013416954330716304,1.2098410205396406,0.0909090909090909,0.05976268984078839,0.0790206162526336
original,3.5,35,2277,30840,0.22558459457240318,0.9545454545454546,0.003987030443132902,0.9311652602783794,0.3636363636363636,0.2798989811499965,0.40742288358709033
improved,3.5,35,2277,24883,0.32277655727841,0.9090909090909091,0.005152040279795744,1.3074876541262055,0.1818181818181818,0.21134491321815296,0.32403487364125483
original,3.5,36,2277,29858,0.2149543124502408,0.8636363636363636,0.005172000674798338,1.0177269954055028,0.4545454545454545,0.11436562991792512,0.29155831350485795
improved,3.5,36,2277,23993,0.33895309211049174,0.9090909090909091,0.0059029582844469415,1.2056504793768892,0.3636363636363636,0.025847270016002257,0.14187581168063482
original,3.5,37,2277,29652,0.22111279493886024,0.8636363636363636,0.0010302307956133279,1.0615525383362407,0.4545454545454545,0.030471186544342874,0.2586286340285918
improved,3.5,37,2277,22675,0.36675272244870216,0.8181818181818182,0.0008547235472501604,1.1564359346987825,0.0909090909090909,0.19251532139305327,0.0722308462864801
original,3.5,38,2277,29800,0.19363592585427158,0.8181818181818182,0.002483714512006186,0.9260847033862255,0.4545454545454545,0.07033900930389121,0.2772433933107569
improved,3.5,38,2277,23097,0.33864494685851537,0.9090909090909091,0.0019794080916057805,1.287969612459411,0.3636363636363636,0.04630695374584323,0.09446221062476474
original,3.5,39,2277,29662,0.25468621651073287,0.9090909090909091,0.002553103025593374,0.8377295525732276,0.3636363636363636,0.020232146254981813,0.21707370694576744
improved,3.5,39,2277,25506,0.3746447611233277,0.9090909090909091,0.0020824329739627914,1.3072523640140554,0.3636363636363636,0.0353519777857707,0.10114477523972715
original,3.5,40,2277,29684,0.25887001147434774,0.9545454545454546,0.0014921475752477597,0.8741978557063719,0.4545454545454545,0.052911485325393436,0.21658709187988617
improved,3.5,40,2277,25263,0.3826279955175361,0.9545454545454546,0.002471726203107325,1.0573926157356206,0.4545454545454545,0.02411613971626724,0.0816786667981196
original,3.5,41,2277,29585,0.2523924313180259,0.8181818181818182,0.0020173029192535508,0.888927177839561,0.4545454545454545,0.00364725811655141,0.2273246711338131
improved,3.5,41,2277,24479,0.37942501833674597,0.8636363636363636,0.002041004404053365,1.0696613703921638,0.0909090909090909,0.09297454408897532,0.0936582133078377
original,3.5,42,2277,29994,0.23343491130363545,0.9545454545454546,0.004726534770345067,0.9196955655178694,0.4545454545454545,0.1620318599774132,0.29041125709111043
improved,3.5,42,2277,23667,0.3457630770248653,0.8636363636363636,0.004225623436018241,1.162268591839558,0.3636363636363636,0.04715394034733297,0.13484639321156178
original,3.5,43,2277,30085,0.23971698795856664,0.9545454545454546,0.0029263976975124543,0.826282834659665,0.3636363636363636,0.05611839014848004,0.2241376860047961
improved,3.5,43,2277,25132,0.3673939365959561,0.9090909090909091,0.002616856448173099,0.9910815599674851,0.3636363636363636,0.03705544819765213,0.08522788421319069
original,3.5,44,2277,30336,0.19511272636514074,0.8636363636363636,0.001787424270019293,1.0579185639836384,0.4545454545454545,0.20452799634497795,0.37657206815001887
improved,3.5,44,2277,23722,0.2926001602472055,0.8181818181818182,0.0030872731884703146,1.098463774533434,0.1818181818181818,0.1004714579162613,0.24423566862353085
original,3.5,45,2277,29733,0.24442419680451286,0.8181818181818182,0.0020711151389737874,0.9088311958911648,0.4545454545454545,0.07682890903826471,0.24070609717281746
improved,3.5,45,2277,24435,0.3766317244423797,0.8181818181818182,0.0029026951719934263,1.0392921093522283,0.3636363636363636,0.004225969944951391,0.09574115067373422
original,3.5,46,2277,29968,0.2015909429068838,0.9090909090909091,0.0038670240551804155,2.3881765487607596,0.5454545454545454,0.09102988836520587,0.3302157594080485
improved,3.5,46,2277,22445,0.3171611261362535,0.8636363636363636,0.0036204665660736547,1.4231726125136195,0.0909090909090909,0.06681532797697722,0.1580989497982244
original,3.5,47,2277,29509,0.24156538457661922,0.9090909090909091,0.001865076981231021,0.8893533253655168,0.4545454545454545,0.0323305747771233,0.20409654816394174
improved,3.5,47,2277,23216,0.387780154928651,0.8636363636363636,0.0020899574374770367,1.3115180507384112,0.3636363636363636,0.1547027043736394,0.02727155951080931
original,3.5,48,2277,29526,0.2490546521890837,0.9545454545454546,0.0023114840800454004,0.857229269889552,0.4545454545454545,0.0030202389311747343,0.20588078256395861
improved,3.5,48,2277,24947,0.38579011262414425,0.8181818181818182,0.0015745842908109103,1.0953554248146313,0.0,0.07127857383275586,0.08065408266451511
original,3.5,49,2277,29971,0.2472736909623066,0.8636363636363636,0.0017390364703215727,0.8436127235783083,0.3636363636363636,0.03773667900643157,0.22495367479176206
improved,3.5,49,2277,25575,0.3686731557018834,0.8636363636363636,0.0016490107986873838,1.0594477016236856,0.3636363636363636,0.03170120449192165,0.10038137640728395
