dataset,eps,intra_ratio,inter_ratio,nmi,evc_overlap,evc_MAE,deg_kl,diam_rel,cc_rel,mod_rel,syn_edges
Chamelon,0.5,0.1,0.1,0.2179850005148613,0.11818181818181817,0.037950133062791123,4.26027163896364,0.10909090909090909,0.1602078367107488,0.15959708723131444,6386.8
Chamelon,0.5,0.1,0.2,0.19796294910799356,0.13636363636363638,0.05151426236362543,4.461457825365734,0.1818181818181818,0.15181394301597867,0.17624443208171103,5730.2
Chamelon,0.5,0.1,0.3,0.19665133280100353,0.11818181818181817,0.03610328649376121,4.1569851160689835,0.2909090909090909,0.15400779869897777,0.15480636857425303,6171.6
Chamelon,0.5,0.1,0.4,0.18917652522894823,0.23636363636363633,0.045067268552432774,4.049885667605505,0.03636363636363636,0.16918349324792095,0.14402369713678115,6268.0
Chamelon,0.5,0.1,0.5,0.18959302381004853,0.16363636363636364,0.04261579853444788,3.8626876789063616,0.19999999999999998,0.19979843651001775,0.137655601325368,6773.0
Chamelon,0.5,0.1,0.6,0.18216928942754027,0.18181818181818182,0.041549025402712804,4.204231534798829,0.01818181818181818,0.15851452920835082,0.1817635901280348,6250.6
Chamelon,0.5,0.1,0.7,0.18715938418875805,0.2545454545454545,0.050142255848916274,4.277409867112445,0.2909090909090909,0.14372449540876592,0.14649130465417123,5922.6
Chamelon,0.5,0.1,0.8,0.18232294272050562,0.21818181818181817,0.054802579181162436,4.431520076211514,0.16363636363636364,0.1358806694450104,0.17882952266957,5732.8
Chamelon,0.5,0.1,0.9,0.1811547627580999,0.14545454545454545,0.04448732129856185,4.422874962478769,0.14545454545454545,0.13239063907972928,0.17566766018176783,5933.4
Chamelon,0.5,0.1,1.0,0.19247262027541767,0.2,0.04578839730544858,3.977058932976072,0.12727272727272726,0.11590619644680207,0.16005649808573383,6490.0
Chamelon,0.5,0.2,0.1,0.1633439344793807,0.15454545454545454,0.046677773887713894,4.154481692453624,0.10909090909090909,0.20535272782724645,0.2028648395515325,6387.8
Chamelon,0.5,0.2,0.2,0.15126378598756893,0.05454545454545454,0.05076765789247804,4.243836719651881,0.19999999999999998,0.2569913316018594,0.2006024892744871,6081.2
Chamelon,0.5,0.2,0.3,0.15460386129244905,0.10909090909090909,0.0529758342306481,4.365769700967064,0.309090909090909,0.22766240978438312,0.21020060395709933,5721.4
Chamelon,0.5,0.2,0.4,0.15620023065517605,0.18181818181818182,0.032203119330991195,3.9136668426503443,0.2545454545454545,0.1676122230044807,0.18722876254213006,6860.2
Chamelon,0.5,0.2,0.5,0.15344025958880947,0.3181818181818182,0.049476993291950835,4.107988136318046,0.12727272727272726,0.20822520573286893,0.19592824797511324,6471.8
Chamelon,0.5,0.2,0.6,0.14933914052248848,0.15454545454545454,0.0517499366756913,4.362940214970736,0.2909090909090909,0.28022123103231983,0.19660918963577934,6260.6
Chamelon,0.5,0.2,0.7,0.15361274390260465,0.11818181818181817,0.047987829833362826,4.313018675644211,0.3272727272727272,0.24398352576182786,0.1973778597907512,6304.8
Chamelon,0.5,0.2,0.8,0.1395948552162644,0.22727272727272724,0.049582364531296434,4.241445986831136,0.6181818181818182,0.23845870379197157,0.18655653533425437,6076.4
Chamelon,0.5,0.2,0.9,0.14919049000601148,0.19090909090909092,0.04665621175309394,4.252569909489229,0.23636363636363633,0.24647543647383613,0.18793462673932887,6277.4
Chamelon,0.5,0.2,1.0,0.13912208955819902,0.12727272727272726,0.052419842462141,4.279533532849642,0.32727272727272727,0.2212072507382738,0.20866740087699717,5993.8
Chamelon,0.5,0.3,0.1,0.11794857769054146,0.18181818181818182,0.053401866132749456,4.235840593099306,0.2545454545454545,0.29578794551298226,0.21830672864105125,5982.2
Chamelon,0.5,0.3,0.2,0.13162454273743307,0.17272727272727273,0.046604146474151086,3.7234630193285883,0.07272727272727272,0.3111724180382565,0.15774571394409737,7078.4
Chamelon,0.5,0.3,0.3,0.12036583096398842,0.13636363636363635,0.052573631741306026,4.563516669631828,0.2909090909090909,0.33646952161223304,0.21326718576692208,5898.0
Chamelon,0.5,0.3,0.4,0.1272832693789164,0.2,0.04793529178515215,4.382920832259921,0.21818181818181817,0.3492491672194994,0.19057326883192185,6279.8
Chamelon,0.5,0.3,0.5,0.11995276114475631,0.2727272727272727,0.04599571875297894,4.164411941366265,0.3454545454545454,0.2813198021654747,0.19343560709104887,6243.8
Chamelon,0.5,0.3,0.6,0.11868072303683871,0.18181818181818182,0.054153972694052234,4.339921963402844,0.2909090909090909,0.34761211456277874,0.19834359712094035,6149.4
Chamelon,0.5,0.3,0.7,0.12403812611056597,0.21818181818181817,0.04994132035372809,4.134738739897408,0.3636363636363636,0.329867451622171,0.1874189309680776,6169.8
Chamelon,0.5,0.3,0.8,0.12247555597557243,0.28181818181818186,0.046745296106779535,3.9197649227788154,0.2909090909090909,0.2501458423586436,0.16094238531909866,6573.2
Chamelon,0.5,0.3,0.9,0.11958174805834967,0.22727272727272724,0.05300143889722895,4.437952149100335,0.49090909090909085,0.3096753930541464,0.21670656151920392,5941.0
Chamelon,0.5,0.3,1.0,0.11514898822336854,0.10909090909090909,0.05557570592547796,4.213946001696834,0.18181818181818182,0.29268613358603063,0.20789993899312229,6157.4
Chamelon,0.5,0.4,0.1,0.11223641014017287,0.18181818181818182,0.04836723224160012,4.335334626772415,0.47272727272727266,0.37034792490988594,0.22476865343672392,6078.4
Chamelon,0.5,0.4,0.2,0.10136303943266531,0.21818181818181817,0.052380321886006366,4.481281275732701,0.19999999999999998,0.38094827369401413,0.2053782898080198,5801.0
Chamelon,0.5,0.4,0.3,0.10395852028354298,0.15454545454545454,0.04576219511987193,4.257193545542352,0.12727272727272726,0.3989881439827881,0.21239064602838784,6146.6
Chamelon,0.5,0.4,0.4,0.10287359690917955,0.1,0.060503784459607225,4.598469653917364,0.3818181818181817,0.4505795554042608,0.2298712859325999,5499.6
Chamelon,0.5,0.4,0.5,0.10239803936720719,0.22727272727272724,0.04610326213841859,4.305281998318614,0.19999999999999998,0.3866237384641213,0.19807890032866857,6131.4
Chamelon,0.5,0.4,0.6,0.10646150383935842,0.21818181818181817,0.048088367997949744,4.230733722181705,0.2545454545454545,0.31611384627244693,0.17431024211959661,6730.4
Chamelon,0.5,0.4,0.7,0.10391689511306335,0.1181818181818182,0.048248862948483774,4.4053625259069396,0.5272727272727271,0.420695471698347,0.20245422800380236,5799.6
Chamelon,0.5,0.4,0.8,0.11018710658761677,0.16363636363636364,0.047441965504864556,4.524682714844171,0.49090909090909085,0.43213575698063644,0.2109044661531029,5820.8
Chamelon,0.5,0.4,0.9,0.1037170707820462,0.22727272727272724,0.054461095591033404,4.359652521953956,0.2727272727272727,0.3753910322542441,0.20560985409967514,6074.6
Chamelon,0.5,0.4,1.0,0.10968993923125067,0.2272727272727273,0.04929210292787063,4.2857229126959355,0.6545454545454544,0.31466920184297,0.2004855378722858,5994.6
Chamelon,0.5,0.5,0.1,0.10317894564569341,0.23636363636363633,0.04957294222664886,4.507633911110561,0.19999999999999998,0.4380206005996087,0.2082691666607533,5766.8
Chamelon,0.5,0.5,0.2,0.09715485185857883,0.17272727272727273,0.05118941586030089,4.59769580587882,0.4545454545454545,0.45938547159711096,0.21437481112971662,5668.2
Chamelon,0.5,0.5,0.3,0.09465083456033323,0.1181818181818182,0.050080908018488635,4.544636333412653,0.41818181818181815,0.47854867628209474,0.22992732524508072,5691.2
Chamelon,0.5,0.5,0.4,0.09052363097164921,0.18181818181818182,0.05470553102941188,4.646971251188584,0.3818181818181817,0.46746472318748433,0.23730978389944477,5518.8
Chamelon,0.5,0.5,0.5,0.09888402063635839,0.15454545454545454,0.04652942341564327,4.160174509291888,0.21818181818181817,0.41880884976974375,0.19365939899109572,6372.8
Chamelon,0.5,0.5,0.6,0.09987531588557833,0.17272727272727273,0.05352122506153904,4.586056142500249,0.6727272727272726,0.3795382916668544,0.19817211553098055,5554.4
Chamelon,0.5,0.5,0.7,0.09779649738376225,0.1181818181818182,0.0493874800728575,4.058639719749632,0.3636363636363636,0.4041323748566291,0.20195086839418508,6543.2
Chamelon,0.5,0.5,0.8,0.09349966530493872,0.16363636363636364,0.0516441127370032,4.2662498509856785,0.2727272727272727,0.42289025771148125,0.22025935317847534,6042.4
Chamelon,0.5,0.5,0.9,0.09439511745349018,0.17272727272727273,0.05500558202352279,4.497899618975476,0.3454545454545454,0.4874068597687792,0.2217092471617351,5976.4
Chamelon,0.5,0.5,1.0,0.10169840550021883,0.13636363636363638,0.05510728638151481,4.548888954349097,0.5272727272727271,0.4476320337045919,0.2106494947392504,5263.6
Chamelon,1,0.1,0.1,0.2558203828578448,0.5272727272727272,0.006227669129534042,2.2455162650385403,0.07272727272727272,0.2907860109005095,0.11428907667273284,13169.4
Chamelon,1,0.1,0.2,0.22287585702765433,0.6454545454545454,0.006267604498555955,2.2043024520580623,0.10909090909090909,0.2379040919247853,0.22258027982440504,12707.6
Chamelon,1,0.1,0.3,0.205304054897908,0.5454545454545455,0.011768318138668351,2.720677697164072,0.10909090909090909,0.2108423082298458,0.17727727831606693,11342.0
Chamelon,1,0.1,0.4,0.22933558659008207,0.5909090909090909,0.00296905964169465,2.045977943586306,0.16363636363636364,0.1471524258313449,0.28319785916333495,15864.4
Chamelon,1,0.1,0.5,0.19627026315631899,0.7181818181818181,0.0026350268660476355,2.193214844925217,0.23636363636363633,0.13188226529589883,0.3156343378545854,14619.6
Chamelon,1,0.1,0.6,0.1991080915172956,0.5909090909090909,0.005378114548756387,2.285488464061192,0.07272727272727272,0.18901696442258042,0.22892150793593852,13102.6
Chamelon,1,0.1,0.7,0.20212944265877825,0.509090909090909,0.002185823034854587,1.934198708605488,0.1818181818181818,0.12332943275546293,0.21594386997668616,15888.2
Chamelon,1,0.1,0.8,0.2022469836118547,0.5909090909090909,0.0032882369897241103,1.9902442200334662,0.07272727272727272,0.06986918253290661,0.3306052006717737,16246.2
Chamelon,1,0.1,0.9,0.19633819126736776,0.6181818181818182,0.0049101319573827944,2.233988288117681,0.14545454545454545,0.1412831374197811,0.3204440053479817,14036.0
Chamelon,1,0.1,1.0,0.1908249988385954,0.6909090909090909,0.005380108576105105,2.268316624824041,0.16363636363636364,0.22055378864747857,0.2255775949330916,13655.6
Chamelon,1,0.2,0.1,0.2315263875011972,0.6818181818181819,0.0067353528265019875,2.433911599110508,0.12727272727272726,0.28496237530773877,0.17051993608405375,13840.4
Chamelon,1,0.2,0.2,0.1915182480038357,0.7090909090909091,0.00963444733670504,2.4737001169153214,0.23636363636363633,0.1184776578916582,0.20273758045791088,12347.4
Chamelon,1,0.2,0.3,0.19632061956442198,0.6272727272727272,0.00488037969481628,2.3346714803748947,0.3636363636363636,0.37984101256122893,0.14380590134556615,12931.2
Chamelon,1,0.2,0.4,0.20558341499344576,0.6272727272727273,0.004885928797010726,2.0102835550438716,0.16363636363636364,0.2262682489573368,0.18862718411074567,15680.8
Chamelon,1,0.2,0.5,0.19394327871196756,0.6090909090909091,0.010721245458856492,2.57481602209769,0.23636363636363633,0.10850501389217422,0.17356641054612792,13893.6
Chamelon,1,0.2,0.6,0.19620346147068568,0.7,0.0026111116098075974,2.285045005130006,0.32727272727272727,0.18105964686330142,0.29601823814250183,15400.8
Chamelon,1,0.2,0.7,0.18533849602809394,0.6363636363636364,0.004080005237977816,2.3191075355267614,0.2545454545454545,0.25562177419104687,0.17695123966172982,14151.4
Chamelon,1,0.2,0.8,0.1980820933208122,0.6363636363636364,0.005165011930180941,2.010364583674854,0.23636363636363633,0.21242914700413448,0.15490814057958446,15533.0
Chamelon,1,0.2,0.9,0.1797489406045014,0.6,0.009693396117566193,2.6433745928721897,0.3636363636363636,0.2795768028649121,0.12767859036975612,12440.6
Chamelon,1,0.2,1.0,0.1828151387276377,0.4454545454545455,0.004230126316532591,2.3419559816794,0.43636363636363634,0.20301791164689242,0.18566349712625935,13883.2
Chamelon,1,0.3,0.1,0.21085245751338744,0.6909090909090909,0.0036236842636263493,2.1761995575830584,0.3454545454545454,0.27572072173977646,0.22893534327623116,14434.6
Chamelon,1,0.3,0.2,0.19823925609986937,0.7272727272727273,0.004963647378001025,1.9186526050935289,0.3818181818181817,0.2544488792639281,0.22254850878026597,15644.8
Chamelon,1,0.3,0.3,0.18016634084934027,0.4454545454545455,0.005638313485862716,2.508566672199325,0.32727272727272727,0.3241983068087394,0.1445398636070569,13312.8
Chamelon,1,0.3,0.4,0.17527607953842056,0.7181818181818181,0.0030116443977742297,2.086733182034178,0.32727272727272727,0.31071685510065683,0.2638011825231438,14460.8
Chamelon,1,0.3,0.5,0.16373034008605808,0.6909090909090909,0.0034287351054572064,2.367793307565953,0.3636363636363636,0.299776772890347,0.28971202997730516,14788.6
Chamelon,1,0.3,0.6,0.16946556280819847,0.6454545454545454,0.003046632384069645,2.5998807495938614,0.2909090909090909,0.3146554386798354,0.16895520988150042,12796.2
Chamelon,1,0.3,0.7,0.19377352013619517,0.7090909090909091,0.004270231468663754,1.9055304074091879,0.43636363636363634,0.2803643012895778,0.21626138744801401,16323.8
Chamelon,1,0.3,0.8,0.16009080678969118,0.5818181818181818,0.006099174542455046,2.5033194830047734,0.2909090909090909,0.2764292474035587,0.17987176334993535,12658.8
Chamelon,1,0.3,0.9,0.16982012516126987,0.5727272727272726,0.009584962151655052,2.429474154124426,0.43636363636363634,0.3153981573501393,0.08803297545524065,12051.8
Chamelon,1,0.3,1.0,0.17026059160944346,0.6909090909090909,0.0078179752073968,2.208569004135218,0.4545454545454545,0.2961271966054793,0.18544638720641426,14011.4
Chamelon,1,0.4,0.1,0.18655308497672202,0.5272727272727272,0.004305295750524588,2.174162217654254,0.5999999999999999,0.279040590495706,0.13623106109852423,13859.0
Chamelon,1,0.4,0.2,0.16875051156422932,0.509090909090909,0.0065661906165928475,2.3147065207844904,0.43636363636363634,0.3193075781030531,0.20057214431769443,13225.2
Chamelon,1,0.4,0.3,0.19130838330984465,0.7272727272727273,0.002643516360927077,2.0749229257651596,0.4545454545454545,0.38935241476565263,0.15930016629726051,15219.6
Chamelon,1,0.4,0.4,0.1807549955978668,0.7545454545454545,0.002015403797425442,2.0399260428291344,0.43636363636363634,0.3709433800869711,0.19113340846400056,15302.6
Chamelon,1,0.4,0.5,0.1733688187065801,0.6181818181818182,0.003533698975379457,2.400223841780769,0.509090909090909,0.24472983900554227,0.26991682146546364,13939.6
Chamelon,1,0.4,0.6,0.17448056015624644,0.6636363636363637,0.012371383718027935,2.331873332578696,0.3636363636363636,0.367354269737452,0.18604527004902138,14542.4
Chamelon,1,0.4,0.7,0.1767353606114216,0.5818181818181818,0.0078040954549762846,2.256220977842186,0.47272727272727266,0.28954952588268884,0.1413299243956278,14499.6
Chamelon,1,0.4,0.8,0.16457470953695713,0.7545454545454545,0.007417842724739616,1.9819221142214865,0.49090909090909085,0.08926710337960414,0.3180434586275396,15890.0
Chamelon,1,0.4,0.9,0.17230104596975054,0.7,0.002509759729645047,2.218585125953953,0.5272727272727272,0.358301608528008,0.22121419792440672,15771.0
Chamelon,1,0.4,1.0,0.16889095602293014,0.5363636363636364,0.008292748997367552,2.161806655006837,0.43636363636363634,0.21551779559771295,0.2008449419204469,14797.2
Chamelon,1,0.5,0.1,0.16523740334622958,0.6545454545454545,0.014747783168489698,2.939517682908303,0.6363636363636364,0.525716330732855,0.1309561100171347,12498.4
Chamelon,1,0.5,0.2,0.17447439660703304,0.6909090909090908,0.001802516580004079,2.312667926457301,0.5454545454545454,0.4266845365186108,0.11087651982773442,13904.4
Chamelon,1,0.5,0.3,0.16895782009564975,0.6636363636363637,0.01062449462925484,2.475940260771543,0.709090909090909,0.29288651172405233,0.20789251033204964,13050.4
Chamelon,1,0.5,0.4,0.18205908602283433,0.7090909090909091,0.0036412111681406664,2.104181315048814,0.818181818181818,0.44069660524924287,0.21375760186503237,15084.8
Chamelon,1,0.5,0.5,0.1647327526090561,0.6090909090909091,0.011900455564688902,2.5725442218280765,0.5272727272727271,0.32740953615979607,0.14252686243738474,13415.4
Chamelon,1,0.5,0.6,0.17259178770113737,0.5454545454545455,0.005452156989876754,2.2003206907488853,0.3636363636363636,0.2716038399988963,0.14399896454093017,14963.6
Chamelon,1,0.5,0.7,0.1726476717429562,0.7272727272727273,0.004103026509529785,2.140026423785629,0.6363636363636362,0.3346973136571819,0.2084685779877197,15379.0
Chamelon,1,0.5,0.8,0.16849949180011167,0.7,0.007723958599652856,2.191892029938776,0.5999999999999999,0.2901276200375872,0.18397084939076325,15380.2
Chamelon,1,0.5,0.9,0.17140879090430564,0.6727272727272727,0.005362683176424449,2.4539617055291645,0.5818181818181818,0.2932995709862597,0.33399364496557593,15613.8
Chamelon,1,0.5,1.0,0.16139785603844822,0.7454545454545454,0.0019980999576832805,2.403574035565829,0.6363636363636364,0.395693405740024,0.23483427163433604,14009.6
Chamelon,1.5,0.1,0.1,0.29752044825533547,0.8545454545454545,0.0013054927075001833,1.5586594057487013,0.1818181818181818,0.22529731714095966,0.14491319119439874,19570.8
Chamelon,1.5,0.1,0.2,0.25371860145368197,0.8545454545454545,0.0018585960926959973,1.6462271810260394,0.05454545454545454,0.13979790099033168,0.28804675425398757,18378.4
Chamelon,1.5,0.1,0.3,0.2637297344411048,0.8454545454545455,0.0015910054433439674,1.5075695315125437,0.18181818181818182,0.17914609951979438,0.21992539374320613,19199.4
Chamelon,1.5,0.1,0.4,0.2678788592533142,0.809090909090909,0.0018590340633800177,1.4123281561932879,0.19999999999999998,0.09232511884942717,0.2116555305304088,20955.8
Chamelon,1.5,0.1,0.5,0.2477357474067138,0.8636363636363636,0.0029487730446112227,1.6118959325275863,0.10909090909090909,0.09105103022362734,0.26539213393740396,20480.2
Chamelon,1.5,0.1,0.6,0.254000456767452,0.8454545454545455,0.003913443139192746,1.4410972958024615,0.14545454545454545,0.05998932606925802,0.2858335169944691,21579.6
Chamelon,1.5,0.1,0.7,0.23705662348224163,0.8181818181818181,0.003899021498466198,1.524094463311254,0.16363636363636364,0.09031035099404308,0.2952203227941528,20407.2
Chamelon,1.5,0.1,0.8,0.23865978470775645,0.8,0.005651327029557102,1.6054729996475696,0.19999999999999998,0.11689706725512972,0.26560036679591437,20286.8
Chamelon,1.5,0.1,0.9,0.2243403615935376,0.7909090909090909,0.00537973147370605,1.4828004186325427,0.16363636363636364,0.10140365055991978,0.3626036196980167,21115.2
Chamelon,1.5,0.1,1.0,0.21172396198483173,0.7272727272727273,0.007454743761935624,1.6151115675141494,0.2727272727272727,0.08494900940819332,0.32813345198403987,19927.4
Chamelon,1.5,0.2,0.1,0.26104076864355846,0.7818181818181819,0.0014357306005080203,1.4564143548944475,0.19999999999999996,0.23342797203692478,0.1723686771816772,19353.6
Chamelon,1.5,0.2,0.2,0.26446787943350925,0.8454545454545455,0.0011213432696728603,1.6142744151088326,0.1636363636363636,0.11692159170385814,0.20270955573414798,19876.2
Chamelon,1.5,0.2,0.3,0.24246911972415072,0.8181818181818181,0.0015444398105640485,1.4351693923917577,0.2909090909090909,0.12351877191474528,0.23332602454372,20259.4
Chamelon,1.5,0.2,0.4,0.22007727211774922,0.7909090909090909,0.0024544305910601306,1.6192488048508753,0.16363636363636364,0.1284243605515119,0.30175708021801195,19202.2
Chamelon,1.5,0.2,0.5,0.21390995224280926,0.7,0.0031458830749549207,1.6426614468551464,0.23636363636363633,0.1104663382244219,0.2578164089947011,19416.8
Chamelon,1.5,0.2,0.6,0.22163930943939275,0.8454545454545455,0.002641809479447323,1.6696982203981912,0.3818181818181817,0.12322033137668328,0.2658760708368846,20066.2
Chamelon,1.5,0.2,0.7,0.2294552100346782,0.8272727272727274,0.004896342412315529,1.6210019956470916,0.39999999999999997,0.13272483173892463,0.28093583666534344,19926.2
Chamelon,1.5,0.2,0.8,0.21623079865338965,0.8,0.005546869631058032,1.5516018411491974,0.2545454545454545,0.08906200272455995,0.3275939798371062,21686.0
Chamelon,1.5,0.2,0.9,0.2370948910346558,0.8181818181818181,0.0054683845085329134,1.5232781995918194,0.16363636363636364,0.03230287272520441,0.29319453231062215,21876.0
Chamelon,1.5,0.2,1.0,0.2257906455682462,0.7454545454545454,0.007089361774809157,1.526757091662756,0.19999999999999998,0.09720318005457024,0.2381169449121366,20712.4
Chamelon,1.5,0.3,0.1,0.266592326982317,0.809090909090909,0.0016766383680601171,1.5308807479021023,0.43636363636363634,0.2801655232933472,0.1210634742634018,19572.8
Chamelon,1.5,0.3,0.2,0.24162248182554652,0.6272727272727272,0.00427095478610698,1.625066229698928,0.3818181818181817,0.09032014216346931,0.22836506447914195,19485.2
Chamelon,1.5,0.3,0.3,0.23287252185491564,0.7909090909090909,0.003022195779279057,1.6803656409068686,0.43636363636363634,0.24526523723707153,0.20533464854769598,18864.2
Chamelon,1.5,0.3,0.4,0.23456619715731764,0.8272727272727274,0.0026539088660352942,1.932612310458088,0.3818181818181818,0.19372123243021616,0.23892302141910965,19043.8
Chamelon,1.5,0.3,0.5,0.22847881745527907,0.7727272727272727,0.002901293159185132,1.4995316349820909,0.3636363636363636,0.16087355001843875,0.2185146928176772,20105.0
Chamelon,1.5,0.3,0.6,0.23096314406793067,0.8181818181818181,0.004511856816769791,1.5919582855190726,0.2727272727272727,0.1373100515963967,0.23836361689118313,21060.4
Chamelon,1.5,0.3,0.7,0.23287574103139752,0.7,0.006136755263283817,1.5907447239096804,0.23636363636363633,0.1360222551346712,0.23971329322693,21355.4
Chamelon,1.5,0.3,0.8,0.20229122388845028,0.8,0.006145460987755652,1.6990651977329716,0.309090909090909,0.11234846959134034,0.3347976345075864,20574.4
Chamelon,1.5,0.3,0.9,0.24135887340129925,0.8,0.00527546504111417,1.565474354823182,0.07272727272727272,0.07179564608256811,0.22424603595499476,22014.4
Chamelon,1.5,0.3,1.0,0.2170694445948418,0.7909090909090909,0.005563444716959945,1.8657992097561493,0.2909090909090909,0.10033934840893696,0.2592814926892707,20857.2
Chamelon,1.5,0.4,0.1,0.23858118332212594,0.7818181818181819,0.002680000758112976,1.4075714738802778,0.3636363636363636,0.16549491510366549,0.20418300683841392,20462.0
Chamelon,1.5,0.4,0.2,0.24203717656308302,0.8181818181818181,0.0019114592296091998,1.4454078330491429,0.5999999999999999,0.2722944193813786,0.1314843679923488,19861.6
Chamelon,1.5,0.4,0.3,0.2318550442568072,0.8272727272727274,0.001900624491593169,1.6641243498622706,0.49090909090909085,0.18652278284843304,0.1886622050406506,20403.0
Chamelon,1.5,0.4,0.4,0.23058087879819755,0.8,0.0027628856917376217,1.5499986919552051,0.3818181818181817,0.21203746317742836,0.21941722796072716,20663.6
Chamelon,1.5,0.4,0.5,0.2324416876961073,0.8181818181818181,0.003343148198770118,1.4540853580364068,0.39999999999999997,0.1666090649235449,0.2205669880315909,21379.4
Chamelon,1.5,0.4,0.6,0.22665073448813366,0.8090909090909092,0.004196771791029241,1.6016841464743714,0.3454545454545454,0.1338432854068904,0.2278691234882094,21352.6
Chamelon,1.5,0.4,0.7,0.23067828516562283,0.8545454545454545,0.004728012889959586,1.632444194606986,0.32727272727272727,0.13683095690260988,0.27479504954091205,21794.6
Chamelon,1.5,0.4,0.8,0.20984317708200767,0.8272727272727274,0.004368899468940203,1.481216362060818,0.5454545454545454,0.1266468983538524,0.27285778473789035,20634.2
Chamelon,1.5,0.4,0.9,0.22383152613106297,0.8636363636363636,0.005754456543233119,1.3573585724388941,0.3454545454545454,0.06128695436946648,0.318035277862028,22280.8
Chamelon,1.5,0.4,1.0,0.22693865350892817,0.8,0.004968713895219446,1.6789297397934195,0.2545454545454545,0.15426176479970174,0.1994498191687739,20963.8
Chamelon,1.5,0.5,0.1,0.23870008466593878,0.8363636363636363,0.0037368859265558265,1.5723272813646338,0.32727272727272727,0.2586513688817572,0.17728726025549604,20606.2
Chamelon,1.5,0.5,0.2,0.23305748606265236,0.8363636363636363,0.0019719462440950315,1.4996126989503915,0.43636363636363634,0.10460447469464487,0.2505098517737634,21880.2
Chamelon,1.5,0.5,0.3,0.22415729387816546,0.8454545454545455,0.0025670344626503266,1.5353191910690742,0.41818181818181815,0.17656025965743014,0.2209094849342553,21073.4
Chamelon,1.5,0.5,0.4,0.22459778171711062,0.8636363636363636,0.0022892119967690963,1.455759941648691,0.49090909090909085,0.1527376619671052,0.2169668994011819,21192.8
Chamelon,1.5,0.5,0.5,0.23376905158224903,0.7727272727272727,0.0033293904506401044,1.3355651271183673,0.4545454545454545,0.18253770137140193,0.19163078488749682,21536.6
Chamelon,1.5,0.5,0.6,0.22465700465298824,0.7818181818181819,0.0046447428582428105,1.5082068208819648,0.5818181818181818,0.19469586945047263,0.18446189683966036,21276.4
Chamelon,1.5,0.5,0.7,0.2160572649111671,0.8090909090909092,0.004950304524364005,1.5503734184474047,0.3636363636363636,0.15798292507914544,0.2132092959847715,21632.8
Chamelon,1.5,0.5,0.8,0.2065602095993094,0.8545454545454545,0.005191762338808335,1.606122774883491,0.3818181818181818,0.17474167106967503,0.24860841534981293,21413.0
Chamelon,1.5,0.5,0.9,0.21599783408980233,0.8,0.004588705947330159,1.5217595093871297,0.32727272727272727,0.18108560353748487,0.1970785268781307,20883.2
Chamelon,1.5,0.5,1.0,0.20975701489398269,0.8636363636363636,0.004534837102042266,1.7561525639737319,0.5454545454545453,0.14294816955256634,0.2699328509155082,21113.8
Chamelon,2,0.1,0.1,0.31731449545991325,0.8909090909090909,0.0017559164503747505,1.3662330179623636,0.2545454545454545,0.10740176467165378,0.13407528384229175,22222.4
Chamelon,2,0.1,0.2,0.29165095197711854,0.8363636363636363,0.0014741280195742607,1.338458948306584,0.19999999999999998,0.128980620522464,0.20173604673030815,21775.8
Chamelon,2,0.1,0.3,0.28850413765708627,0.8545454545454545,0.001593623627677916,1.3167834074100042,0.19999999999999998,0.037087107572903295,0.27799239988115926,23177.8
Chamelon,2,0.1,0.4,0.2966866836599616,0.8818181818181818,0.0012996246314977429,1.2633172344480248,0.27272727272727265,0.07372682714117931,0.23243666743380514,24405.8
Chamelon,2,0.1,0.5,0.26716943065263205,0.8090909090909092,0.004780656438673779,1.3411711731514933,0.1818181818181818,0.11584387301628105,0.33258000873081606,24158.6
Chamelon,2,0.1,0.6,0.275115704756288,0.890909090909091,0.0046039812202907536,1.310753704898909,0.2727272727272727,0.1083130070876829,0.30908358835279665,24446.2
Chamelon,2,0.1,0.7,0.2684168064921085,0.809090909090909,0.005078397041062472,1.279225341021772,0.309090909090909,0.1555701184625108,0.33095833248487916,25160.4
Chamelon,2,0.1,0.8,0.2656888335997582,0.8636363636363636,0.0068362955935981195,1.3999907112435488,0.2545454545454545,0.07293463126360925,0.27368520247493083,23774.0
Chamelon,2,0.1,0.9,0.2658382626615444,0.9,0.0057669824766444205,1.5263281440286427,0.16363636363636364,0.05236468803087267,0.28255374489235335,24106.4
Chamelon,2,0.1,1.0,0.3002279411711216,0.8545454545454545,0.008962185131760614,1.3293545006707292,0.3818181818181817,0.12768229726379146,0.2897658174401938,26769.4
Chamelon,2,0.2,0.1,0.2831849999519204,0.7818181818181819,0.003785095766787533,1.4615904841052512,0.309090909090909,0.10156417075382054,0.253249511037508,22360.4
Chamelon,2,0.2,0.2,0.28892567199781044,0.8636363636363636,0.0013046078039926966,1.306272455190904,0.4181818181818181,0.12846827941138217,0.136947906990929,22483.0
Chamelon,2,0.2,0.3,0.3015541468489271,0.8636363636363636,0.0013277522213598933,1.2998009344261228,0.2909090909090909,0.08429488839259631,0.1512707388703138,23420.8
Chamelon,2,0.2,0.4,0.27442738332262184,0.8545454545454545,0.0019478510569588777,1.3868806220279288,0.21818181818181817,0.06016579193280759,0.2651430098057996,23589.2
Chamelon,2,0.2,0.5,0.2555207799370806,0.909090909090909,0.0020603066492494966,1.2253762102912649,0.12727272727272726,0.0442684872469751,0.24796579239824754,23055.4
Chamelon,2,0.2,0.6,0.27514753751295434,0.8636363636363636,0.003935400467998311,1.3542509055197516,0.2909090909090909,0.07255781460993185,0.2477360364542963,24506.0
Chamelon,2,0.2,0.7,0.2471942698989599,0.8818181818181818,0.00449007082946741,1.4222938797178344,0.1818181818181818,0.12851321816946287,0.34901028016013813,23522.6
Chamelon,2,0.2,0.8,0.27604127918717564,0.8545454545454545,0.006064982327833861,1.5474581632359155,0.309090909090909,0.09273552211898026,0.2971946187249362,25305.8
Chamelon,2,0.2,0.9,0.2769669823449552,0.8363636363636363,0.006992972649780974,1.2672070870473386,0.27272727272727265,0.07529555680535423,0.27899431972313377,25436.8
Chamelon,2,0.2,1.0,0.2690043409893424,0.8363636363636363,0.006652004917592176,1.3553321146857398,0.23636363636363633,0.09318191469390798,0.29768855547524303,25236.4
Chamelon,2,0.3,0.1,0.30397092344247073,0.890909090909091,0.0012690666915531653,1.2755451698118974,0.41818181818181815,0.10337454600616261,0.13738612112209764,23466.6
Chamelon,2,0.3,0.2,0.29147573415876554,0.8454545454545455,0.002718923276233658,1.3282858867813665,0.47272727272727266,0.042109381912867505,0.24692592588101805,24268.8
Chamelon,2,0.3,0.3,0.26823532146207507,0.8727272727272727,0.0025612803108275156,1.300809835195457,0.27272727272727265,0.07098025578002543,0.2064461244418244,22570.2
Chamelon,2,0.3,0.4,0.27502152714687716,0.8818181818181818,0.0022684731646143525,1.2843518056568768,0.3636363636363636,0.05998193712804593,0.24215350047832498,24478.8
Chamelon,2,0.3,0.5,0.23642576024193454,0.8818181818181818,0.0038446299189946035,1.4170639458956071,0.3454545454545454,0.06127764025968102,0.2918161561650353,22752.0
Chamelon,2,0.3,0.6,0.28911621604573073,0.890909090909091,0.0039891896111868335,1.4244082658438093,0.5272727272727271,0.03289359568572882,0.23333588326682309,25417.2
Chamelon,2,0.3,0.7,0.26160907524174404,0.8818181818181818,0.004835872732235243,1.409234458048518,0.32727272727272727,0.051426552411156644,0.23817730305093363,24384.4
Chamelon,2,0.3,0.8,0.2474539588052632,0.8454545454545455,0.005910021933535485,1.3382762776413026,0.32727272727272727,0.08167936536553715,0.2933874863006003,24388.6
Chamelon,2,0.3,0.9,0.26596736112627445,0.8818181818181818,0.005755321886690884,1.356038371889328,0.309090909090909,0.07880466114538738,0.2544299758659638,25732.2
Chamelon,2,0.3,1.0,0.2379418175538918,0.8818181818181818,0.005603185317517198,1.413172489196112,0.2727272727272727,0.12494746525556322,0.27847527996436156,23374.2
Chamelon,2,0.4,0.1,0.275717442636702,0.8454545454545455,0.0013393291871016417,1.2443649829501926,0.2909090909090909,0.1747738035094491,0.1356333787085942,22469.0
Chamelon,2,0.4,0.2,0.2801505461639149,0.8,0.0014447733882616905,1.2793925658573009,0.32727272727272727,0.07125207663284652,0.20033183705476545,24540.0
Chamelon,2,0.4,0.3,0.26155399234234133,0.8818181818181818,0.0022939946391978224,1.5307224649668743,0.309090909090909,0.11367663350640667,0.20851042322872573,22382.4
Chamelon,2,0.4,0.4,0.26324058478820267,0.890909090909091,0.0017551060973977895,1.4770350102792724,0.5272727272727271,0.07831437963453503,0.1957821209264496,23969.2
Chamelon,2,0.4,0.5,0.23776354220574994,0.8272727272727274,0.003061498717659736,1.4145607632204455,0.3999999999999999,0.07278242829160661,0.2461960254491095,23805.4
Chamelon,2,0.4,0.6,0.26486843585201847,0.8727272727272727,0.003895777831168181,1.2927310230433782,0.309090909090909,0.07182520440500192,0.23698251535258902,24763.4
Chamelon,2,0.4,0.7,0.26009577010020507,0.8454545454545455,0.004282052679891372,1.4811359611826933,0.2727272727272727,0.12656696110113308,0.16824400740314752,22601.2
Chamelon,2,0.4,0.8,0.2720485802365533,0.8454545454545455,0.005765634282435806,1.2748856529323513,0.3454545454545454,0.088603725159442,0.23402206361004213,25585.6
Chamelon,2,0.4,0.9,0.23015158511219985,0.890909090909091,0.005189986861226033,1.4216202118405588,0.41818181818181815,0.10795273531741037,0.261201126084164,23270.8
Chamelon,2,0.4,1.0,0.25401370086392083,0.8818181818181818,0.005976860213273932,1.5798882768423497,0.41818181818181815,0.0838686614107246,0.24133381236824109,24502.6
Chamelon,2,0.5,0.1,0.2645700920868654,0.8272727272727274,0.0027585954158647987,1.3079226326669464,0.7818181818181816,0.10689167350582189,0.23157038082149167,23244.6
Chamelon,2,0.5,0.2,0.27234087890592296,0.8181818181818181,0.0017047465849784151,1.2769814989168242,0.3818181818181817,0.16315004043429754,0.13869818708901918,23892.6
Chamelon,2,0.5,0.3,0.25813833943212394,0.8454545454545455,0.0016243197159678529,1.3787482896642624,0.6727272727272726,0.13479217489392276,0.18202147335278535,23271.6
Chamelon,2,0.5,0.4,0.25433513385665485,0.8181818181818181,0.0025196358960646826,1.5386231765754368,0.4545454545454545,0.0855610463182845,0.17898858985940014,23760.6
Chamelon,2,0.5,0.5,0.2661589480483162,0.8727272727272727,0.0030284933067251684,1.3474575331193699,0.41818181818181815,0.023388912613236383,0.2227175345216419,25207.6
Chamelon,2,0.5,0.6,0.27732281228994055,0.8636363636363636,0.0037683260827116073,1.3244874815565635,0.43636363636363634,0.07358684733808796,0.1914425561870058,24923.0
Chamelon,2,0.5,0.7,0.20972680504804653,0.8181818181818181,0.004574296246080104,1.3899920807500092,0.6363636363636362,0.0740943646114764,0.3188794429415723,24037.2
Chamelon,2,0.5,0.8,0.24265796506447818,0.8363636363636363,0.004478834286163295,1.3332520309796316,0.3454545454545454,0.060665705239993685,0.22233919395091192,24348.0
Chamelon,2,0.5,0.9,0.2625513920132058,0.8636363636363636,0.005745417874843693,1.3987489828024111,0.43636363636363634,0.04596641734916392,0.23563586803579267,25879.8
Chamelon,2,0.5,1.0,0.23520552150768412,0.8636363636363636,0.005503327359532971,1.4665092936713982,0.8909090909090907,0.08238733157301487,0.32786813026850636,25358.6
Chamelon,2.5,0.1,0.1,0.31307278500455166,0.8272727272727274,0.0013894661030310446,1.2130254871867492,0.23636363636363633,0.14021213482751,0.12537426270861074,22645.8
Chamelon,2.5,0.1,0.2,0.31329259829609707,0.8363636363636363,0.003318152073385023,1.1998597628739938,0.2727272727272727,0.08858963391655475,0.24746560116242336,24659.6
Chamelon,2.5,0.1,0.3,0.3081498950549725,0.890909090909091,0.001153821626529178,1.1172950325535147,0.2545454545454545,0.048640317850207046,0.18420508939125782,23874.2
Chamelon,2.5,0.1,0.4,0.290950305402654,0.8545454545454545,0.0020841111884674127,1.2905775136218918,0.12727272727272726,0.08410429724681637,0.2179788254197957,24005.6
Chamelon,2.5,0.1,0.5,0.26567719455370903,0.8272727272727274,0.0025249718007095577,1.3473501321641956,0.309090909090909,0.09198238539881959,0.2643149340062655,24361.6
Chamelon,2.5,0.1,0.6,0.270994338262856,0.9181818181818182,0.0021159328768815934,1.2929955189021167,0.2909090909090909,0.10506773116692876,0.2979354357691016,24640.4
Chamelon,2.5,0.1,0.7,0.266585484670608,0.8272727272727274,0.0050609702668472,1.3141113223945682,0.27272727272727265,0.11491278030169864,0.32559862542345386,25193.6
Chamelon,2.5,0.1,0.8,0.27666757021126415,0.8545454545454545,0.004145509603394772,1.2751757169642377,0.1818181818181818,0.10828179555160429,0.30773378559409786,25412.6
Chamelon,2.5,0.1,0.9,0.264316459443177,0.9,0.005467110017609562,1.414114550889532,0.2545454545454545,0.14926991965562808,0.31285976926080983,25735.0
Chamelon,2.5,0.1,1.0,0.27721364715055635,0.8727272727272727,0.00602242698465661,1.2711309604030478,0.3636363636363636,0.13267714860486185,0.2778379604330419,25635.6
Chamelon,2.5,0.2,0.1,0.2922759140197285,0.7727272727272727,0.002052015399844011,1.3762669437795032,0.309090909090909,0.10462934267042727,0.13611168516041633,22826.6
Chamelon,2.5,0.2,0.2,0.2862017625868604,0.8909090909090909,0.0016044542427549875,1.283997027330463,0.3454545454545454,0.08628585355183385,0.1784658916711971,23080.6
Chamelon,2.5,0.2,0.3,0.3165731290270651,0.8727272727272727,0.001053564816512093,1.2816446303373037,0.4181818181818181,0.08418743813292245,0.14729243421997493,24511.0
Chamelon,2.5,0.2,0.4,0.2982543985403282,0.8636363636363636,0.0016513697283273877,1.198039421651298,0.2909090909090909,0.04554084912584305,0.18744170662594578,24607.6
Chamelon,2.5,0.2,0.5,0.2595110726056025,0.8181818181818181,0.004628628842705594,1.236401492599787,0.32727272727272727,0.1443183867079589,0.3594562581632177,25567.6
Chamelon,2.5,0.2,0.6,0.26632541718610864,0.8727272727272727,0.0021863827700153078,1.2472460827724023,0.19999999999999998,0.11234200855285044,0.2796617397293127,25068.4
Chamelon,2.5,0.2,0.7,0.28993711275482975,0.8454545454545455,0.003561029623710395,1.3118914578294079,0.1818181818181818,0.05003276167917956,0.23434274564524013,25691.8
Chamelon,2.5,0.2,0.8,0.282810504363182,0.890909090909091,0.003673347534235344,1.2869208987356437,0.2727272727272727,0.10313183776305838,0.23549760256168248,25326.0
Chamelon,2.5,0.2,0.9,0.2712942745235297,0.8636363636363636,0.0057550632296301555,1.4699601659834074,0.2909090909090909,0.1261514231739415,0.3026315429169296,25957.2
Chamelon,2.5,0.2,1.0,0.25797096743780545,0.8363636363636363,0.005461545395747535,1.289960632803976,0.23636363636363633,0.16319349167252956,0.3354706276650047,26088.0
Chamelon,2.5,0.3,0.1,0.2943787543645729,0.890909090909091,0.0015050915930286575,1.251268081902817,0.2909090909090909,0.11676633206000582,0.13489404926013324,23753.8
Chamelon,2.5,0.3,0.2,0.3056842861688577,0.8454545454545455,0.0013124776278330874,1.383286393153361,0.47272727272727266,0.07863734721373625,0.13945337453540227,24164.8
Chamelon,2.5,0.3,0.3,0.2936198083942962,0.8636363636363636,0.0013685583313032869,1.2126818360964537,0.27272727272727265,0.06414413412738794,0.15406120259780787,24681.0
Chamelon,2.5,0.3,0.4,0.27526871119629853,0.890909090909091,0.0015855850183464377,1.2323935101451196,0.47272727272727266,0.06622609512047242,0.19279047930697382,24196.8
Chamelon,2.5,0.3,0.5,0.2926930561168034,0.8181818181818181,0.004070304671910635,1.2639985987348896,0.32727272727272727,0.07544650418680114,0.25303118192135854,25990.2
Chamelon,2.5,0.3,0.6,0.2408164630081969,0.7818181818181819,0.004183752508417344,1.4483943337579934,0.7999999999999999,0.08277177559930655,0.3157152374812681,24352.2
Chamelon,2.5,0.3,0.7,0.24580845353028796,0.8454545454545455,0.004060235622743721,1.3951289910152147,0.4545454545454545,0.08527142521750504,0.3104634395772793,24724.4
Chamelon,2.5,0.3,0.8,0.2669534250339149,0.8818181818181818,0.006142859447502411,1.2640194015680748,0.509090909090909,0.06504149627056703,0.27905834837740423,25302.8
Chamelon,2.5,0.3,0.9,0.30576958348824346,0.8545454545454545,0.004819064774615245,1.1625159877146547,0.41818181818181815,0.10885891081030326,0.24232263410299698,27288.0
Chamelon,2.5,0.3,1.0,0.248967200664642,0.8181818181818181,0.006075050836009482,1.3465135689241874,0.21818181818181817,0.15280070053698253,0.3561041136773998,25737.2
Chamelon,2.5,0.4,0.1,0.2930423999716294,0.9090909090909092,0.001193357515115668,1.2416102716489574,0.41818181818181815,0.06198294055980345,0.14433274801422485,24902.8
Chamelon,2.5,0.4,0.2,0.2640343912437596,0.8272727272727274,0.0025562245703587166,1.2682567733333603,0.27272727272727265,0.08576237087933364,0.24666136460335686,23713.4
Chamelon,2.5,0.4,0.3,0.25338528459991666,0.8181818181818181,0.0024224328665892548,1.276495598203746,0.49090909090909085,0.06489830420721195,0.2714867938273425,24083.6
Chamelon,2.5,0.4,0.4,0.25842777612097334,0.8818181818181818,0.002088980416628362,1.1564142142362566,0.21818181818181817,0.09401289647097669,0.1851084933745398,24190.6
Chamelon,2.5,0.4,0.5,0.30952169998918533,0.9090909090909092,0.002140970292753721,1.0895045804489247,0.3818181818181817,0.05562848162075725,0.186744118650033,26940.8
Chamelon,2.5,0.4,0.6,0.27854526648015926,0.8727272727272727,0.0028109232691558876,1.2562195204743944,0.23636363636363633,0.06826010736460113,0.2298345092731547,25774.4
Chamelon,2.5,0.4,0.7,0.27003399000581957,0.8181818181818181,0.004117849690300912,1.3668491767216198,0.21818181818181817,0.06770570765258935,0.2703570932656714,25445.8
Chamelon,2.5,0.4,0.8,0.287747315583899,0.890909090909091,0.005829204626317376,1.2446670274969647,0.4545454545454545,0.07329375503261971,0.21563763540358316,26948.4
Chamelon,2.5,0.4,0.9,0.2637898234927053,0.8636363636363636,0.004074868215367407,1.4337043748262697,0.6727272727272726,0.09663170529945102,0.26465971558318496,26356.2
Chamelon,2.5,0.4,1.0,0.2533139043439342,0.8181818181818181,0.00606121065965055,1.3462780228326658,0.43636363636363634,0.08913933519866399,0.2776745662106216,25750.8
Chamelon,2.5,0.5,0.1,0.2857547512134411,0.8727272727272727,0.0014417600695899992,1.2243193887452226,0.43636363636363634,0.11555136861056166,0.12746408534232206,24170.6
Chamelon,2.5,0.5,0.2,0.255586645696771,0.8545454545454545,0.0019142874945499585,1.208839596088361,0.709090909090909,0.09315865690572536,0.20749157305715987,23231.2
Chamelon,2.5,0.5,0.3,0.2736307708192121,0.8545454545454545,0.0018289338001776859,1.2219110944716143,0.5818181818181818,0.03536925803222866,0.19353484660532713,24555.4
Chamelon,2.5,0.5,0.4,0.2859650884011961,0.8909090909090909,0.0015369064112274115,1.1822235799501981,0.5454545454545454,0.06844866405906799,0.1740347657385139,25736.6
Chamelon,2.5,0.5,0.5,0.2644262555652382,0.8818181818181818,0.0029973160933360883,1.3078584796176518,0.3454545454545454,0.05779591693202901,0.1877504237368275,25005.2
Chamelon,2.5,0.5,0.6,0.2661148846164699,0.8090909090909092,0.004635996201695454,1.3123889094627803,0.8545454545454543,0.07590133936509466,0.25183535611391117,25709.4
Chamelon,2.5,0.5,0.7,0.25292656630416194,0.8636363636363636,0.003627753425070193,1.3306001272102148,0.5272727272727271,0.08157148620960747,0.20816583747231018,25181.2
Chamelon,2.5,0.5,0.8,0.29507037792682744,0.8636363636363636,0.004893985978233559,1.2463584028036376,0.5818181818181818,0.04957409045172699,0.20471069622274546,26917.4
Chamelon,2.5,0.5,0.9,0.2481649647699795,0.8636363636363636,0.005989515569383026,1.3069130941896614,0.4545454545454545,0.1392229658077886,0.315448486924928,26360.2
Chamelon,2.5,0.5,1.0,0.2530455310204972,0.8727272727272727,0.005026383229338259,1.370026462588679,0.6545454545454544,0.09206751963970068,0.23957306082293686,25412.2
Chamelon,3,0.1,0.1,0.32699050356660936,0.9,0.002340125204802539,1.2168005910946735,0.32727272727272727,0.041881006506107855,0.1338006603629022,24320.0
Chamelon,3,0.1,0.2,0.3203467578628113,0.9,0.001972667392945128,1.1850932753902677,0.309090909090909,0.01727716925000164,0.16383159715736947,24460.6
Chamelon,3,0.1,0.3,0.2988566521933228,0.890909090909091,0.0027829055638894525,1.1405687898952594,0.2545454545454545,0.10200951568977974,0.269014778121512,25217.2
Chamelon,3,0.1,0.4,0.3182762711382194,0.8909090909090909,0.0016288096636366983,1.3014038076153542,0.2909090909090909,0.06013969937675821,0.2032179358217252,25452.8
Chamelon,3,0.1,0.5,0.2957380826291986,0.8545454545454545,0.0014194811641989498,1.092789337353732,0.23636363636363633,0.13953441197293276,0.28448634572299486,25993.2
Chamelon,3,0.1,0.6,0.2864462818675608,0.8363636363636363,0.003864825980118919,1.2432442608891847,0.309090909090909,0.14646450494180735,0.29949741996403884,25775.4
Chamelon,3,0.1,0.7,0.31913833596804475,0.8545454545454545,0.003114631356999703,1.1698389873033441,0.2909090909090909,0.1031424648856315,0.223975676684866,26586.0
Chamelon,3,0.1,0.8,0.3066634816863462,0.9,0.0031720987490667096,1.1633084513852008,0.3454545454545454,0.17108307704786302,0.2719310440216012,27036.8
Chamelon,3,0.1,0.9,0.28250923496197666,0.9,0.004455890447773481,1.2899713223028475,0.2909090909090909,0.14840148893106833,0.31167814106491243,26388.0
Chamelon,3,0.1,1.0,0.2972834553393082,0.8454545454545455,0.006544587102793273,1.2140468925523287,0.3636363636363636,0.1757723947308504,0.32496344928244814,27377.6
Chamelon,3,0.2,0.1,0.31086499890173946,0.890909090909091,0.0020770577621847036,1.1608710018489417,0.309090909090909,0.07175477269887723,0.17349687433635863,24112.2
Chamelon,3,0.2,0.2,0.2942302066639657,0.8545454545454545,0.0020930487156391032,1.172920309406519,0.3454545454545454,0.11547722526438317,0.1609945479063219,24110.8
Chamelon,3,0.2,0.3,0.3302129662216916,0.8727272727272727,0.001259219882401396,1.0483495489078258,0.3636363636363636,0.026103402410967404,0.13942265868504236,26071.6
Chamelon,3,0.2,0.4,0.3086559526470749,0.8818181818181818,0.0018106961201789441,1.1214013070494386,0.3454545454545454,0.057089173251871496,0.1829573856566124,25807.2
Chamelon,3,0.2,0.5,0.2989282338835031,0.8454545454545455,0.0018224724972309664,1.1311347609935303,0.43636363636363634,0.08962865430738429,0.20408014381223621,25924.6
Chamelon,3,0.2,0.6,0.2962235012075202,0.8545454545454545,0.0030634111111143116,1.2163354089324716,0.3454545454545454,0.10117638502043616,0.23392210607366506,26378.8
Chamelon,3,0.2,0.7,0.3057002712731255,0.8909090909090909,0.0027231142101819534,1.1097351009263239,0.21818181818181817,0.10526982450027775,0.23233875528521866,26930.0
Chamelon,3,0.2,0.8,0.2821479804038433,0.8818181818181818,0.003911055756779955,1.149126324369007,0.3454545454545454,0.11654781703575082,0.26938681510553797,25972.6
Chamelon,3,0.2,0.9,0.3156396086879716,0.909090909090909,0.005014930285995337,1.243880049862302,0.2909090909090909,0.13230665199544117,0.24475447526328406,27670.4
Chamelon,3,0.2,1.0,0.2961964217882086,0.9,0.005454905353285475,1.3704385369742067,0.3454545454545454,0.14583569755911047,0.26491760411697024,26976.2
Chamelon,3,0.3,0.1,0.3325890985486434,0.890909090909091,0.0015371243953193694,1.1703108593664693,0.39999999999999997,0.052650299658487124,0.09130322261704452,25335.8
Chamelon,3,0.3,0.2,0.3089836923070055,0.8636363636363636,0.0013612310066144298,1.174978070666831,0.2909090909090909,0.07157674150609741,0.12004305419421726,24671.8
Chamelon,3,0.3,0.3,0.31004632094210743,0.8272727272727274,0.002586033828032859,1.1088215888706818,0.19999999999999998,0.0699954386541669,0.21089531862553734,25938.6
Chamelon,3,0.3,0.4,0.2843769393979779,0.9181818181818182,0.001451151598414115,1.1034703860688762,0.27272727272727265,0.05710899781044733,0.20154306355232315,25732.4
Chamelon,3,0.3,0.5,0.3135445460705238,0.8636363636363636,0.002147257665189124,1.2403532759442915,0.5999999999999999,0.04184190610121578,0.17970793990651854,26320.6
Chamelon,3,0.3,0.6,0.2787746318702965,0.8454545454545455,0.003944713651951468,1.3019453145855047,0.47272727272727266,0.10890907147541265,0.2602459737931538,26182.0
Chamelon,3,0.3,0.7,0.2898877733540657,0.9181818181818182,0.0038499690190114074,1.2682017439162476,0.4545454545454545,0.09945987924781932,0.2260737909047333,26608.2
Chamelon,3,0.3,0.8,0.301921734748961,0.9272727272727274,0.004357559360665669,1.304872246970324,0.3454545454545454,0.12769194593084826,0.24104092452542983,27175.6
Chamelon,3,0.3,0.9,0.2822023586018362,0.9090909090909092,0.0047363209985515015,1.1843848614605512,0.5454545454545453,0.15254244134924203,0.2874063403766206,27118.8
Chamelon,3,0.3,1.0,0.28754018186144703,0.8545454545454545,0.005629613264732903,1.3214947100888916,0.3636363636363636,0.13328773993667992,0.24291841405049358,26935.4
Chamelon,3,0.4,0.1,0.32440351807968415,0.8636363636363636,0.0014076755241100077,1.2058608478985717,0.6545454545454545,0.09935965584888175,0.08757195854793529,25106.6
Chamelon,3,0.4,0.2,0.3090161491302756,0.8454545454545455,0.0011952240497858637,1.1538463252136177,0.32727272727272727,0.08033677590518541,0.10067125780131045,25323.8
Chamelon,3,0.4,0.3,0.297334393783461,0.8545454545454545,0.0017425679663660419,1.1710000985869833,0.3454545454545454,0.05775367786808072,0.17729892883995216,26059.8
Chamelon,3,0.4,0.4,0.3282184145159349,0.8818181818181818,0.002448375114805806,1.2061809215320347,0.49090909090909085,0.0597718661295112,0.19192117077634868,26824.0
Chamelon,3,0.4,0.5,0.2850810888359913,0.8818181818181818,0.002108920651642339,1.1575837908256923,0.5999999999999999,0.08490117013613831,0.23783533676433716,26845.6
Chamelon,3,0.4,0.6,0.29386927064643276,0.9,0.0026243672330584725,1.17510141116098,0.309090909090909,0.06928452296692583,0.18549898687453656,26331.2
Chamelon,3,0.4,0.7,0.3221088931213693,0.8818181818181818,0.00370412789390634,1.0906268079519184,0.3636363636363636,0.10518703875950126,0.18388433838902235,27502.2
Chamelon,3,0.4,0.8,0.2743876854571988,0.8818181818181818,0.0038695778982582064,1.1051212784299191,0.3636363636363636,0.12594916057592612,0.26761013078502244,26875.0
Chamelon,3,0.4,0.9,0.28919385015336047,0.8727272727272727,0.005456638780953332,1.2337450063529318,0.6363636363636362,0.16428738788824362,0.29133554727072275,27516.8
Chamelon,3,0.4,1.0,0.30124901624584144,0.9090909090909092,0.0041347569242211,1.169349284059113,0.3454545454545454,0.10684195806756655,0.2453347787258821,27595.0
Chamelon,3,0.5,0.1,0.3062538506074745,0.8909090909090909,0.0016386857078352635,1.2437342408101375,0.7272727272727272,0.10419327971686707,0.13224822267304676,25029.0
Chamelon,3,0.5,0.2,0.27844989195614167,0.8727272727272727,0.002924094249876564,1.2796016559562318,0.5636363636363635,0.12056059419213087,0.18207413224085758,25528.8
Chamelon,3,0.5,0.3,0.27938526222262594,0.7818181818181819,0.005320589088194215,1.122561637911367,0.309090909090909,0.1035717432798237,0.2847716225431248,26577.2
Chamelon,3,0.5,0.4,0.3043533567424026,0.9090909090909092,0.0019041538234453744,1.0858284103352875,0.509090909090909,0.07788744028040469,0.17587807179808085,26231.8
Chamelon,3,0.5,0.5,0.2826460077292142,0.909090909090909,0.0024326155065928523,1.109075323963927,0.2909090909090909,0.07240843691342295,0.18600455411616532,26465.4
Chamelon,3,0.5,0.6,0.29567571693832734,0.9272727272727274,0.0022245477034569345,1.2510549990052584,0.49090909090909085,0.06308041652038807,0.19013442648974027,27157.6
Chamelon,3,0.5,0.7,0.30513005958233463,0.8818181818181818,0.003765020006940411,1.2325233986846975,0.5818181818181818,0.0766890612594318,0.2004580996924183,27623.8
Chamelon,3,0.5,0.8,0.2595161373394018,0.8909090909090909,0.003863245162813744,1.345103371853386,0.5818181818181818,0.14056995020219765,0.26543512520208434,26965.8
Chamelon,3,0.5,0.9,0.3082836473530143,0.8909090909090909,0.004244669511797504,1.1354049541832292,0.5636363636363635,0.08975794159747466,0.20826882173299963,28503.2
Chamelon,3,0.5,1.0,0.2767478171653305,0.8454545454545455,0.0045416201568548925,1.2434985278136856,0.5999999999999999,0.09820449653965427,0.24128990664206412,27064.8
Chamelon,3.5,0.1,0.1,0.31658626022456166,0.8545454545454545,0.0028168887650619804,1.281232737594848,0.2545454545454545,0.08113340955673798,0.22075009843155852,24395.4
Chamelon,3.5,0.1,0.2,0.32391248573050513,0.8454545454545455,0.0013490675426871559,1.2233546303189318,0.21818181818181817,0.03847007428199029,0.13045566866103184,24461.6
Chamelon,3.5,0.1,0.3,0.3417526335339268,0.890909090909091,0.0017757805946351727,1.0783469570334254,0.23636363636363633,0.022579224076773742,0.12723921762588758,25918.6
Chamelon,3.5,0.1,0.4,0.2827553483626588,0.8545454545454545,0.0017851841909643164,1.1828009576730438,0.19999999999999998,0.10028628955156257,0.2375751828057897,24373.8
Chamelon,3.5,0.1,0.5,0.3392212098924287,0.9363636363636363,0.0016410568750489796,1.0708701910070273,0.3636363636363636,0.09275267121479483,0.1958655335221496,26700.2
Chamelon,3.5,0.1,0.6,0.3154897108037082,0.8636363636363636,0.0029071506673949443,1.2183650192972988,0.2909090909090909,0.12067941777305335,0.2347298693473742,26374.2
Chamelon,3.5,0.1,0.7,0.2996812522968435,0.8818181818181818,0.0025049165008260645,1.1850005956132204,0.2727272727272727,0.11449248670949333,0.2540760325550909,26449.4
Chamelon,3.5,0.1,0.8,0.27160260213501963,0.8181818181818181,0.004925255362895356,1.1764754557179566,0.2727272727272727,0.20287652941569667,0.36177021443650986,26677.2
Chamelon,3.5,0.1,0.9,0.2402677790137065,0.7818181818181819,0.0075293942438299415,1.3065263357813146,0.2545454545454545,0.21535219254289975,0.40924140675333404,26353.0
Chamelon,3.5,0.1,1.0,0.2890235385658468,0.9181818181818182,0.003981911657971049,1.3127832008255644,0.21818181818181817,0.1435891733745937,0.2887378342626392,26498.6
Chamelon,3.5,0.2,0.1,0.3328286563654491,0.909090909090909,0.001842414972892209,1.1460187934347223,0.43636363636363634,0.07884391092792051,0.13667781134492946,24986.6
Chamelon,3.5,0.2,0.2,0.3044402055546853,0.8818181818181818,0.0022484798936657537,1.1326094969895295,0.23636363636363633,0.08361408438764202,0.15582046248232317,24583.4
Chamelon,3.5,0.2,0.3,0.30842214045338434,0.8636363636363636,0.0016332682286290695,1.1296160133316708,0.1818181818181818,0.05573212922420758,0.1876580948933062,25684.8
Chamelon,3.5,0.2,0.4,0.30333795185733947,0.890909090909091,0.0013038406002591298,1.1906734147727687,0.2727272727272727,0.061832009555000386,0.17634065478672828,25388.2
Chamelon,3.5,0.2,0.5,0.27852113421561336,0.8636363636363636,0.0030657020552400573,1.1571768927198594,0.1636363636363636,0.12317340109221472,0.2784867333186572,26388.2
Chamelon,3.5,0.2,0.6,0.299533851737976,0.9090909090909092,0.002759680821711319,1.1063249575940521,0.309090909090909,0.0870011873201008,0.22065199517280307,26369.8
Chamelon,3.5,0.2,0.7,0.2910085626747788,0.8,0.0049774376744526365,1.3226713793610942,0.2727272727272727,0.12437055103184211,0.22621182661055017,26591.2
Chamelon,3.5,0.2,0.8,0.2991530777606658,0.8545454545454545,0.004192175130861786,1.291471258757454,0.27272727272727265,0.1435372546013697,0.28451234414523335,27083.2
Chamelon,3.5,0.2,0.9,0.292593490724098,0.8636363636363636,0.004128113129253446,1.2256963263181673,0.2545454545454545,0.15957629926008154,0.269404863964403,27160.8
Chamelon,3.5,0.2,1.0,0.2918600514249102,0.9,0.005483167111438565,1.3172041164241175,0.3636363636363636,0.1502896043548438,0.2665170845358833,27338.8
Chamelon,3.5,0.3,0.1,0.3184862574655795,0.8454545454545455,0.0026840105517823036,1.0901454601921294,0.3999999999999999,0.06615117738179747,0.17580894375997919,25172.8
Chamelon,3.5,0.3,0.2,0.3029294508787288,0.8545454545454545,0.002534155240309647,1.1416666226124275,0.43636363636363634,0.11309727003378736,0.1744320677429238,25117.2
Chamelon,3.5,0.3,0.3,0.2947482656326018,0.8727272727272727,0.0015381981618289209,1.1706329195856855,0.3454545454545454,0.0835159606873909,0.20172661200952854,25825.8
Chamelon,3.5,0.3,0.4,0.2918682639744522,0.8636363636363636,0.0014809540859329537,1.1279407375317105,0.5818181818181818,0.07894706620634226,0.18965586540510498,25582.6
Chamelon,3.5,0.3,0.5,0.2611186736450259,0.9,0.0018954995720697066,1.228532474175648,0.309090909090909,0.12919876931839408,0.27202657472362396,25691.6
Chamelon,3.5,0.3,0.6,0.2827941282305363,0.8545454545454545,0.0020179930770361865,1.2373129331112303,0.32727272727272727,0.07928787975625211,0.22802793766265653,25744.2
Chamelon,3.5,0.3,0.7,0.3260609099686841,0.8818181818181818,0.0024603527309413308,1.1685032163847042,0.27272727272727265,0.0736792077941438,0.18063763373761987,27208.2
Chamelon,3.5,0.3,0.8,0.3138579948498789,0.8636363636363636,0.004030306323106336,1.0818007620569274,0.3636363636363636,0.14611988209992874,0.24320109239065016,27890.8
Chamelon,3.5,0.3,0.9,0.2926579724543852,0.8818181818181818,0.004077981562655756,1.3001994920336533,0.41818181818181815,0.15263950772251744,0.24070808145242237,27544.8
Chamelon,3.5,0.3,1.0,0.25743848882902753,0.8363636363636363,0.007624403244442785,1.217498274195885,0.3272727272727272,0.2342870490771638,0.37494312783919453,27487.4
Chamelon,3.5,0.4,0.1,0.29533490471163026,0.8909090909090909,0.0019010510572209146,1.159571029221898,0.39999999999999997,0.03303031637386869,0.14367137876830674,25072.8
Chamelon,3.5,0.4,0.2,0.27810117482232083,0.8636363636363636,0.003321676576468815,1.1769546193547633,0.6545454545454545,0.09881731563070936,0.23866223286164462,25305.6
Chamelon,3.5,0.4,0.3,0.27763674510083997,0.9090909090909092,0.0018233922509587757,1.1550810474502469,0.3818181818181817,0.07493659910726692,0.21184560035721614,25760.2
Chamelon,3.5,0.4,0.4,0.3262488782266927,0.8909090909090909,0.0012595097372550608,1.0375478802013274,0.3818181818181817,0.05837081239772472,0.13626270473335272,26991.6
Chamelon,3.5,0.4,0.5,0.2976307506015282,0.8727272727272727,0.002683303740119815,1.1881817129647694,0.3636363636363636,0.057599654759938904,0.1903557289107511,26656.6
Chamelon,3.5,0.4,0.6,0.3084565136100306,0.9,0.0028698094406784487,1.0276187503308296,0.5999999999999999,0.06350842640434014,0.19726859515838333,27220.8
Chamelon,3.5,0.4,0.7,0.3129511364244875,0.9,0.0024619728968801134,1.1147135269712425,0.39999999999999997,0.10603100939032858,0.19069035836843812,27788.0
Chamelon,3.5,0.4,0.8,0.282524399879723,0.8818181818181818,0.004676114916242505,1.3969745980295978,0.3818181818181817,0.1073157236290336,0.21835256069340248,26751.0
Chamelon,3.5,0.4,0.9,0.2870170582732504,0.8363636363636363,0.005871542682089841,1.2943008282569388,0.23636363636363633,0.16646584128843248,0.29919120723546655,28035.8
Chamelon,3.5,0.4,1.0,0.31809324575695663,0.9,0.004316452502385655,1.1305892152549821,0.32727272727272727,0.14374550956298315,0.2238625604462463,28630.8
Chamelon,3.5,0.5,0.1,0.3340927979299151,0.9,0.00126017546788753,1.1462142989350788,0.309090909090909,0.06913868251913227,0.09006451351325565,26084.2
Chamelon,3.5,0.5,0.2,0.2942844393110397,0.8454545454545455,0.001982798610100528,1.0649687883122776,0.5272727272727271,0.056598983223216215,0.1685559748917258,25750.8
Chamelon,3.5,0.5,0.3,0.3003749676497356,0.8454545454545455,0.0013397314907387305,1.0800424950817564,0.32727272727272727,0.06723256884449542,0.16096857263925787,26144.2
Chamelon,3.5,0.5,0.4,0.30736463541154063,0.8636363636363636,0.001548917154861051,1.1986002155514845,0.47272727272727266,0.051818129887754284,0.14457902561458874,26319.6
Chamelon,3.5,0.5,0.5,0.3101138783581244,0.8818181818181818,0.0017215554406909584,1.2379266057658087,0.5999999999999999,0.03547933353725575,0.1485825665863993,26892.2
Chamelon,3.5,0.5,0.6,0.31363292874826065,0.8818181818181818,0.0024495898656871047,1.1369234769461944,0.41818181818181815,0.048412618736788246,0.16715662503404277,27837.8
Chamelon,3.5,0.5,0.7,0.2943843332555388,0.8818181818181818,0.002927196442261557,1.3081432316527115,0.509090909090909,0.09639446961441261,0.1778468702556363,26903.2
Chamelon,3.5,0.5,0.8,0.2954645810351837,0.8727272727272727,0.00344386440167013,1.2968065724216928,0.3818181818181817,0.10658925663886976,0.20607908392953136,27216.0
Chamelon,3.5,0.5,0.9,0.29771317710610906,0.890909090909091,0.004359581624041898,1.1705618702847715,0.3454545454545454,0.12069184118736768,0.24241064986239258,28275.4
Chamelon,3.5,0.5,1.0,0.2888353246307373,0.8818181818181818,0.005273176644036199,1.2437175459799654,0.3272727272727272,0.10252858503589331,0.227055941316815,27838.8
Facebook,0.5,0.1,0.1,0.21000503244990024,0.21000000000000002,0.03807782616364115,5.4892056468568,0.4999999999999999,0.5634901712394652,0.039399064720051905,13961.8
Facebook,0.5,0.1,0.2,0.20636712985704167,0.18,0.03624248047643641,5.622909324898696,0.6249999999999998,0.5700975663414477,0.04248174524115913,14462.4
Facebook,0.5,0.1,0.3,0.2111377289988837,0.22999999999999998,0.030891937484903924,4.708904167141077,0.4999999999999999,0.5488098821575692,0.04397872858588768,16995.6
Facebook,0.5,0.1,0.4,0.20280591401204848,0.11499999999999999,0.0403953148742335,5.996936841350717,0.6749999999999998,0.5896962328191145,0.02989728444787414,13811.2
Facebook,0.5,0.1,0.5,0.20834333310700998,0.24000000000000005,0.030808050570181933,5.062069442569636,0.5249999999999999,0.5288408934023007,0.06378201184288189,16517.8
Facebook,0.5,0.1,0.6,0.20874237799645784,0.175,0.04039847689320201,5.548937167977903,0.575,0.6029630594002027,0.024206694969519008,14809.8
Facebook,0.5,0.1,0.7,0.20941334146308238,0.225,0.032625146295667665,4.938059692602138,0.575,0.5297616834162799,0.03380057594486014,16157.0
Facebook,0.5,0.1,0.8,0.20248646725150715,0.22999999999999998,0.04159031043561872,5.3337532723008305,0.6499999999999999,0.5368951413924078,0.02969615757009601,14033.8
Facebook,0.5,0.1,0.9,0.20523096716961797,0.19,0.03927587786752781,5.297007120854088,0.4999999999999999,0.5858747279438992,0.039351066154414006,15485.4
Facebook,0.5,0.1,1.0,0.2105582241577678,0.26,0.03794169753901535,5.060261016663137,0.7249999999999999,0.5691843851895346,0.022556604461811396,15115.8
Facebook,0.5,0.2,0.1,0.1611422696630716,0.185,0.03449067735235002,5.176591301484183,1.0499999999999998,0.5887901569972757,0.042805865780706914,14839.6
Facebook,0.5,0.2,0.2,0.15718009697691335,0.305,0.035585195402894496,4.909501735020501,0.8999999999999998,0.48083823678116183,0.05113934209199074,14896.6
Facebook,0.5,0.2,0.3,0.16061913229364683,0.16999999999999998,0.03709095788517863,6.100974821088254,0.9249999999999998,0.6801754073974657,0.02983037253781664,13243.8
Facebook,0.5,0.2,0.4,0.15514460910232541,0.23000000000000004,0.04273249888912794,6.129694760019469,1.1499999999999997,0.666946531612201,0.039932763535208846,13420.4
Facebook,0.5,0.2,0.5,0.16636892934801817,0.2,0.035676041219305794,5.335244913031159,0.8499999999999999,0.6401119338457689,0.01937025689921314,15830.8
Facebook,0.5,0.2,0.6,0.15859408467200534,0.23000000000000004,0.032721768625036105,5.158695188775811,0.9249999999999998,0.5432939447408902,0.062289454367617035,16526.2
Facebook,0.5,0.2,0.7,0.16273103091046864,0.32999999999999996,0.029462351088623127,4.672267675167546,0.7999999999999998,0.4959604176338617,0.10651797385947552,17903.0
Facebook,0.5,0.2,0.8,0.14822600599899344,0.16499999999999998,0.04017810482317005,5.7025206259151044,0.8749999999999998,0.6443918897552298,0.036452132803993634,13719.4
Facebook,0.5,0.2,0.9,0.15779469639331906,0.155,0.031160852173477065,5.141462160301055,1.0499999999999998,0.5643183310821412,0.08579180177381644,15921.4
Facebook,0.5,0.2,1.0,0.1537433333712507,0.28,0.03077341124306838,5.182231051536709,0.8999999999999998,0.47601793388158703,0.06949949961172783,15385.8
Facebook,0.5,0.3,0.1,0.12997247494814632,0.13999999999999999,0.03798511264509206,6.251414094446703,1.5499999999999996,0.7069026036691309,0.03945839020148638,13369.8
Facebook,0.5,0.3,0.2,0.11821024856000965,0.13999999999999999,0.04530483086708051,6.74590607662752,1.5249999999999997,0.7123512419901721,0.05577971587686341,12048.0
Facebook,0.5,0.3,0.3,0.1275721874291377,0.145,0.039576972880718,6.354464762037248,1.2999999999999996,0.7162221260018474,0.03716591744209638,12965.2
Facebook,0.5,0.3,0.4,0.12507708501552486,0.22000000000000003,0.04077079805420318,6.103854593582073,1.15,0.6616765763296522,0.03460730068658509,12834.8
Facebook,0.5,0.3,0.5,0.13329387431527862,0.13,0.039177279129297686,6.160468994899159,1.6249999999999996,0.7013993721588624,0.0302392529855594,13664.2
Facebook,0.5,0.3,0.6,0.13395129835938457,0.275,0.03275361608950088,5.030173088099618,1.3749999999999996,0.5752387429038548,0.052586383255381966,15736.6
Facebook,0.5,0.3,0.7,0.1256764939447642,0.19,0.04066142493274748,6.197200458806131,1.5249999999999997,0.6824218486310613,0.03734486905628576,13151.6
Facebook,0.5,0.3,0.8,0.1313497062185011,0.17,0.036658299211694556,5.964756096747649,1.6999999999999997,0.6903089245730204,0.034517570164441805,13603.8
Facebook,0.5,0.3,0.9,0.12615114164340727,0.16999999999999998,0.03758417747424571,6.028294228114126,1.9999999999999993,0.7062009087510935,0.029131887683529013,13513.0
Facebook,0.5,0.3,1.0,0.12389845371323009,0.10999999999999999,0.03916529431205518,5.922781477674291,1.6999999999999997,0.7024972357938938,0.03432132563588561,13386.0
Facebook,0.5,0.4,0.1,0.10981352668585018,0.12999999999999998,0.03927813324072322,6.504733618679156,1.0999999999999999,0.7385698663478741,0.04555408943161037,12327.8
Facebook,0.5,0.4,0.2,0.1313052197328372,0.35,0.025792401607911485,4.739930612916947,1.0999999999999996,0.47957241689591285,0.10457406888087606,16832.8
Facebook,0.5,0.4,0.3,0.11683059889835372,0.20500000000000002,0.03660995555089562,5.9374267304408725,1.5499999999999996,0.7129910898561015,0.025792203258138236,14316.6
Facebook,0.5,0.4,0.4,0.12242955153111942,0.16499999999999998,0.03246999919081075,5.001416952041929,1.525,0.6484628156745437,0.0403212100650556,15948.2
Facebook,0.5,0.4,0.5,0.11512343207813092,0.185,0.032718907237953766,5.996941688512137,1.7999999999999996,0.6175299513776011,0.06629699404863593,15190.6
Facebook,0.5,0.4,0.6,0.1215020099575613,0.255,0.02956522319990067,5.277615557500788,1.0249999999999997,0.4870477516772377,0.12450730532742948,16158.0
Facebook,0.5,0.4,0.7,0.11790994458714057,0.275,0.03412968886665408,5.567732071821386,1.6499999999999997,0.6475967203685917,0.03063144421430881,14369.6
Facebook,0.5,0.4,0.8,0.12080552781466683,0.16999999999999998,0.03761834310676631,5.898448454250557,1.2999999999999996,0.7233499551453519,0.012941575451960416,14060.4
Facebook,0.5,0.4,0.9,0.11976365389572433,0.32999999999999996,0.03254924173325246,4.994732002681419,1.7499999999999996,0.5536903206771816,0.03734283672493614,15084.6
Facebook,0.5,0.4,1.0,0.11121036901617394,0.18,0.041294844844511125,6.181446104826216,1.7999999999999996,0.7243729858148645,0.03602946449590166,13107.6
Facebook,0.5,0.5,0.1,0.11748831073425203,0.22999999999999998,0.03693009552406874,6.181950512297179,1.2499999999999996,0.6945344814900428,0.05442980187169434,12935.4
Facebook,0.5,0.5,0.2,0.10979410393024107,0.25,0.035262643634538,6.242187349236238,1.4249999999999996,0.5702918353442435,0.07997144971424715,13298.6
Facebook,0.5,0.5,0.3,0.11785439020678257,0.185,0.03296132088170581,6.170225617367782,1.0499999999999998,0.748789515025125,0.011377097667979114,13226.8
Facebook,0.5,0.5,0.4,0.11356985211226336,0.23500000000000001,0.035452574343113843,5.4977740407765525,1.7999999999999996,0.5875272356162694,0.05667760423341346,14619.8
Facebook,0.5,0.5,0.5,0.10926209067160249,0.16,0.037626164127889716,6.163915258217151,1.3749999999999998,0.6929599643981356,0.05011183490336522,12949.2
Facebook,0.5,0.5,0.6,0.11249317093719347,0.22000000000000003,0.03153485773162197,5.370303046741076,1.5249999999999997,0.5938620379847175,0.06870851716072604,14866.0
Facebook,0.5,0.5,0.7,0.11623583301680733,0.29,0.0319139374222258,5.6766358772319085,1.4249999999999996,0.5441139332646624,0.07978228310298673,14911.8
Facebook,0.5,0.5,0.8,0.11615821665594459,0.23000000000000004,0.0307802900842745,5.330951116214674,1.7999999999999996,0.658611187097255,0.05745252611831536,14990.4
Facebook,0.5,0.5,0.9,0.11755092024054273,0.21000000000000002,0.037323301235325304,6.211531107637389,1.1499999999999997,0.6972582920519669,0.06680836320094588,13483.4
Facebook,0.5,0.5,1.0,0.10701095700390709,0.15,0.03862455292209248,6.513379109521243,1.3499999999999996,0.7581146216414908,0.03292719274166113,12230.6
Facebook,1,0.1,0.1,0.24648857819401943,0.65,0.004671747172402672,1.1439714461268002,0.3499999999999999,0.32134391810599033,0.30129319541111627,45535.4
Facebook,1,0.1,0.2,0.22686349607569287,0.665,0.005094213393412597,1.2507720843131556,0.3249999999999999,0.42033463917596536,0.37832035050822316,46325.4
Facebook,1,0.1,0.3,0.2227262280112404,0.735,0.0010014524389707047,1.2203390183941205,0.27499999999999997,0.2560365701668787,0.2831366228389068,46222.4
Facebook,1,0.1,0.4,0.21056199803208736,0.6599999999999999,0.004171682488768961,0.9283721906252727,0.32499999999999996,0.39874693783539933,0.34967553716139493,51318.8
Facebook,1,0.1,0.5,0.1983622495761499,0.7,0.0028194054090374403,1.8131523999325807,0.3749999999999999,0.2871336914832729,0.3502382834115359,42977.0
Facebook,1,0.1,0.6,0.2050085025905024,0.6599999999999999,0.006324376792794578,1.1031302388130846,0.19999999999999996,0.36757578035190835,0.3587797425590905,48217.2
Facebook,1,0.1,0.7,0.19346225017613453,0.6900000000000001,0.005359631714873781,1.1612199940126646,0.3499999999999999,0.3959788373864459,0.39790027722900245,45444.2
Facebook,1,0.1,0.8,0.19915795980155837,0.72,0.00381690521155312,1.292423087113176,0.4499999999999999,0.34370760499999975,0.3506483141898532,47632.8
Facebook,1,0.1,0.9,0.19073503272728803,0.71,0.004397127766019748,1.1905104377960325,0.27499999999999997,0.3860185371031301,0.3584246723802592,46465.8
Facebook,1,0.1,1.0,0.20138877890605925,0.74,0.003948183646193675,1.0984836267276463,0.32499999999999996,0.3616113552804373,0.37352833725290513,50611.0
Facebook,1,0.2,0.1,0.220221710395836,0.595,0.003009319794110648,1.320703543866141,0.6249999999999999,0.27419989188709926,0.259532740978918,43781.0
Facebook,1,0.2,0.2,0.20401103078668573,0.7,0.004738367899052533,1.1791084877358764,0.7749999999999998,0.3006331081347717,0.3359377988789296,43230.0
Facebook,1,0.2,0.3,0.19529230557709304,0.6799999999999999,0.0019562870768665562,1.3433698245087353,0.6749999999999998,0.29070700223766593,0.3278639824029053,46354.8
Facebook,1,0.2,0.4,0.20151363408385392,0.71,0.0014889000751306255,1.1040277918999264,0.7499999999999998,0.21805951344024055,0.27389964935053895,47035.6
Facebook,1,0.2,0.5,0.1797792603083852,0.6599999999999999,0.004993420439248697,1.3878853676590257,0.6749999999999998,0.2914500677993478,0.3845185235732857,40863.6
Facebook,1,0.2,0.6,0.20134819232198237,0.735,0.00102177940711753,1.1563268716076718,0.6249999999999998,0.22168052114197048,0.27794983108913107,47918.4
Facebook,1,0.2,0.7,0.1856308788156901,0.6,0.0037805085728713204,1.1913435341570895,0.4999999999999999,0.3214160018550534,0.3070815817613492,44915.4
Facebook,1,0.2,0.8,0.20059921916530393,0.675,0.0033620283814227705,1.3193638619029628,0.575,0.23211237142971441,0.23983447041015266,45737.4
Facebook,1,0.2,0.9,0.19015311914474456,0.71,0.002713351311254524,1.0440381328213768,0.7749999999999998,0.2674873302865012,0.29472551716553663,47784.6
Facebook,1,0.2,1.0,0.18662420018357606,0.67,0.00422350708450699,1.209006770570636,0.7,0.26471055932819765,0.29521596489498664,45105.6
Facebook,1,0.3,0.1,0.2015715073770509,0.6599999999999999,0.002585369734646552,1.4251492679563948,0.9249999999999998,0.1239352321612089,0.2529272849607053,41894.8
Facebook,1,0.3,0.2,0.2029942112454583,0.6599999999999999,0.0031968167131487812,1.3163029064849652,0.7999999999999998,0.20805291752228855,0.26942993568614854,46081.4
Facebook,1,0.3,0.3,0.1995030259147136,0.72,0.001897483435423499,1.1459043456510898,0.6249999999999999,0.23380013787103424,0.27852800203401273,47547.2
Facebook,1,0.3,0.4,0.19500886106574372,0.73,0.001999206002272395,1.201442145378742,0.7249999999999999,0.26193946903536525,0.29453038952886956,49112.4
Facebook,1,0.3,0.5,0.1903419296039524,0.6849999999999999,0.0008704574711743057,1.3528977737323113,0.6499999999999998,0.19567857016378482,0.2770500205151078,47623.8
Facebook,1,0.3,0.6,0.17825559044352063,0.54,0.0028496856202337743,1.557439798688119,0.7999999999999998,0.2324908697862913,0.25292412263693026,40933.4
Facebook,1,0.3,0.7,0.17503466208678659,0.67,0.004401151977794449,1.4049696951729547,0.8749999999999998,0.24575408831322149,0.2882174705950893,44069.6
Facebook,1,0.3,0.8,0.1829907741950883,0.7150000000000001,0.0035795683697664184,1.0698909684079876,0.7249999999999999,0.2799167035006092,0.3253717333027006,48306.0
Facebook,1,0.3,0.9,0.1748716840809012,0.65,0.005878727339635577,1.4008212641882636,0.7499999999999998,0.3531868890509676,0.3746451659929234,45588.8
Facebook,1,0.3,1.0,0.17257300226264422,0.6849999999999999,0.005039624842392315,1.1539765627123102,0.8249999999999998,0.35149633966831967,0.36508193231525005,49289.2
Facebook,1,0.4,0.1,0.20081299909609043,0.71,0.007432822569580941,1.2116788730748538,0.9999999999999998,0.2928263778669714,0.35101241423311574,48502.6
Facebook,1,0.4,0.2,0.1864505597857739,0.64,0.003752784364981486,1.4891527336807113,0.8499999999999999,0.2219157405659403,0.30741737135531133,45024.6
Facebook,1,0.4,0.3,0.18592993750573308,0.71,0.002020108753080939,1.4092001696942464,0.7499999999999999,0.17169929303061632,0.27062711256492256,46229.8
Facebook,1,0.4,0.4,0.17349217552924778,0.705,0.003146564487922044,2.0769682203958846,0.7499999999999998,0.25599935848942545,0.3114593877218356,42697.2
Facebook,1,0.4,0.5,0.19636890997239664,0.71,0.0011951538008385008,1.1929986764658604,0.8999999999999998,0.1509775645905335,0.23904287281384345,49647.4
Facebook,1,0.4,0.6,0.16457321215433957,0.71,0.0035720573065741307,1.7195475713193313,0.8499999999999999,0.22117381787176638,0.36263355990758966,41662.2
Facebook,1,0.4,0.7,0.18168571227756655,0.735,0.0038614622408875915,1.2700621381266073,0.9249999999999998,0.2358675950587346,0.3014476339803772,49027.0
Facebook,1,0.4,0.8,0.1794790852003048,0.7150000000000001,0.0020414778406555394,1.224071705079235,0.8999999999999998,0.21520113437028568,0.30065610765277917,45748.8
Facebook,1,0.4,0.9,0.17599512298453956,0.7,0.00219585432455535,1.140653903061234,0.7249999999999999,0.24647642265315994,0.2849019761372777,48587.6
Facebook,1,0.4,1.0,0.186504749482879,0.6799999999999999,0.0029057119191008194,1.1208234224892388,0.5999999999999999,0.3031380363806647,0.32187984032217243,51092.0
Facebook,1,0.5,0.1,0.18389645072837174,0.585,0.005889625633765475,1.5201391041754626,1.0749999999999997,0.12497259558698759,0.19569853693433542,42091.4
Facebook,1,0.5,0.2,0.20291299548013614,0.71,0.0027554907842876016,1.1042427210009784,0.7999999999999998,0.2318502897391279,0.2695195461175325,52443.0
Facebook,1,0.5,0.3,0.18263855686164035,0.71,0.002856059173036769,1.4193398101826067,0.8499999999999999,0.2218288571927057,0.3289999981696502,44859.0
Facebook,1,0.5,0.4,0.1823691854929004,0.61,0.004687708904629684,1.4818715054875655,0.9749999999999999,0.2503484554422343,0.25253459226462227,44635.4
Facebook,1,0.5,0.5,0.17177047976138038,0.61,0.005663216511260776,1.3166980285208894,0.9749999999999999,0.2674081410510862,0.39867910903212045,45483.8
Facebook,1,0.5,0.6,0.18819195668429084,0.5549999999999999,0.003335408240334556,1.0609112507159648,0.7749999999999998,0.22189674241371776,0.22212423821663724,50427.8
Facebook,1,0.5,0.7,0.18300748530030725,0.6849999999999999,0.0031739540088314257,1.376028812391731,0.7749999999999998,0.1599367450804259,0.23615795095006628,44538.0
Facebook,1,0.5,0.8,0.18805061905757925,0.7150000000000001,0.0018834475183581417,1.0642612778996503,0.8999999999999998,0.20044508977718936,0.24975493670853802,52456.4
Facebook,1,0.5,0.9,0.18401459010502233,0.6900000000000001,0.002800044195081683,1.1260230988648243,0.9249999999999998,0.22151284633515395,0.29473271418385927,49381.0
Facebook,1,0.5,1.0,0.177540018714541,0.7,0.0018404999689205083,1.2422366874561295,0.8499999999999999,0.17804238838961156,0.28591372785933344,48187.4
Facebook,1.5,0.1,0.1,0.2642732003063083,0.7350000000000001,0.002447493100452489,0.7046348415008946,0.22499999999999995,0.4252698390497704,0.2532192895156244,58911.2
Facebook,1.5,0.1,0.2,0.276098327647358,0.74,0.003340294548884036,0.6315738507805904,0.07499999999999998,0.39704821835428095,0.2471369088553768,62605.2
Facebook,1.5,0.1,0.3,0.2588285791296301,0.72,0.0037044947898157063,0.6118708885620531,0.04999999999999999,0.4535852980228679,0.28095482795978166,63709.2
Facebook,1.5,0.1,0.4,0.23773978382626862,0.73,0.0051150067749176735,0.6456236462931388,0.04999999999999999,0.5042298188415051,0.33618124591238246,64443.6
Facebook,1.5,0.1,0.5,0.21279367575662791,0.72,0.00803042984608859,0.6108735739265801,0.24999999999999994,0.5705980349765769,0.40116546230307115,64717.0
Facebook,1.5,0.1,0.6,0.22346976559337403,0.73,0.003990466432490151,0.5989092659349053,0.19999999999999996,0.518276359728301,0.3848465917494389,68352.0
Facebook,1.5,0.1,0.7,0.21817602529475716,0.7050000000000001,0.007959245172653482,0.6816182144944147,0.14999999999999997,0.522911607250197,0.3834046925382727,65178.6
Facebook,1.5,0.1,0.8,0.233664727590497,0.73,0.009525043422731845,0.603730615484749,0.09999999999999998,0.5301177576175069,0.39013954028849657,69333.6
Facebook,1.5,0.1,0.9,0.21704627715698285,0.725,0.005746709115597273,0.623397027731292,0.07499999999999998,0.5201083548140026,0.3935881742073474,65561.8
Facebook,1.5,0.1,1.0,0.21787540092608187,0.76,0.004918266052857152,0.6141639764848696,0.19999999999999996,0.525933959359793,0.3890332544823235,68258.6
Facebook,1.5,0.2,0.1,0.25340702230787404,0.72,0.0029181859671848134,0.6444996942935804,0.35,0.4096913753187811,0.2665752179852425,61582.4
Facebook,1.5,0.2,0.2,0.24333837826706955,0.725,0.004327247110355319,0.5883350769541642,0.3999999999999999,0.4290735415581922,0.2511322905537078,63532.2
Facebook,1.5,0.2,0.3,0.2376397450223358,0.78,0.0034912610800210235,0.556249519798027,0.42499999999999993,0.4697979646708189,0.3057119150889559,67772.2
Facebook,1.5,0.2,0.4,0.215351414408356,0.6599999999999999,0.012245097587958826,0.5962445428120418,0.42499999999999993,0.5417623221231144,0.38471960345956535,64861.0
Facebook,1.5,0.2,0.5,0.23632507326471938,0.7,0.006129603223077417,0.5721298028533743,0.24999999999999994,0.49480460312346963,0.31283575583841594,66177.6
Facebook,1.5,0.2,0.6,0.22117972842573502,0.725,0.004366616231783016,0.6078553335563217,0.32499999999999996,0.479342256345973,0.3344619905493621,66901.2
Facebook,1.5,0.2,0.7,0.23672920386057408,0.75,0.003770621294822249,0.6324040645091439,0.04999999999999999,0.46757077591836166,0.32169236318313976,68380.8
Facebook,1.5,0.2,0.8,0.21950138537148237,0.725,0.0032775153219018875,0.5880900797343717,0.27499999999999997,0.4646710202765882,0.35383951320986823,68110.0
Facebook,1.5,0.2,0.9,0.19695326169456126,0.705,0.011305005866235212,0.6232754114849277,0.3749999999999999,0.5507490977367715,0.4103438930931146,65760.4
Facebook,1.5,0.2,1.0,0.22115438135326632,0.73,0.007652402211985281,0.5642487851069615,0.07499999999999998,0.5131887361560824,0.3502667257851446,68113.6
Facebook,1.5,0.3,0.1,0.2413463943230906,0.75,0.0013237393398472766,0.618557102314025,0.3499999999999999,0.3843043768082638,0.2582659420679806,63490.8
Facebook,1.5,0.3,0.2,0.24251923996448915,0.735,0.0011442455214100706,0.548311455822234,0.32499999999999996,0.43251663488077174,0.284568737642409,68738.8
Facebook,1.5,0.3,0.3,0.23661696079132088,0.705,0.004488806475334239,0.5876828414560945,0.22499999999999995,0.4291528539597521,0.278394876978522,66758.2
Facebook,1.5,0.3,0.4,0.24166267721006718,0.725,0.0027938292114052937,0.6157047353651396,0.5499999999999999,0.37239262553857577,0.26227766791023566,65957.2
Facebook,1.5,0.3,0.5,0.22556032283388502,0.73,0.007585951257173778,0.6128530829617527,0.42499999999999993,0.47639978919242365,0.3392955739427124,68619.4
Facebook,1.5,0.3,0.6,0.21324696376105937,0.75,0.002909878280110157,0.6097973948787546,0.17499999999999996,0.4549443218970638,0.32023467135864314,66376.4
Facebook,1.5,0.3,0.7,0.2274102334551887,0.74,0.004251448923344462,0.5132060339101043,0.29999999999999993,0.5129108097107838,0.34298483448054623,72102.4
Facebook,1.5,0.3,0.8,0.22760119686407512,0.735,0.0061793342743824324,0.6282471133166976,0.4999999999999999,0.46339354555514634,0.3102895409682689,66594.6
Facebook,1.5,0.3,0.9,0.22358106596009525,0.705,0.006344330165409537,0.5817614136819836,0.14999999999999997,0.47231659576521456,0.30955303058955475,69267.2
Facebook,1.5,0.3,1.0,0.20979425989498307,0.705,0.0059170317511760325,0.5635026275960809,0.17499999999999996,0.506313342845715,0.33497409727702043,69427.8
Facebook,1.5,0.4,0.1,0.2375566286305224,0.6799999999999999,0.004562293289327914,0.6389234323512497,0.4499999999999999,0.3848482311109499,0.26158388576951097,64478.2
Facebook,1.5,0.4,0.2,0.2344340775066232,0.725,0.0026150370290930723,0.5679333045237391,0.37499999999999994,0.39357339933919666,0.23306886238557017,67476.4
Facebook,1.5,0.4,0.3,0.23120599889662402,0.73,0.003401595938230509,0.5787100552638448,0.5499999999999999,0.40647520394126263,0.2699057475314126,67901.2
Facebook,1.5,0.4,0.4,0.22687895082728118,0.745,0.0010500398405553543,0.5867361933955213,0.4999999999999999,0.39041617841037773,0.2805917988598195,68494.4
Facebook,1.5,0.4,0.5,0.22571025662866906,0.74,0.007030593580924805,0.6042843807041594,0.3249999999999999,0.4884297722227073,0.3202613161434526,67196.8
Facebook,1.5,0.4,0.6,0.20410159163845676,0.71,0.006963544861300713,0.546636235480124,0.575,0.5056163483657301,0.3514809086413492,70339.8
Facebook,1.5,0.4,0.7,0.22537003446964046,0.6950000000000001,0.0032791046228273744,0.5886940789035531,0.3999999999999999,0.37903383645983535,0.27804166467411484,67980.6
Facebook,1.5,0.4,0.8,0.19889965060744402,0.6799999999999999,0.008462054939636018,0.5984393468531513,0.6499999999999998,0.5071247142545028,0.3364930110624625,67737.8
Facebook,1.5,0.4,0.9,0.20466597464200556,0.675,0.007911914964377993,0.6495828528122464,0.5999999999999999,0.48743400799251707,0.3693091989963448,67955.0
Facebook,1.5,0.4,1.0,0.21775595116511673,0.695,0.010204752863770582,0.5433891963337045,0.3499999999999999,0.49427387570565057,0.335835881590778,70369.0
Facebook,1.5,0.5,0.1,0.2183611212677063,0.735,0.003140025861485096,0.6416933851936175,0.7749999999999998,0.4042503294620092,0.28375054403441785,65816.4
Facebook,1.5,0.5,0.2,0.22684787617288055,0.75,0.0026894717821732204,0.5819512347308229,0.5249999999999999,0.37359763799986623,0.24281221880053971,66736.8
Facebook,1.5,0.5,0.3,0.2317706707829227,0.705,0.007348709161721157,0.6033577800852292,0.4999999999999999,0.4051669848516076,0.2672180391651653,67586.4
Facebook,1.5,0.5,0.4,0.2154642246421723,0.665,0.00797433952689142,0.636760486485581,0.3999999999999999,0.417253005957899,0.276262675718353,65304.2
Facebook,1.5,0.5,0.5,0.19961784381083642,0.72,0.009330081795924367,0.5729543267482378,0.6249999999999998,0.5085579038751098,0.3445555256074547,69626.8
Facebook,1.5,0.5,0.6,0.21492466437829663,0.6599999999999999,0.006586118452811771,0.5727655019058695,0.5999999999999999,0.459231417315514,0.293085483825707,69527.4
Facebook,1.5,0.5,0.7,0.20752580864604772,0.71,0.0060682584443131505,0.6151735854533126,0.5999999999999999,0.45556009097133765,0.33884333330680966,68519.2
Facebook,1.5,0.5,0.8,0.2098541069543586,0.74,0.005291037240022918,0.6455564735455046,0.7249999999999999,0.40110070227373135,0.2732875190659735,66378.2
Facebook,1.5,0.5,0.9,0.2113043728175905,0.745,0.010213068934494286,0.6512721564699502,0.4999999999999999,0.4547688417022776,0.27536406721963225,68410.6
Facebook,1.5,0.5,1.0,0.20423046287134822,0.72,0.0033882005101157076,0.5662153031449428,0.5499999999999999,0.4032189615559945,0.2736233724430884,68077.4
Facebook,2,0.1,0.1,0.2763167351494974,0.6,0.005539723533455686,0.5944116551904968,0.22499999999999995,0.475161151257673,0.2580895313722341,65225.8
Facebook,2,0.1,0.2,0.2573653868106781,0.735,0.003991646936971326,0.5906480723779054,0.14999999999999997,0.42781625950563196,0.27793842230943794,65828.6
Facebook,2,0.1,0.3,0.26036022375323287,0.735,0.0041106115902895205,0.5174259220134129,0.12499999999999997,0.5069269918906133,0.320268562918476,69573.8
Facebook,2,0.1,0.4,0.25733905243491373,0.72,0.0046202464901640705,0.5031617322833865,0.12499999999999997,0.5182945725864953,0.30559097345154385,71039.8
Facebook,2,0.1,0.5,0.2520302146343849,0.575,0.007515855639239453,0.5277790621081377,0.09999999999999998,0.550291006930878,0.32786455265899184,70626.0
Facebook,2,0.1,0.6,0.25937117163194356,0.755,0.004650372532138097,0.4442324515192427,0.12499999999999997,0.5496326306900183,0.361933456612208,75746.2
Facebook,2,0.1,0.7,0.2417275737229223,0.695,0.00988095744436956,0.5363641788852758,0.24999999999999994,0.5863905728241832,0.380349411532235,73830.0
Facebook,2,0.1,0.8,0.24472133025120257,0.765,0.006049078116292915,0.5500272152803147,0.07499999999999998,0.5446006603721953,0.3672080933480878,74978.0
Facebook,2,0.1,0.9,0.23433965826085398,0.76,0.0045078879600769445,0.46810702008576655,0.17499999999999996,0.5563958101897442,0.4065900468111433,75959.4
Facebook,2,0.1,1.0,0.22834157773296018,0.735,0.012479841233237973,0.4778655840518432,0.19999999999999996,0.5986670109833229,0.3923160200883705,73519.0
Facebook,2,0.2,0.1,0.2616567036468391,0.6849999999999999,0.0028494861792707467,0.508497430188588,0.6999999999999998,0.4765129778471701,0.24198340022111214,68006.2
Facebook,2,0.2,0.2,0.2507733948652649,0.655,0.005777572350830016,0.5087125182306579,0.24999999999999994,0.4507827316213354,0.24608480862882437,68572.6
Facebook,2,0.2,0.3,0.23914601461831003,0.725,0.009460191124437922,0.5287924067536871,0.22499999999999995,0.502899147979362,0.34110572091262137,70842.2
Facebook,2,0.2,0.4,0.24711961757031195,0.705,0.003013740428009796,0.5185797476535516,0.19999999999999996,0.5227713336888484,0.33184122935686594,72953.2
Facebook,2,0.2,0.5,0.23822144248051752,0.76,0.004288769311028794,0.5300815780350566,0.27499999999999997,0.5078036217573262,0.3170970016721775,70520.8
Facebook,2,0.2,0.6,0.22703981170130377,0.725,0.005907122347064417,0.4879433120497568,0.17499999999999996,0.5400683581458046,0.38454285368603724,72940.4
Facebook,2,0.2,0.7,0.22979708953533223,0.735,0.010625974142826148,0.4767823691870051,0.17499999999999996,0.6086680747505255,0.3759959646769202,74789.2
Facebook,2,0.2,0.8,0.22622185433734315,0.67,0.011250782167473935,0.5337997107570966,0.24999999999999994,0.5804959431609313,0.3680439702874813,72368.8
Facebook,2,0.2,0.9,0.23511466274552237,0.735,0.007690667400996739,0.4818961147582259,0.29999999999999993,0.5622105662955501,0.35384113769058123,75834.8
Facebook,2,0.2,1.0,0.21504560583040527,0.74,0.01086522051739035,0.4918561751546087,0.27499999999999997,0.5728396112170111,0.37202793748722635,76606.2
Facebook,2,0.3,0.1,0.25056485583495147,0.74,0.00547666004426406,0.5207374137495081,0.4749999999999999,0.4846776901241093,0.25236724694162815,69954.8
Facebook,2,0.3,0.2,0.23998698652922296,0.575,0.0041555884724544835,0.5401005718460257,0.5249999999999999,0.5048263978062005,0.29660883949368505,69193.2
Facebook,2,0.3,0.3,0.24353470888902753,0.73,0.004414133742847447,0.5282099518254465,0.29999999999999993,0.4509153872943271,0.26296100341546086,71922.8
Facebook,2,0.3,0.4,0.2365949510761513,0.755,0.00255909113009005,0.5134313684946148,0.24999999999999994,0.46070007998654905,0.2916612895403335,73423.6
Facebook,2,0.3,0.5,0.2490077363002418,0.7150000000000001,0.007201920766999161,0.5146808750761631,0.3999999999999999,0.49726350009925147,0.28820735804566305,73736.6
Facebook,2,0.3,0.6,0.24211578708970194,0.755,0.003659025692114496,0.558416559748309,0.14999999999999997,0.4676012547342128,0.2922677934234913,73956.4
Facebook,2,0.3,0.7,0.23023328237532298,0.73,0.007039303715193351,0.46698790804610113,0.7249999999999999,0.5643829041529441,0.3778925462544893,76799.8
Facebook,2,0.3,0.8,0.2238066759530068,0.5650000000000001,0.00925838292571943,0.4436003240654909,0.19999999999999996,0.5889990160187082,0.37682061719073656,76305.0
Facebook,2,0.3,0.9,0.2189905969309204,0.725,0.007604607921520898,0.4770292683991487,0.32499999999999996,0.5667456653085592,0.40950550277819014,76818.8
Facebook,2,0.3,1.0,0.2076121964361401,0.74,0.008968345399029503,0.47400124792357384,0.4749999999999999,0.5842311855492641,0.4040240592296776,76017.4
Facebook,2,0.4,0.1,0.24142871407410277,0.7150000000000001,0.005027604251109848,0.501087518737006,0.4749999999999999,0.4739186192247848,0.27139964774558656,71060.8
Facebook,2,0.4,0.2,0.265634234541099,0.72,0.0034845429074355574,0.5115424586459671,0.5999999999999999,0.4246826950507724,0.2049789533518767,71141.8
Facebook,2,0.4,0.3,0.24664799222800032,0.5700000000000001,0.0037179608022121662,0.5315405067896106,0.37499999999999994,0.4510548698014136,0.279084498097878,72593.0
Facebook,2,0.4,0.4,0.21283022963539402,0.6900000000000001,0.007576801903953651,0.46294754671499605,0.7249999999999999,0.5684057476450177,0.40846804696758,73879.2
Facebook,2,0.4,0.5,0.2137289903928846,0.71,0.010307438553874199,0.45947427583332595,0.6249999999999999,0.5771675769714028,0.38916517385890986,75146.2
Facebook,2,0.4,0.6,0.24299129168699268,0.75,0.00569835140656397,0.4750560475720905,0.17499999999999996,0.5337518809456853,0.3260725722738371,75933.6
Facebook,2,0.4,0.7,0.21007435964434276,0.63,0.007705537383156924,0.4812877460198278,0.7749999999999998,0.5347202089370122,0.34595445465523555,74358.6
Facebook,2,0.4,0.8,0.2257063267342477,0.675,0.01273506762101288,0.5651482838392086,0.575,0.5335707521340557,0.3018412200811852,74444.4
Facebook,2,0.4,0.9,0.20517718928365367,0.6799999999999999,0.013207284641809139,0.5364181858912818,0.8249999999999998,0.572855960342965,0.40495503456997783,75053.6
Facebook,2,0.4,1.0,0.21881907948258084,0.7150000000000001,0.009578945844736522,0.49842545384771764,0.5749999999999998,0.5684617673002837,0.35490130494164834,75005.0
Facebook,2,0.5,0.1,0.2553493574325545,0.605,0.0023604448796080424,0.5193397225793763,0.42499999999999993,0.4015870897777516,0.25815281045454586,72063.4
Facebook,2,0.5,0.2,0.23917158784206452,0.735,0.004720751021898608,0.552294095677564,0.37499999999999994,0.42371715150871053,0.25251359618427127,71703.8
Facebook,2,0.5,0.3,0.2435750139389396,0.75,0.0038523150837152255,0.5023623714296425,0.4499999999999999,0.42544968328797095,0.260718790071939,74405.4
Facebook,2,0.5,0.4,0.2360193538849024,0.75,0.005030585595629118,0.45804400107079923,0.19999999999999996,0.4489665561014686,0.2750905083285618,76266.0
Facebook,2,0.5,0.5,0.22746236043283888,0.645,0.006927234965334053,0.5108733904328587,0.42499999999999993,0.49228229231008686,0.28935115334699163,74061.4
Facebook,2,0.5,0.6,0.20983441396909286,0.6799999999999999,0.009749881686061331,0.5113893296712251,0.6749999999999998,0.55056662736858,0.3818331409862251,74288.2
Facebook,2,0.5,0.7,0.22547313244316514,0.745,0.007962245359695414,0.5349802222325366,0.4499999999999999,0.532344643508368,0.32241259572659803,75733.0
Facebook,2,0.5,0.8,0.24483420262925626,0.7,0.007563084419598952,0.4615998641013026,0.24999999999999994,0.5009054684331528,0.30321455770924954,77868.0
Facebook,2,0.5,0.9,0.21562046885271496,0.5549999999999999,0.007936464148364863,0.495097243358323,0.3999999999999999,0.5294078372270649,0.30840525705438526,75674.6
Facebook,2,0.5,1.0,0.20722436289051993,0.77,0.004002707748501829,0.5430376081209393,0.4499999999999999,0.5098119668432718,0.346758740153381,75753.8
Facebook,2.5,0.1,0.1,0.27441396980941957,0.755,0.003418785498753103,0.5064752212124745,0.24999999999999994,0.4625774531747589,0.23622053479990096,70819.8
Facebook,2.5,0.1,0.2,0.2855805394020947,0.725,0.0054561043248652664,0.488994105978881,0.19999999999999996,0.4940793914014936,0.23794936308885836,70861.0
Facebook,2.5,0.1,0.3,0.2819173121251703,0.74,0.002814003627049854,0.47146074636569246,0.09999999999999998,0.507203904151319,0.25940805367978426,72762.2
Facebook,2.5,0.1,0.4,0.26912505410759513,0.74,0.003821798785838041,0.4635366316385133,0.09999999999999998,0.519808122687578,0.287785549781256,72264.8
Facebook,2.5,0.1,0.5,0.23782205190598024,0.585,0.007450977796175692,0.4753493563690327,0.22499999999999995,0.5724451136530904,0.3368463438480256,74946.2
Facebook,2.5,0.1,0.6,0.2508472858192213,0.61,0.008254013358490256,0.4670038351676641,0.12499999999999997,0.6152948005186164,0.38335159883290804,75192.6
Facebook,2.5,0.1,0.7,0.24456264486513893,0.615,0.008222288221973562,0.41894769245272173,0.12499999999999997,0.5906995047032486,0.3711074560297012,77328.6
Facebook,2.5,0.1,0.8,0.2510984540161942,0.735,0.008284972193011008,0.4890143012878502,0.14999999999999997,0.5704334469860652,0.3502574865805784,77603.4
Facebook,2.5,0.1,0.9,0.25214370960366994,0.695,0.008520544488680263,0.4749512673606905,0.17499999999999996,0.6029181732194593,0.36966666060202924,78793.0
Facebook,2.5,0.1,1.0,0.23932804748691602,0.67,0.00953634479701307,0.4164280965360489,0.22499999999999995,0.6336535215974192,0.41302167093089304,80651.2
Facebook,2.5,0.2,0.1,0.2785797333738388,0.72,0.004503093909031719,0.4876675706893048,0.32499999999999996,0.47998189752939224,0.22686183681846783,70949.0
Facebook,2.5,0.2,0.2,0.2722751713155825,0.71,0.003329600783362725,0.45567240832159595,0.175,0.4721736535088567,0.26046339249661776,72863.8
Facebook,2.5,0.2,0.3,0.2640985087974508,0.705,0.006312285030423357,0.4308888207816876,0.3499999999999999,0.5316447149727052,0.2805517456012606,74142.4
Facebook,2.5,0.2,0.4,0.2723839338941091,0.76,0.004844668600984674,0.4749534986104081,0.19999999999999998,0.4929514335217953,0.2683994197600351,75004.0
Facebook,2.5,0.2,0.5,0.26811795368357544,0.745,0.005715766023438627,0.479811857261045,0.3749999999999999,0.4873938497311244,0.2694258997626231,74243.4
Facebook,2.5,0.2,0.6,0.24867394265707815,0.7350000000000001,0.010078697346120973,0.4097577050062551,0.14999999999999997,0.5932039878285653,0.34244554742443045,77301.0
Facebook,2.5,0.2,0.7,0.2504924814642452,0.745,0.007535048430472355,0.4637664326500821,0.24999999999999994,0.5581634490080413,0.324130816800407,76667.6
Facebook,2.5,0.2,0.8,0.26144293825189685,0.72,0.005894860568326477,0.4631262765146368,0.27499999999999997,0.5575334100886445,0.34973301554232994,79318.6
Facebook,2.5,0.2,0.9,0.24440260155238452,0.605,0.013020286676117859,0.48698025680650037,0.24999999999999994,0.5959983295016669,0.36291675783515404,77233.8
Facebook,2.5,0.2,1.0,0.23729640530828222,0.725,0.00995284043316782,0.471990767656273,0.22499999999999995,0.5987754964162788,0.36574378928676354,76699.0
Facebook,2.5,0.3,0.1,0.2686062883014525,0.74,0.002327962363429842,0.45894745470040343,0.27499999999999997,0.4674704834021889,0.2471064682779998,73543.6
Facebook,2.5,0.3,0.2,0.26014291016229796,0.5900000000000001,0.006511067772480538,0.4359448718495605,0.7499999999999998,0.5620942673090712,0.2760887401846622,75100.8
Facebook,2.5,0.3,0.3,0.25216568645228676,0.6799999999999999,0.00835165155604904,0.4982033226511323,0.17499999999999996,0.5486557235961713,0.294218678155862,73404.2
Facebook,2.5,0.3,0.4,0.2467979944306174,0.62,0.01222966516647089,0.4461318188747656,0.3999999999999999,0.6013984846950662,0.3477446546720645,76054.0
Facebook,2.5,0.3,0.5,0.2477738345518586,0.61,0.00817469214095963,0.4691275650767713,0.24999999999999994,0.5550328711785021,0.324176037630547,75658.4
Facebook,2.5,0.3,0.6,0.25043947805050576,0.63,0.006368989886963295,0.45968094204933435,0.8249999999999998,0.5547735949927173,0.34823711655954737,79260.6
Facebook,2.5,0.3,0.7,0.26949521020369627,0.755,0.008282258355891806,0.43828170783842957,0.09999999999999998,0.5462066382385543,0.3190798437995435,81390.0
Facebook,2.5,0.3,0.8,0.247315715229794,0.75,0.005951970522678903,0.46256356317916775,0.37499999999999994,0.5126308544880582,0.3101487430900459,77253.8
Facebook,2.5,0.3,0.9,0.2536954149853183,0.76,0.009061562302333275,0.47929791590789395,0.37499999999999994,0.5344886274526406,0.31041623290836207,79072.6
Facebook,2.5,0.3,1.0,0.24636531295301795,0.6100000000000001,0.010678218956795752,0.48583879076665826,0.24999999999999994,0.5868834663185865,0.343460260844661,78626.0
Facebook,2.5,0.4,0.1,0.2716189034037826,0.7550000000000001,0.002222012005470632,0.4820104237450603,0.6249999999999999,0.446840706717704,0.19793441611200419,73035.6
Facebook,2.5,0.4,0.2,0.2601204142615596,0.7150000000000001,0.006290712978800826,0.4411474851974321,0.42499999999999993,0.48089194674230845,0.26000295789904965,75804.0
Facebook,2.5,0.4,0.3,0.25256781957826696,0.735,0.0025307543929711388,0.42837085553974585,0.09999999999999998,0.44487933623829823,0.2682569245072438,75910.0
Facebook,2.5,0.4,0.4,0.25152597364787727,0.725,0.0038871090022626663,0.3993282974123692,0.29999999999999993,0.5116497375180986,0.2847156834666318,78809.0
Facebook,2.5,0.4,0.5,0.2324734042361689,0.73,0.009000817373835438,0.4480674338851166,0.3749999999999999,0.5568864884659692,0.3234282938050953,78411.0
Facebook,2.5,0.4,0.6,0.24167505854162927,0.765,0.004116270616920518,0.43174373709533514,0.7249999999999999,0.48002367249904304,0.30511592686638267,77261.8
Facebook,2.5,0.4,0.7,0.2465640646521076,0.775,0.005287334527660344,0.4701274721315284,0.19999999999999996,0.5280029799298513,0.29728220419382434,79389.6
Facebook,2.5,0.4,0.8,0.2345663040633985,0.64,0.010961490392458192,0.4367454052165143,0.6249999999999999,0.5727316766344668,0.3271539413140575,77928.2
Facebook,2.5,0.4,0.9,0.2409810788723139,0.615,0.010426477455257521,0.450601956398167,0.3499999999999999,0.5353399001992388,0.3633776173503365,79008.4
Facebook,2.5,0.4,1.0,0.24774973158919353,0.75,0.006197267117201831,0.4502374748527423,0.7749999999999998,0.5272611865713547,0.33184942942215195,80547.6
Facebook,2.5,0.5,0.1,0.26558959113442937,0.74,0.0022126506960778126,0.4401710924381722,0.27499999999999997,0.4169756519193889,0.23487395438038855,74595.0
Facebook,2.5,0.5,0.2,0.24805751876384724,0.725,0.0019929206512419423,0.46749092636002565,0.6249999999999999,0.4620066787078878,0.29218215160083644,76149.2
Facebook,2.5,0.5,0.3,0.24741283870194128,0.755,0.006437244281943572,0.3882223002816251,0.35,0.555184658172934,0.30842703647956216,78511.2
Facebook,2.5,0.5,0.4,0.2435429816232689,0.73,0.004581510147869773,0.4132629922276735,0.35,0.4871413451923815,0.2971348804950241,78806.8
Facebook,2.5,0.5,0.5,0.23986355501895368,0.7,0.007431723954172348,0.4326792657364108,0.4999999999999999,0.5660271518885266,0.3343068147535682,79010.4
Facebook,2.5,0.5,0.6,0.24224108179061873,0.725,0.006358741374119523,0.44891463308914153,0.4999999999999999,0.5171087985348339,0.27760633710669314,77435.6
Facebook,2.5,0.5,0.7,0.24654444262851233,0.6900000000000001,0.012992349534518288,0.4760546672405459,0.07499999999999998,0.5488568679665733,0.27795232587217833,79501.6
Facebook,2.5,0.5,0.8,0.2559843664562494,0.6599999999999999,0.010183865977089066,0.46289167875695336,0.24999999999999994,0.549221048177498,0.29793169210695836,80853.4
Facebook,2.5,0.5,0.9,0.24635232225887074,0.72,0.008134478679732316,0.4190111462818318,0.8999999999999998,0.5738803428552388,0.3226472281846008,82619.2
Facebook,2.5,0.5,1.0,0.23904409173847263,0.7150000000000001,0.011227113158176259,0.45530282967500313,0.4499999999999999,0.5685114534929196,0.3459112905134062,80407.0
Facebook,3,0.1,0.1,0.27462800946363514,0.725,0.0044877212895478025,0.4399874816886338,0.29999999999999993,0.5592673456398154,0.26972415615881945,72100.6
Facebook,3,0.1,0.2,0.2717832641658958,0.705,0.008202165590124638,0.42957043860626526,0.19999999999999996,0.5473927185944338,0.3126086090281162,73476.2
Facebook,3,0.1,0.3,0.2673479148979367,0.72,0.009492036743043964,0.41461399517690306,0.24999999999999994,0.5782556268199801,0.3038843763088089,75336.2
Facebook,3,0.1,0.4,0.273221875420071,0.58,0.005080491440380299,0.4259366927048034,0.09999999999999998,0.5151823275588087,0.32976224663147585,76473.2
Facebook,3,0.1,0.5,0.25751153593917797,0.4600000000000001,0.005232668088044902,0.3914035949507452,0.14999999999999997,0.5849535159577428,0.36265275571199995,76354.6
Facebook,3,0.1,0.6,0.27725258381819057,0.61,0.0046916191328406995,0.427102155574523,0.14999999999999997,0.593049268477503,0.322348225071761,78198.4
Facebook,3,0.1,0.7,0.26469479420959124,0.6599999999999999,0.010217922198811076,0.4108198536421083,0.09999999999999998,0.5978391759601631,0.35577100697269526,79269.0
Facebook,3,0.1,0.8,0.24223699334112903,0.5650000000000001,0.012005910608921467,0.428703898723007,0.27499999999999997,0.674499027333201,0.4208962986448901,78045.6
Facebook,3,0.1,0.9,0.2794388324665046,0.6950000000000001,0.009468789308406866,0.4284812591232556,0.17499999999999996,0.5649594040414561,0.3644019427694336,82100.0
Facebook,3,0.1,1.0,0.2410169652312449,0.78,0.00989009847628473,0.4155945033182391,0.3249999999999999,0.5950422024485669,0.42425905120675855,81314.8
Facebook,3,0.2,0.1,0.26310448822331967,0.7150000000000001,0.006983015053260923,0.4632993694754813,0.37499999999999994,0.5133949329364951,0.26563361901996174,72274.8
Facebook,3,0.2,0.2,0.2687359870923733,0.625,0.002978937566381285,0.43822293487269925,0.24999999999999994,0.5380173378898014,0.2830929774434971,75086.8
Facebook,3,0.2,0.3,0.2689158240926064,0.74,0.008551201116493658,0.4671149519151502,0.22499999999999995,0.5826736746913715,0.29883998379682497,75176.2
Facebook,3,0.2,0.4,0.2675228304711873,0.5700000000000001,0.008338673264119526,0.4404909912843234,0.14999999999999997,0.5840906990499871,0.3276116155196877,77793.8
Facebook,3,0.2,0.5,0.27945234973544786,0.7,0.005074708302532301,0.40534633638322576,0.19999999999999998,0.5656467697731296,0.31546162375669395,78266.0
Facebook,3,0.2,0.6,0.25157736464224867,0.745,0.007075143113225926,0.4149015329138573,0.22499999999999995,0.5787120074492962,0.32589946491349375,76533.6
Facebook,3,0.2,0.7,0.25746465633555315,0.705,0.010521944237752962,0.38118939813790165,0.3999999999999999,0.5770980861135,0.34934430955867607,79702.4
Facebook,3,0.2,0.8,0.25428703104655115,0.735,0.007139494699516481,0.419879055215093,0.22499999999999995,0.5562380392906549,0.3674427159540422,80436.4
Facebook,3,0.2,0.9,0.26897047113814526,0.5549999999999999,0.013542951045221551,0.431667481477547,0.07499999999999998,0.6031328940847611,0.3527809624923557,79176.0
Facebook,3,0.2,1.0,0.28544222813574877,0.675,0.010433586240604201,0.41059571310931026,0.29999999999999993,0.5969912707022719,0.3323850398569218,81614.8
Facebook,3,0.3,0.1,0.2634481307097666,0.6849999999999999,0.005548996660445789,0.44570991554637607,0.5499999999999999,0.5557915748525979,0.30734608552430975,75404.2
Facebook,3,0.3,0.2,0.2676672633656413,0.5700000000000001,0.00974355450616668,0.4307955176154253,0.24999999999999994,0.5820704087046449,0.31521820974607767,74132.6
Facebook,3,0.3,0.3,0.27038163838506846,0.7050000000000001,0.012363375111587247,0.39265686504608127,0.7,0.5993279057831404,0.31445277549788153,77745.2
Facebook,3,0.3,0.4,0.2856412119510402,0.58,0.007436772969860781,0.4491535040375835,0.07499999999999998,0.5401169847173186,0.26365429935908385,78518.0
Facebook,3,0.3,0.5,0.2571303060746377,0.5599999999999999,0.009346944460321993,0.3913524206078881,0.35,0.5746504691485868,0.3112867489502537,79077.4
Facebook,3,0.3,0.6,0.26280813206855935,0.675,0.008591165051741173,0.4170765161227054,0.3499999999999999,0.5274999311105628,0.33107922345614477,80415.4
Facebook,3,0.3,0.7,0.23067896722369033,0.72,0.006626127299688184,0.38724009453969954,0.24999999999999994,0.61078046548707,0.3973195095097572,82113.6
Facebook,3,0.3,0.8,0.2572267081011166,0.5650000000000001,0.010664954989153208,0.4049514631889798,0.6499999999999998,0.6247937416891146,0.3490717713665999,80736.0
Facebook,3,0.3,0.9,0.26016671050304374,0.58,0.014145563196851651,0.3918324487324468,0.3749999999999999,0.6061809719349978,0.3367398890921538,80480.0
Facebook,3,0.3,1.0,0.26024442674582676,0.5650000000000001,0.016120753666540803,0.4083580245040574,0.5499999999999999,0.6413298165526664,0.3605398544682692,81914.4
Facebook,3,0.4,0.1,0.3085034330872419,0.765,0.0012258465624707406,0.4815165083367865,0.22499999999999995,0.38943527415778034,0.15947982608130554,75325.4
Facebook,3,0.4,0.2,0.2611880883806676,0.705,0.008732706933452742,0.4022898181650588,0.7999999999999998,0.6000027964343022,0.3227359084393819,78571.0
Facebook,3,0.4,0.3,0.2550022432973375,0.75,0.004800070296706318,0.39995972418531567,0.24999999999999994,0.5117083435304177,0.30506676457743337,78757.8
Facebook,3,0.4,0.4,0.25112537469021856,0.72,0.0036190322236092226,0.37997833265801606,0.5999999999999999,0.5584334608451623,0.32835159953027204,79679.2
Facebook,3,0.4,0.5,0.21001966301290084,0.6599999999999999,0.008386622123388265,0.4139666522177258,0.7249999999999999,0.586825806439094,0.43143033624946137,79709.8
Facebook,3,0.4,0.6,0.26245737099829886,0.69,0.008664674332453368,0.4140449190924265,0.42499999999999993,0.5653208090215498,0.28535953597580377,78950.2
Facebook,3,0.4,0.7,0.261091698289841,0.5349999999999999,0.008758222178046808,0.40101717533881864,0.3249999999999999,0.5834266678788375,0.32386822570782975,82193.2
Facebook,3,0.4,0.8,0.25992219015171003,0.6799999999999999,0.01108661499844953,0.4553193586641046,1.1249999999999998,0.5506659103126962,0.30345209726029126,79588.0
Facebook,3,0.4,0.9,0.2367079352665272,0.64,0.012269831455557434,0.4203229096537668,0.5249999999999999,0.5837629826496507,0.36885847245959213,82356.0
Facebook,3,0.4,1.0,0.2658592239307405,0.755,0.009812515122997979,0.41131278315679154,0.29999999999999993,0.5956017289570733,0.3401074002486125,84095.2
Facebook,3,0.5,0.1,0.2657078789768627,0.7,0.007304410697460101,0.44129314323974345,1.6499999999999997,0.4928401276235455,0.23886502505594,76196.0
Facebook,3,0.5,0.2,0.2617686942424299,0.5549999999999999,0.005044481678385595,0.4787737194090189,0.8499999999999999,0.5218634503499584,0.2586283242573998,76591.4
Facebook,3,0.5,0.3,0.2617821304403491,0.53,0.008904141210126235,0.37930909179962025,0.6499999999999998,0.5671761671811836,0.2924936503828276,79347.8
Facebook,3,0.5,0.4,0.23171416121262753,0.7150000000000001,0.006418973647291768,0.3963883275889308,0.5249999999999999,0.5484388354888985,0.31066110194559915,77993.4
Facebook,3,0.5,0.5,0.2642295859438083,0.73,0.0035111687113564606,0.3752596402281219,0.17499999999999996,0.5020692322464686,0.2655099527092011,80685.0
Facebook,3,0.5,0.6,0.2377360751263323,0.7849999999999999,0.002420422671682896,0.3873578075371271,0.4499999999999999,0.4999963246763023,0.31730442219445987,80361.8
Facebook,3,0.5,0.7,0.2536461485661721,0.745,0.007031429662981999,0.4039367159385763,0.8249999999999998,0.5251839219797555,0.31778146252118356,81156.8
Facebook,3,0.5,0.8,0.25205253612724576,0.725,0.011879967494579834,0.4329321097445945,0.04999999999999999,0.5944263561887461,0.328389050971796,81839.8
Facebook,3,0.5,0.9,0.25272696749456813,0.745,0.005491354483805972,0.3855434667715655,0.9249999999999998,0.5794340636956214,0.3616976493305414,83320.0
Facebook,3,0.5,1.0,0.24763041161627924,0.58,0.008650116780637044,0.4131503886388991,0.3999999999999999,0.5920262442904323,0.3227054200471393,82070.0
Facebook,3.5,0.1,0.1,0.2894447658385628,0.7150000000000001,0.0053864014797908675,0.43802537927768137,0.4999999999999999,0.5595407287925458,0.29202499413471994,74249.2
Facebook,3.5,0.1,0.2,0.2915421120447911,0.5700000000000001,0.0058988013520521795,0.4303009524707308,0.07499999999999998,0.5355596997639502,0.2521905789644614,73377.2
Facebook,3.5,0.1,0.3,0.2844201787613384,0.585,0.007988079396735822,0.43274061451873747,0.14999999999999997,0.5831132541681935,0.2809017248320096,74421.2
Facebook,3.5,0.1,0.4,0.2785257791748221,0.58,0.007262015370226122,0.43687521580357613,0.17499999999999996,0.5902580145364232,0.3037957624552428,75553.6
Facebook,3.5,0.1,0.5,0.2739638438038911,0.71,0.008744440573352528,0.4061454376944405,0.09999999999999998,0.611660904397518,0.3378537632347555,77631.8
Facebook,3.5,0.1,0.6,0.2867708813276609,0.63,0.0036848112517413323,0.3769827121489849,0.09999999999999998,0.5620757240330667,0.34059501498392086,79614.4
Facebook,3.5,0.1,0.7,0.27329679793123657,0.71,0.007618563256473867,0.39211457666331256,0.17499999999999996,0.6144427107381845,0.3585791290383476,80913.8
Facebook,3.5,0.1,0.8,0.25666701403933245,0.705,0.01177033671289962,0.45647314102472036,0.09999999999999998,0.6462514445934179,0.3708882975226314,78582.6
Facebook,3.5,0.1,0.9,0.2675074504294249,0.75,0.007545979571547895,0.4105553113936252,0.19999999999999996,0.6056418150416807,0.3493073983492442,80888.4
Facebook,3.5,0.1,1.0,0.24413488149594284,0.425,0.014358823887174715,0.4081722257874067,0.14999999999999997,0.6888483534538193,0.43201138600876793,82410.0
Facebook,3.5,0.2,0.1,0.28771877889730535,0.63,0.003026815922504503,0.3986213935632155,0.09999999999999998,0.5133675332574578,0.24105928785186395,74181.4
Facebook,3.5,0.2,0.2,0.28752968864029194,0.705,0.00779007478463113,0.4188895090215299,0.3249999999999999,0.5897528094575584,0.2536709436196773,75249.4
Facebook,3.5,0.2,0.3,0.29490317628487445,0.5900000000000001,0.008636480900760132,0.4511296297535021,0.22499999999999995,0.556212496696978,0.23985832752110295,76311.6
Facebook,3.5,0.2,0.4,0.2771751322367816,0.755,0.0039043290103984844,0.4143609653232522,0.3249999999999999,0.5304289631268846,0.31854103036655507,78244.8
Facebook,3.5,0.2,0.5,0.28787933831015894,0.5700000000000001,0.010851770596966962,0.4202042819190218,0.42499999999999993,0.6083232777324943,0.34565437606323085,80567.0
Facebook,3.5,0.2,0.6,0.26702788439723707,0.74,0.008149535488102645,0.37894887839568825,0.27499999999999997,0.6193194033653804,0.35058834336905775,80333.6
Facebook,3.5,0.2,0.7,0.27215407975830386,0.58,0.007788384624696871,0.38837884877678486,0.22499999999999995,0.5754487458649312,0.34459247166338186,81422.4
Facebook,3.5,0.2,0.8,0.2929883105714249,0.71,0.008355893177152417,0.3829949549027527,0.09999999999999998,0.601681872348539,0.3255802165013775,81649.4
Facebook,3.5,0.2,0.9,0.2867544022332595,0.7849999999999999,0.005512047080206008,0.44861928029042347,0.17499999999999996,0.5455289370917888,0.30762575897205935,81993.8
Facebook,3.5,0.2,1.0,0.27224096764109673,0.725,0.010694558118580385,0.4121824351257364,0.32499999999999996,0.6106110492501211,0.3430832616034082,82504.2
Facebook,3.5,0.3,0.1,0.29399407517527,0.615,0.008309779028938667,0.42388904508626163,0.27499999999999997,0.4924984676416674,0.2643869919534998,75789.0
Facebook,3.5,0.3,0.2,0.28344030869701,0.755,0.005028663078433397,0.3697897880283962,0.27499999999999997,0.5204320400694015,0.26557485709703765,77280.4
Facebook,3.5,0.3,0.3,0.24515270919926654,0.735,0.003691973497403074,0.36759182469750545,0.7249999999999999,0.5937598730886048,0.33847572683856203,77947.6
Facebook,3.5,0.3,0.4,0.2718500449692156,0.5900000000000001,0.008320035430294737,0.38765744924240575,0.24999999999999994,0.5632846877097921,0.3155512146070629,78290.6
Facebook,3.5,0.3,0.5,0.2766374586710917,0.76,0.003372719489632219,0.41982455709886823,0.24999999999999994,0.5439480154099259,0.29052690457384756,80167.2
Facebook,3.5,0.3,0.6,0.27621967743661935,0.7150000000000001,0.008393248821807052,0.38394620612134256,0.32499999999999996,0.5657096119191853,0.32471767056276535,80398.0
Facebook,3.5,0.3,0.7,0.2749379378319031,0.575,0.010536658361887318,0.3755112547075381,1.0749999999999997,0.5809915527731352,0.3521242990553052,82418.6
Facebook,3.5,0.3,0.8,0.2862162461827985,0.705,0.010952576998402158,0.43725138013485376,0.29999999999999993,0.5754826872392876,0.30536060645911867,81332.4
Facebook,3.5,0.3,0.9,0.26833639798729986,0.74,0.010213590142080753,0.36609107322945517,0.4499999999999999,0.6294089408839485,0.36210840513392045,83146.4
Facebook,3.5,0.3,1.0,0.2593339727023009,0.7150000000000001,0.007475944932370736,0.3658013901030842,0.5249999999999999,0.5834526153919383,0.38965603823816036,85567.4
Facebook,3.5,0.4,0.1,0.2915278784465047,0.74,0.004549011388691639,0.4178559575760411,0.07499999999999998,0.4963416601303873,0.23078787848701388,77344.6
Facebook,3.5,0.4,0.2,0.26616430505753086,0.745,0.0022577062603456174,0.4050971589877707,0.5749999999999998,0.46314897288141293,0.25016892119739503,77528.4
Facebook,3.5,0.4,0.3,0.28196216737333385,0.79,0.00273734985244818,0.38636358793212083,0.12499999999999997,0.5309780898277688,0.2585021183429517,79077.6
Facebook,3.5,0.4,0.4,0.29620837249215143,0.735,0.002861016177453108,0.3727689552523694,0.14999999999999997,0.49450400595974464,0.2465835716095563,80828.4
Facebook,3.5,0.4,0.5,0.27089458183052084,0.7550000000000001,0.0054383907106528104,0.40700444215388165,0.29999999999999993,0.5404475945139563,0.32409049336065976,81589.8
Facebook,3.5,0.4,0.6,0.27163543263230405,0.775,0.003799865260301465,0.39278076004931267,0.7249999999999999,0.5185834888617068,0.297302384028659,80554.2
Facebook,3.5,0.4,0.7,0.27765823809188683,0.72,0.007221564834797007,0.42273916070044465,0.2749999999999999,0.5411993449889498,0.29704737647467894,81737.6
Facebook,3.5,0.4,0.8,0.2582664120372027,0.71,0.007185815136596954,0.42314742197228317,0.39999999999999997,0.5616760496918206,0.34035257429300725,81962.2
Facebook,3.5,0.4,0.9,0.2721890142564557,0.72,0.011434579466028202,0.3982800154346514,0.4999999999999999,0.5797101763952651,0.3246867868216544,83907.2
Facebook,3.5,0.4,1.0,0.26658445633616196,0.7,0.010506758515325842,0.42403456416794566,0.7249999999999999,0.5672220793336835,0.33047094748258254,83091.4
Facebook,3.5,0.5,0.1,0.28603411952100294,0.7849999999999999,0.0034277670810130487,0.4446812313588051,0.35,0.4470112850500382,0.18012069985405585,75860.8
Facebook,3.5,0.5,0.2,0.2572912182708172,0.74,0.004934677376510819,0.35287585698592555,0.4499999999999999,0.5579314155334952,0.31938575902671984,80333.0
Facebook,3.5,0.5,0.3,0.27987753533368254,0.72,0.003343776306497583,0.42472914982453724,0.27499999999999997,0.46925321126872876,0.21679715262999183,78553.4
Facebook,3.5,0.5,0.4,0.2730697132161206,0.7150000000000001,0.009220271257905336,0.3771520839140349,0.3499999999999999,0.5530965771579434,0.2920158680448238,81491.2
Facebook,3.5,0.5,0.5,0.26966759716704247,0.745,0.003568064035105568,0.4148559992339635,0.27499999999999997,0.4638569204342458,0.25508524830837265,79766.0
Facebook,3.5,0.5,0.6,0.28462932727952933,0.7,0.0063690173563341005,0.4036638263850409,0.39999999999999997,0.5565962769820508,0.28170347817333335,83153.8
Facebook,3.5,0.5,0.7,0.28041271928723005,0.745,0.00543423406759279,0.3796198372031364,0.12499999999999997,0.5330624967941942,0.29071615111524907,83660.2
Facebook,3.5,0.5,0.8,0.2526450709073122,0.58,0.007921380606357479,0.3816938246429355,0.6249999999999998,0.6135895984006332,0.33240280026566704,82869.4
Facebook,3.5,0.5,0.9,0.24160735767660219,0.7150000000000001,0.010089276075786975,0.36153256065135386,1.1499999999999997,0.6050462489643557,0.34244912347741546,83389.8
Facebook,3.5,0.5,1.0,0.2668511617422481,0.76,0.008343577008427765,0.3657928148444284,0.4499999999999999,0.5892515359068536,0.3455413945031044,85459.2
mytest,0.5,0.1,0.1,0.16700822397576437,0.22000000000000003,0.04613995187258935,7.220002237953677,0.17777777777777776,0.32895610315744234,0.2825740497168646,6877.0
mytest,0.5,0.1,0.2,0.1749650823792943,0.32,0.041146121125041804,6.631512604850485,0.17777777777777776,0.3444651378510966,0.2544470209524555,7575.6
mytest,0.5,0.1,0.3,0.15631650081321252,0.36,0.04467596886404394,7.056184427715728,0.06666666666666665,0.27348838716514773,0.2153580960393255,7174.4
mytest,0.5,0.1,0.4,0.14708832903875887,0.52,0.03780840663917538,6.670119366317911,0.08888888888888888,0.2749004880283805,0.26478692663877756,8112.2
mytest,0.5,0.1,0.5,0.1471644321750371,0.24,0.05692034882014465,7.994435796102434,0.06666666666666665,0.27519842395221505,0.3444127458554081,6130.4
mytest,0.5,0.1,0.6,0.1503813575840959,0.22000000000000003,0.05489586087507899,7.999440815185243,0.15555555555555553,0.3079087220410852,0.3758435227181141,6466.8
mytest,0.5,0.1,0.7,0.14809608645247171,0.26,0.041241833733622946,7.296720725398953,0.11111111111111109,0.29346813186339865,0.2531600196527279,7143.8
mytest,0.5,0.1,0.8,0.14446273706317964,0.28,0.04387111903655083,7.292436456814931,0.11111111111111109,0.28488788135191123,0.2637904391862852,6984.8
mytest,0.5,0.1,0.9,0.14680903545241972,0.18,0.04903520301384788,7.9312227025518185,0.11111111111111109,0.302276031996952,0.3168397302111039,6523.6
mytest,0.5,0.1,1.0,0.14276237671199854,0.24,0.05403021894760979,7.743328557970793,0.06666666666666665,0.2846405443002692,0.3349154532547229,6506.6
mytest,0.5,0.2,0.1,0.11488410768877662,0.2,0.051544271400991194,8.423415741350075,0.11111111111111109,0.28736663210225916,0.39387003541751897,6096.2
mytest,0.5,0.2,0.2,0.1240397066354852,0.26,0.04636216706566877,7.51266168887486,0.06666666666666665,0.24313377662647545,0.30875298825828584,6552.8
mytest,0.5,0.2,0.3,0.12070633014368168,0.2,0.05476670092997497,7.8278036856187,0.11111111111111109,0.3053964946196501,0.37917597353328575,6250.4
mytest,0.5,0.2,0.4,0.12251403081502718,0.16,0.056465001070361585,8.081293194545474,0.06666666666666665,0.303781588019281,0.38949087302170604,6288.2
mytest,0.5,0.2,0.5,0.11487018998907446,0.18,0.05623749653528409,7.913870046102164,0.04444444444444444,0.30238335924826043,0.3783253862847894,6392.4
mytest,0.5,0.2,0.6,0.10784942453689247,0.26,0.05420579570204233,8.087544543942409,0.06666666666666665,0.2795557865629993,0.3334486043437073,6328.0
mytest,0.5,0.2,0.7,0.10986016454705205,0.22000000000000003,0.04944569747831303,7.961969530322298,0.08888888888888888,0.24878629305616004,0.3166741101151981,6458.0
mytest,0.5,0.2,0.8,0.09907011816467944,0.18,0.06132358959199431,8.94401500233987,0.1333333333333333,0.2703344528249997,0.3965841692406219,5456.4
mytest,0.5,0.2,0.9,0.11461039109003986,0.22000000000000003,0.050336286988574994,7.560463014098626,0.06666666666666665,0.26343455520338666,0.3592821169886505,6691.8
mytest,0.5,0.2,1.0,0.10661998049558838,0.24,0.05461114200272198,8.473454740596146,0.1333333333333333,0.2779224054242392,0.4012508153595096,5909.8
mytest,0.5,0.3,0.1,0.09861064212999593,0.12000000000000002,0.06322898050058894,8.46847665100519,0.08888888888888888,0.32045946026462074,0.4276692371600438,5996.4
mytest,0.5,0.3,0.2,0.09788625472443098,0.24,0.05079607493755258,8.001502861406015,0.08888888888888888,0.26788694334279184,0.4151943028663371,6442.0
mytest,0.5,0.3,0.3,0.0902739240870574,0.26,0.056569603992503326,8.297741687407328,0.1333333333333333,0.3565079111398938,0.3739073714553135,6075.0
mytest,0.5,0.3,0.4,0.09700661716918653,0.3,0.053001152376109514,7.779820415235813,0.06666666666666665,0.2924865215150987,0.381536018482893,6343.2
mytest,0.5,0.3,0.5,0.10084226970373449,0.24,0.048490097468967035,7.261573406787827,0.02222222222222222,0.2715580184309997,0.30665851303877123,6925.6
mytest,0.5,0.3,0.6,0.10027300053815973,0.3,0.04575819117567761,7.764724309367123,0.15555555555555553,0.2699249631453953,0.388961414047648,7040.8
mytest,0.5,0.3,0.7,0.10118791718650204,0.27999999999999997,0.04444674620050759,7.437090518830847,0.24444444444444438,0.2651785503544037,0.31253526940524273,7511.0
mytest,0.5,0.3,0.8,0.08847989153734759,0.2,0.05647736860980708,8.25634523829821,0.1333333333333333,0.30519407080887223,0.39852107549235927,6085.6
mytest,0.5,0.3,0.9,0.09816133787333887,0.3,0.037324973687220125,7.082554873332448,0.08888888888888888,0.1967249581074039,0.24697609218660177,7052.4
mytest,0.5,0.3,1.0,0.09043140973798362,0.3,0.048147044148780696,7.374993698748123,0.11111111111111109,0.2817938947292062,0.3030582474667695,7110.0
mytest,0.5,0.4,0.1,0.07879109037318499,0.32,0.05272233875757896,7.780265184099287,0.06666666666666665,0.31563470275513134,0.37336624898845694,6493.8
mytest,0.5,0.4,0.2,0.09026719447645129,0.42000000000000004,0.05567747641135408,7.8974503298089385,0.1333333333333333,0.3497119652467303,0.36941454051397227,6607.2
mytest,0.5,0.4,0.3,0.07742778625995184,0.22000000000000003,0.05185306838014404,7.901040976618127,0.11111111111111109,0.2805751117477858,0.3564185017278788,6093.0
mytest,0.5,0.4,0.4,0.06714325115101036,0.22000000000000003,0.06449726340893859,9.550392007810286,0.1333333333333333,0.39032586455448487,0.4428401288722538,5418.6
mytest,0.5,0.4,0.5,0.07626345079457389,0.2,0.06218575306380887,8.90783313188813,0.06666666666666665,0.37323872746139974,0.4501542165188727,5773.6
mytest,0.5,0.4,0.6,0.07361550660376566,0.3,0.04365929892816962,7.140060681812164,0.11111111111111109,0.2713228156912814,0.28786960417620955,6857.2
mytest,0.5,0.4,0.7,0.09579834920733116,0.27999999999999997,0.041155045384924524,6.718773215197082,0.08888888888888888,0.310378795297371,0.3424153649946241,8051.4
mytest,0.5,0.4,0.8,0.08331634472932528,0.28,0.05226117355764799,7.701943038594268,0.1333333333333333,0.3261546803376784,0.3731219963941871,6658.2
mytest,0.5,0.4,0.9,0.08056222555943382,0.2,0.05725980872762927,8.271273487457925,0.22222222222222218,0.3052601244641401,0.39833693458723507,5785.6
mytest,0.5,0.4,1.0,0.08712223429276272,0.38,0.027713327949771698,6.540695713484659,0.1333333333333333,0.19629123891249411,0.2602390628685353,7542.6
mytest,0.5,0.5,0.1,0.06932082592256075,0.18,0.06512031934355828,9.124587516592346,0.08888888888888888,0.3294245676556473,0.396940951092846,5629.6
mytest,0.5,0.5,0.2,0.07492527393760814,0.33999999999999997,0.05187736060930946,8.262722295964787,0.24444444444444438,0.27177944695626,0.37160756300026854,6320.0
mytest,0.5,0.5,0.3,0.07192718793316123,0.24,0.05461175194043942,8.551736066342558,0.04444444444444444,0.36321375611176965,0.36704118821096254,6073.4
mytest,0.5,0.5,0.4,0.07304218410793496,0.24,0.0640542467463665,9.046331424414259,0.15555555555555553,0.39313562025349913,0.40580713807950997,5820.8
mytest,0.5,0.5,0.5,0.0648200410271105,0.33999999999999997,0.05650150977209708,8.597436621475143,0.11111111111111109,0.3550058227422707,0.3871007288429089,5899.6
mytest,0.5,0.5,0.6,0.07950816643135293,0.26,0.0461378400401656,7.029221350452117,0.11111111111111109,0.3168183154379052,0.26442389574869474,7298.8
mytest,0.5,0.5,0.7,0.058264935877175406,0.16,0.06562973588482818,9.0735698805485,0.1333333333333333,0.3780957422499519,0.42627604070113073,5308.4
mytest,0.5,0.5,0.8,0.06131773823788147,0.14,0.06450271903433145,9.15636614391513,0.11111111111111109,0.4214808835619822,0.44292502165657854,5432.6
mytest,0.5,0.5,0.9,0.057054826890152885,0.22000000000000003,0.0771248477499866,10.012502128976347,0.08888888888888888,0.3880832661025463,0.5084316603503201,5169.0
mytest,0.5,0.5,1.0,0.07406837359426297,0.22000000000000003,0.06501843618330684,8.904736247807634,0.15555555555555553,0.30050749049270364,0.4344439743931899,5492.6
mytest,1,0.1,0.1,0.21260152777406693,0.6199999999999999,0.017768596757587372,4.5229606543666945,0.06666666666666665,0.22649088078071059,0.22849908951884865,12736.0
mytest,1,0.1,0.2,0.16543377609699947,0.6,0.02183684295955357,4.70643539129764,0.11111111111111109,0.2573172625025085,0.22666331185771565,10894.6
mytest,1,0.1,0.3,0.17252106390739708,0.6599999999999999,0.009175465587892223,3.866606236220774,0.17777777777777776,0.1617460252805362,0.2556263314925601,12893.6
mytest,1,0.1,0.4,0.14149281023627683,0.6599999999999999,0.014266375039038293,4.626123760010816,0.02222222222222222,0.20601805760508607,0.25741872399074556,10592.6
mytest,1,0.1,0.5,0.18707094511673408,0.74,0.006253741866676673,2.6765847144608523,0.06666666666666665,0.19599377301116624,0.32645194415333423,14636.2
mytest,1,0.1,0.6,0.13891138368066677,0.48,0.014925924926277607,5.221683847761311,0.06666666666666665,0.3743625293416076,0.32688652513287675,10800.0
mytest,1,0.1,0.7,0.16555699338773633,0.6,0.011917452497836508,4.078063381169047,0.11111111111111109,0.2274382645771568,0.4243206033748576,13792.8
mytest,1,0.1,0.8,0.15520147636218135,0.6,0.015061966425839087,4.805142870091773,0.19999999999999996,0.23304352146621082,0.3304752370384709,12068.4
mytest,1,0.1,0.9,0.15794800087499025,0.64,0.007327702255904549,3.3783444164496492,0.08888888888888888,0.21187810387392586,0.3893695383899555,14285.8
mytest,1,0.1,1.0,0.14119837605684973,0.58,0.015339957279711294,4.112773820535067,0.08888888888888888,0.2613493013406274,0.3405114388756979,12545.6
mytest,1,0.2,0.1,0.18772292656669037,0.62,0.009625068264682568,3.9640864139285044,0.1333333333333333,0.16549855700130964,0.15967181935397806,12652.4
mytest,1,0.2,0.2,0.1934351918634739,0.76,0.004943008809526613,2.9363420974044,0.11111111111111109,0.15723723409868415,0.373022663831971,15535.4
mytest,1,0.2,0.3,0.17217066255036956,0.7,0.005306311310918233,3.9804435166597996,0.17777777777777776,0.10840320956422167,0.3560998080297118,13789.8
mytest,1,0.2,0.4,0.163976697095016,0.6599999999999999,0.008835387250699723,3.944944867755879,0.15555555555555553,0.12899702007189787,0.38074415675717754,13641.6
mytest,1,0.2,0.5,0.16320669187462514,0.64,0.006892536022136041,3.3329861523056055,0.1333333333333333,0.1861811391834321,0.294366827571961,14066.6
mytest,1,0.2,0.6,0.2095313094240842,0.78,0.0024108905665912463,2.7864660481549146,0.19999999999999996,0.12024472205772199,0.3808402085973995,16877.0
mytest,1,0.2,0.7,0.15413405291471885,0.7,0.007852225614059506,3.701313211793682,0.24444444444444438,0.16438899110950264,0.2983476600224981,13641.4
mytest,1,0.2,0.8,0.1656895379070004,0.6799999999999999,0.01074203636515674,3.990327301844739,0.17777777777777776,0.17073172884633347,0.5168801858020584,14465.0
mytest,1,0.2,0.9,0.14382924868741162,0.64,0.0066742661353458394,3.6020533625259423,0.28888888888888886,0.15634383648768896,0.3956898783789179,13710.0
mytest,1,0.2,1.0,0.13179183659924745,0.58,0.014925376476118602,4.264082375507324,0.22222222222222218,0.24535595961146345,0.25325057487698105,11711.0
mytest,1,0.3,0.1,0.18051181656562393,0.76,0.0034194688381447846,3.5709136195917326,0.42222222222222217,0.09388030712383107,0.4645286509941169,15189.2
mytest,1,0.3,0.2,0.16721967183161376,0.6599999999999999,0.005722160419205619,3.507137529350801,0.2444444444444444,0.0623665306755186,0.2633890789371254,13335.0
mytest,1,0.3,0.3,0.12930756916263625,0.48,0.008893448170371398,4.995922503917795,0.42222222222222217,0.22614950079600185,0.2866905563268839,11527.6
mytest,1,0.3,0.4,0.14189450834620893,0.58,0.015322519654141248,4.4216539418043475,0.24444444444444438,0.1865667319147494,0.24949514943228865,11729.4
mytest,1,0.3,0.5,0.15673286831981983,0.62,0.0077053778739945514,4.093052882013237,0.44444444444444436,0.10534077271007566,0.2989053284470516,13428.6
mytest,1,0.3,0.6,0.14569081251152666,0.5599999999999999,0.009056635812864134,3.8198097432407723,0.33333333333333326,0.1613445543638531,0.4253271715765746,13334.0
mytest,1,0.3,0.7,0.13338017598587426,0.7,0.007987639822653523,4.582186493845457,0.33333333333333326,0.09300141203806099,0.2733795609099313,12083.2
mytest,1,0.3,0.8,0.15797273515780152,0.5599999999999999,0.01040383804320602,3.875559006906811,0.2666666666666666,0.07952621852014792,0.3425950187816908,12865.8
mytest,1,0.3,0.9,0.14652563692651174,0.72,0.007036548000117169,3.4863948167644425,0.2666666666666666,0.14434045474119472,0.29049068473949224,14121.4
mytest,1,0.3,1.0,0.12876687207521834,0.58,0.009999093809358045,4.235063116481929,0.31111111111111106,0.1232505813254007,0.19967684354790824,11619.0
mytest,1,0.4,0.1,0.14037820289965358,0.5199999999999999,0.014912478084816261,4.794053261624329,0.3777777777777777,0.1862327874976318,0.3458660601913265,11662.2
mytest,1,0.4,0.2,0.19602774283878785,0.72,0.0019536289220421976,2.76750616302768,0.37777777777777766,0.08171501573723731,0.3175107560018864,16099.0
mytest,1,0.4,0.3,0.15960188650526902,0.64,0.015742128006887117,4.20807210383276,0.5333333333333332,0.14140514115935024,0.3157293197993124,12766.6
mytest,1,0.4,0.4,0.14740823605951975,0.72,0.007740201931023606,3.685326569919694,0.5333333333333332,0.13029450210155757,0.2892899052995015,13859.2
mytest,1,0.4,0.5,0.1334395554853948,0.74,0.0069561256625273234,3.8224393547465256,0.44444444444444436,0.14276321784232965,0.3887693791627972,13405.2
mytest,1,0.4,0.6,0.1611293901909272,0.54,0.014006298265345302,4.0356338431321594,0.511111111111111,0.17001273281741283,0.27002205621413367,14327.4
mytest,1,0.4,0.7,0.15086170248252573,0.7,0.008580798619441884,4.08431883050328,0.44444444444444436,0.10443181150317053,0.25320673675707617,12727.4
mytest,1,0.4,0.8,0.14595712650503131,0.6199999999999999,0.007372931671076288,4.067873822468891,0.44444444444444436,0.12091354125662299,0.2557927862499616,12954.0
mytest,1,0.4,0.9,0.13153322483522129,0.6599999999999999,0.004904488577388745,4.377026707098288,0.33333333333333326,0.06107398232003754,0.38775767433384684,12941.2
mytest,1,0.4,1.0,0.15804633893098846,0.74,0.0026838131672726044,2.954340919811262,0.3777777777777777,0.14269453051733277,0.4706147068280405,16431.0
mytest,1,0.5,0.1,0.1545159785726535,0.6799999999999999,0.009735844438742241,3.907634010066071,0.33333333333333326,0.13519663252857508,0.3037650011131576,13835.0
mytest,1,0.5,0.2,0.12459604726847909,0.58,0.007817300007039944,4.125141955908628,0.42222222222222217,0.1818890110347848,0.37438455212971194,12371.2
mytest,1,0.5,0.3,0.17639782135654958,0.72,0.00298386889505231,3.5635390114935577,0.3999999999999999,0.08286314016253861,0.47106557125320825,16538.0
mytest,1,0.5,0.4,0.15114454594030613,0.64,0.01256799955253561,4.555111796047674,0.42222222222222217,0.20093266340065807,0.501140086735725,14174.4
mytest,1,0.5,0.5,0.1687589723745156,0.6799999999999999,0.003472776451027366,3.4782043363718045,0.3555555555555555,0.0607564913325883,0.30350445512407076,14427.2
mytest,1,0.5,0.6,0.13348056127314784,0.64,0.0073533453907407495,4.663650522237175,0.3999999999999999,0.04085752678259315,0.2074113105361975,11656.8
mytest,1,0.5,0.7,0.126172965897793,0.58,0.008198935025900756,4.003959768517288,0.44444444444444436,0.17913197599104605,0.26772627688633455,12614.8
mytest,1,0.5,0.8,0.1095211770747722,0.52,0.022787596654164202,5.657264792899508,0.33333333333333326,0.2088961692901624,0.29496614498057727,10243.0
mytest,1,0.5,0.9,0.16060167775513415,0.64,0.012689816527682498,3.553802488808813,0.31111111111111106,0.1533657827085419,0.3518402515701278,14944.2
mytest,1,0.5,1.0,0.14077852646331782,0.6599999999999999,0.011941691079695073,4.618154192716547,0.3777777777777777,0.08803337368956272,0.3416427135712993,12367.0
mytest,1.5,0.1,0.1,0.24064840072876126,0.82,0.003392414301155355,2.442643994097628,0.15555555555555553,0.12681068138993506,0.2392799252356308,16336.6
mytest,1.5,0.1,0.2,0.26594560131239375,0.74,0.00393160009443826,2.364700934247173,0.1333333333333333,0.1601081668173075,0.2191795892825426,18017.8
mytest,1.5,0.1,0.3,0.24411802863229112,0.8,0.002374225953557133,2.1002927842230394,0.19999999999999996,0.21634379700336553,0.3593008506895079,19356.0
mytest,1.5,0.1,0.4,0.24917979914639488,0.76,0.007307602604568361,2.722957407620939,0.08888888888888888,0.24701119935810537,0.2391324178375728,17652.2
mytest,1.5,0.1,0.5,0.20572089346611988,0.72,0.004281695250386366,2.6939725812927757,0.11111111111111109,0.25464729790091006,0.42734230483842184,17505.6
mytest,1.5,0.1,0.6,0.2070145277120797,0.6799999999999999,0.006882158288867668,2.895137120515847,0.1333333333333333,0.25607765792044695,0.31405471425527437,17178.6
mytest,1.5,0.1,0.7,0.20954977038976116,0.8,0.0023172487088426396,2.196638499571047,0.1333333333333333,0.22274774240531067,0.44667732357483764,18617.8
mytest,1.5,0.1,0.8,0.2365695833868328,0.74,0.004080170154063601,2.0592687184475658,0.11111111111111109,0.18881587677549405,0.31934917463312124,18922.8
mytest,1.5,0.1,0.9,0.24560656140157372,0.74,0.0042988480830381025,1.912521315724307,0.11111111111111109,0.24244196578450866,0.3165428708212373,19574.2
mytest,1.5,0.1,1.0,0.24149207588672747,0.8200000000000001,0.0028502107716940677,1.859675355307799,0.5333333333333332,0.24731801724323538,0.32507855322730206,20227.0
mytest,1.5,0.2,0.1,0.22894959286639285,0.74,0.0026636357547042662,2.339861144487414,0.37777777777777766,0.2299830926469702,0.3673416269086308,18649.8
mytest,1.5,0.2,0.2,0.18765709020460566,0.6799999999999999,0.006959626963909317,3.2185906067439314,0.3333333333333333,0.2094557288743534,0.26795842898515226,14199.4
mytest,1.5,0.2,0.3,0.23225795113521647,0.82,0.0023263885096293855,2.261772118398088,0.3999999999999999,0.16234765662299014,0.30386038584445674,18709.8
mytest,1.5,0.2,0.4,0.22406917883085672,0.74,0.006957264233827446,2.8724483380358654,0.2666666666666666,0.19106607864152894,0.256674619669866,16772.8
mytest,1.5,0.2,0.5,0.20691502429700445,0.6799999999999999,0.003534558723994345,2.5329427649481366,0.19999999999999996,0.1927601658032554,0.36100706846243263,17295.0
mytest,1.5,0.2,0.6,0.23891518211982277,0.78,0.0027224570417845534,1.920843825050754,0.28888888888888886,0.22005182186475816,0.2501711518266946,19831.2
mytest,1.5,0.2,0.7,0.21892126443053356,0.76,0.004976158884211003,2.5885177407541105,0.31111111111111106,0.25808955488514107,0.302218754585328,19059.2
mytest,1.5,0.2,0.8,0.1991594384620789,0.74,0.0020475419573803854,2.096818823912237,0.3555555555555555,0.21008383425304394,0.46666735959278843,18759.8
mytest,1.5,0.2,0.9,0.21329349897269623,0.74,0.0023883049144394434,2.3766530852053256,0.2666666666666666,0.14578184910450342,0.29710766201190736,17067.6
mytest,1.5,0.2,1.0,0.19435396816085126,0.7,0.004438685872116129,2.6126712950464723,0.3777777777777777,0.17888903255828412,0.29910280306879294,16720.4
mytest,1.5,0.3,0.1,0.17474499727253395,0.72,0.005042717675788181,2.6910202026629464,0.37777777777777766,0.26166000638158005,0.3549937918369599,15973.0
mytest,1.5,0.3,0.2,0.24657281825291283,0.7,0.0026415985517357354,2.2373715890932595,0.37777777777777766,0.11703101270186869,0.21570151983652783,18558.2
mytest,1.5,0.3,0.3,0.18620709132922214,0.8,0.0022325376589273976,2.609018564031255,0.3999999999999999,0.277504980764963,0.5330661079662595,18567.8
mytest,1.5,0.3,0.4,0.21341494182458381,0.7,0.002687131350773249,2.810087422240837,0.42222222222222217,0.17197210738147328,0.4243942015815726,18111.4
mytest,1.5,0.3,0.5,0.18085864994116782,0.64,0.005518098562646494,3.3123424256789464,0.37777777777777766,0.24795278365527626,0.3051352267274588,16193.8
mytest,1.5,0.3,0.6,0.18342346463890585,0.8,0.0026077233120657276,2.4569210335379985,0.2666666666666666,0.18134056575642138,0.3244698066118189,16843.2
mytest,1.5,0.3,0.7,0.15574445137785292,0.58,0.009043035206401805,3.1744236266196992,0.5777777777777777,0.2736052911822955,0.3179483647428471,14819.8
mytest,1.5,0.3,0.8,0.20561744537100654,0.74,0.0029385232330545134,2.0868897499003407,0.5999999999999999,0.28610909736472573,0.49435097642352377,20002.0
mytest,1.5,0.3,0.9,0.17802605925446782,0.6799999999999999,0.0024936233474240387,2.256424392573094,0.31111111111111106,0.31155919106493973,0.4568966205133907,19274.2
mytest,1.5,0.3,1.0,0.2033504440981236,0.8400000000000001,0.002628308322985151,2.0833508211893275,0.42222222222222217,0.34294266622475045,0.5390616493720758,20935.0
mytest,1.5,0.4,0.1,0.20756226083575474,0.72,0.002556000252146033,2.6748043250526297,0.711111111111111,0.15855215800888778,0.45625428479257063,17982.4
mytest,1.5,0.4,0.2,0.2198745562023868,0.78,0.002774210436889393,2.653509680555845,0.7777777777777777,0.11841856328209568,0.37239585147585125,17893.0
mytest,1.5,0.4,0.3,0.2023881606525503,0.76,0.0045543148505587955,2.690136281295575,0.5777777777777777,0.13493111703135446,0.2528298325130125,16757.0
mytest,1.5,0.4,0.4,0.19903977916943463,0.76,0.0024328577947771864,2.2379854194536337,0.4888888888888888,0.21225322561228435,0.3977392462814044,18484.4
mytest,1.5,0.4,0.5,0.2282031282325124,0.8,0.002530678352587182,2.2721959411760784,0.5333333333333332,0.13560186133627058,0.3352610787640299,18472.2
mytest,1.5,0.4,0.6,0.2057737222667133,0.8,0.0018625125990331302,2.212040295238315,0.3555555555555555,0.18504170014617077,0.41233761773471855,18856.6
mytest,1.5,0.4,0.7,0.20866043334218887,0.74,0.004695896367732827,2.587496439370239,0.6444444444444444,0.15377117677103497,0.2810808374589079,18013.2
mytest,1.5,0.4,0.8,0.18415218491907598,0.62,0.005961143221258658,2.926661175819842,0.4666666666666666,0.29153693744483966,0.30397083341744047,16575.0
mytest,1.5,0.4,0.9,0.1808830160177354,0.78,0.004651237286126898,2.8379573983029425,0.6888888888888888,0.16171491958251366,0.26087101436006876,16447.4
mytest,1.5,0.4,1.0,0.18349080816866362,0.72,0.006906778854269169,2.6745350114739397,0.6444444444444443,0.15343517440268345,0.24114761958911646,16271.2
mytest,1.5,0.5,0.1,0.2374228472634028,0.7,0.007130756698203457,2.6576262077206882,0.5333333333333332,0.12113719963266674,0.18458542924645482,18087.8
mytest,1.5,0.5,0.2,0.21784356623871667,0.74,0.002400242381265066,2.298932574471189,0.3999999999999999,0.1782571523354962,0.42037499828504055,19018.6
mytest,1.5,0.5,0.3,0.20024948660396236,0.62,0.013488821035732294,3.519848480290628,0.17777777777777776,0.24053774640270084,0.22165280052976816,16063.2
mytest,1.5,0.5,0.4,0.2127731371693536,0.7,0.0035758556103622995,3.1394355461116623,0.6444444444444443,0.09724745250520007,0.4008249924562512,16971.4
mytest,1.5,0.5,0.5,0.17605622414187536,0.72,0.006777862046814682,2.9794961024766287,0.39999999999999997,0.10320707522730568,0.2809289904927667,15183.6
mytest,1.5,0.5,0.6,0.19476474427422208,0.7,0.005428799088204034,2.927404287597697,0.7777777777777776,0.11315623258719668,0.34489117465319563,16323.0
mytest,1.5,0.5,0.7,0.21217206877329028,0.74,0.003589293676438665,2.4453137848276634,0.5111111111111111,0.15235467871523833,0.32021987895576814,18055.4
mytest,1.5,0.5,0.8,0.23470086535195928,0.76,0.0035321527557911304,2.1380125917828465,0.5111111111111111,0.13280294190596176,0.319498985370659,19847.2
mytest,1.5,0.5,0.9,0.20074370392014926,0.78,0.0026785752390210403,2.4430306069010816,0.6888888888888888,0.1548728923258822,0.4367920079358389,17953.2
mytest,1.5,0.5,1.0,0.21640239118270296,0.82,0.0021272403642468556,1.9491663466890992,0.44444444444444436,0.21847646136207505,0.38490835650410826,20014.4
mytest,2,0.1,0.1,0.2841371170739253,0.76,0.002217937158856357,2.060561930316155,0.2444444444444444,0.18177674974901786,0.25828860130230413,18794.6
mytest,2,0.1,0.2,0.28905704344500877,0.8400000000000001,0.002620998511721369,2.0520512916646347,0.1555555555555555,0.19435260073171376,0.27540494278857375,20788.0
mytest,2,0.1,0.3,0.24446204497668714,0.76,0.0019340816615553038,2.0696570273144057,0.08888888888888888,0.2756905897954687,0.400729049599701,20120.6
mytest,2,0.1,0.4,0.2741775757162119,0.76,0.0022155962621135854,2.0287936694776874,0.15555555555555553,0.25952287594639367,0.36364284321500695,21059.8
mytest,2,0.1,0.5,0.2411693368905698,0.82,0.0032697259832061266,1.8298309863630107,0.19999999999999996,0.3062106949770203,0.4322133517970107,20604.0
mytest,2,0.1,0.6,0.24497188679927578,0.8,0.0023407085430982464,2.269193035298846,0.1333333333333333,0.23501408876121652,0.32507508971284504,18828.8
mytest,2,0.1,0.7,0.2581602337105793,0.82,0.0019341913509986024,1.6862179271398319,0.28888888888888886,0.29629138430774143,0.39962301056201505,21405.2
mytest,2,0.1,0.8,0.2323959160185062,0.78,0.003124972186906233,1.7245189020384586,0.15555555555555553,0.32673842428347033,0.3648486144271182,20945.6
mytest,2,0.1,0.9,0.26382684614520463,0.8,0.001994410936203746,2.1643183996533137,0.19999999999999996,0.23522542144568898,0.34095526987456914,20162.6
mytest,2,0.1,1.0,0.2827028748605078,0.78,0.0019024438410975438,1.8972211017349445,0.17777777777777776,0.25308964847980336,0.2871717517075252,21220.2
mytest,2,0.2,0.1,0.29200273779633773,0.82,0.0024893882591817433,1.8172116595254528,0.19999999999999996,0.2027781493350175,0.2543532309768982,21157.4
mytest,2,0.2,0.2,0.2629491579706221,0.8,0.003089443591278062,2.1875852053280154,0.311111111111111,0.26179281929605375,0.34918996368719285,19449.6
mytest,2,0.2,0.3,0.2813226929839483,0.76,0.002834238757106639,1.9245400631398166,0.17777777777777776,0.22246377276168178,0.32849293629272125,21269.0
mytest,2,0.2,0.4,0.2928610797850376,0.78,0.002193753445213679,1.829336805099911,0.24444444444444438,0.22937634533904272,0.21577828820383332,21425.8
mytest,2,0.2,0.5,0.21168995023100043,0.8,0.0033159595062474843,2.4047674102504457,0.6888888888888888,0.26929627642600573,0.37681021052336516,18355.2
mytest,2,0.2,0.6,0.24316867207093634,0.76,0.002188297395341817,1.9575990492771347,0.37777777777777766,0.33633090602218585,0.3762164949267948,20696.2
mytest,2,0.2,0.7,0.2917043924465855,0.76,0.0021261142555061663,1.5748416050883898,0.44444444444444436,0.23564058409473346,0.26645161627389935,22043.2
mytest,2,0.2,0.8,0.2645838319229176,0.78,0.0025180600781583283,1.8404349274447385,0.4888888888888888,0.2765671733446933,0.3368754811574773,21587.4
mytest,2,0.2,0.9,0.2837560732165915,0.8,0.002472313590025356,1.860702342403357,0.2666666666666666,0.21474597097006928,0.3026610400319817,21500.4
mytest,2,0.2,1.0,0.2823133686399245,0.8,0.0025283891089615913,1.6431669718167843,0.44444444444444436,0.22645066187922575,0.29255785071633983,21579.2
mytest,2,0.3,0.1,0.2870177784716817,0.7,0.0037324670526629466,2.1509303134397997,0.6222222222222221,0.136796543512099,0.17986097796286976,19730.0
mytest,2,0.3,0.2,0.25176752578794165,0.78,0.0024187736114086923,1.9288060171674188,0.3777777777777777,0.2215374676123413,0.3743078355681935,20005.2
mytest,2,0.3,0.3,0.27886398492602965,0.82,0.002679553581515183,1.9618574002137876,0.622222222222222,0.19913463268127174,0.261045035819206,20644.2
mytest,2,0.3,0.4,0.2671016161034575,0.76,0.005446560998076676,2.046807667182335,0.48888888888888876,0.2068139363961369,0.20166711709983431,19348.8
mytest,2,0.3,0.5,0.28597549392602406,0.78,0.002545001847923092,1.8290499940154377,0.5555555555555555,0.18823906487698752,0.21584779899337114,20739.8
mytest,2,0.3,0.6,0.20506929278950964,0.76,0.0024615574243375795,2.306788701442806,0.5999999999999999,0.3071555683964048,0.4969139847187634,19422.6
mytest,2,0.3,0.7,0.23645918960709408,0.7,0.0024558906265252666,1.870105146774936,0.6666666666666665,0.30241997521882585,0.30425843126948526,20588.0
mytest,2,0.3,0.8,0.2724330134084879,0.6799999999999999,0.005671914615141842,1.8901439454495925,0.8222222222222222,0.2695953665618426,0.2663592018849805,21229.8
mytest,2,0.3,0.9,0.28283509014079095,0.78,0.002479041984469043,1.540360983345505,0.3999999999999999,0.2270263723230427,0.2868183659308673,22116.2
mytest,2,0.3,1.0,0.243293541759198,0.8,0.0020458754982734927,2.4644899674645506,0.7333333333333332,0.19119430662403405,0.2995478409346952,18906.2
mytest,2,0.4,0.1,0.24479311125472109,0.78,0.0026450164278921514,2.2252952835341078,0.7777777777777777,0.25621557659106775,0.3924133147464172,20281.6
mytest,2,0.4,0.2,0.27500927938813746,0.74,0.002901500029022396,1.9416992433332692,0.7333333333333332,0.1603303548157552,0.1388790956534314,20185.4
mytest,2,0.4,0.3,0.2530838600571794,0.76,0.0030426412992760653,2.314796079387798,0.7333333333333332,0.18146557223510829,0.2206496430553088,19368.8
mytest,2,0.4,0.4,0.27783040342588344,0.72,0.0029296008975584413,1.589140076253552,0.6888888888888888,0.22525863492253664,0.2359609187531345,21206.6
mytest,2,0.4,0.5,0.28515604550251356,0.76,0.0042179414749345945,2.312216048562051,0.5555555555555555,0.14949754011846866,0.2095987231408452,20175.8
mytest,2,0.4,0.6,0.2778993359688136,0.76,0.00236926260494213,2.196660149596596,0.3999999999999999,0.19494532624235425,0.2837665644344158,21347.8
mytest,2,0.4,0.7,0.20831249777820485,0.78,0.0022273345153178362,2.090877070447579,0.9111111111111109,0.2932245803652346,0.4244054405966954,19896.0
mytest,2,0.4,0.8,0.2366648967157567,0.78,0.0019021470287127907,1.894152332022252,0.5333333333333332,0.21118740716897463,0.3434441605036691,19483.4
mytest,2,0.4,0.9,0.19038158946510753,0.72,0.004848728628734332,2.0857683604680326,0.4666666666666666,0.28316337464682717,0.36512247465065417,18934.6
mytest,2,0.4,1.0,0.26149096950603035,0.74,0.002827178813969061,1.8065335480570361,0.37777777777777766,0.214615101482389,0.24618297634836842,20952.4
mytest,2,0.5,0.1,0.26548800300127456,0.82,0.0031910230539494216,1.806258674839367,0.8888888888888887,0.22982601319234502,0.32583787217756316,20738.4
mytest,2,0.5,0.2,0.25979455028993625,0.76,0.002237660687753925,1.8842959666280699,0.6888888888888888,0.23966850562172826,0.18409494320421288,21285.8
mytest,2,0.5,0.3,0.2871716383558984,0.8200000000000001,0.002727697627408981,1.6232541193934285,0.5333333333333332,0.18885710672064887,0.29706320307027984,21598.0
mytest,2,0.5,0.4,0.24081158974876438,0.8,0.002142303893490875,2.0434379175014414,0.7777777777777777,0.17392462223065489,0.2832565927740868,19568.2
mytest,2,0.5,0.5,0.23173608876097496,0.8,0.002842164448714634,1.7226752775687537,0.8888888888888887,0.2396853495826563,0.4045971085463491,20749.0
mytest,2,0.5,0.6,0.24277353334883117,0.8,0.0030461042669473817,1.7385610319329583,0.8444444444444443,0.24577165868477785,0.3974788226666918,21421.0
mytest,2,0.5,0.7,0.22685966432605364,0.74,0.0038259036353314097,2.0569065829061257,0.6222222222222221,0.16340997628261317,0.33094638570085333,18873.2
mytest,2,0.5,0.8,0.23360023754389259,0.76,0.0027849459612139713,2.1430338586020854,0.4888888888888888,0.18560633468730625,0.32239781809110996,19896.8
mytest,2,0.5,0.9,0.27482690206134486,0.78,0.0033016710153738844,1.9022513238740948,0.5999999999999999,0.1899649434798675,0.21080776577693278,21230.8
mytest,2,0.5,1.0,0.1859702473390416,0.76,0.003324237936063907,2.186742462106548,0.5777777777777777,0.3258286736424811,0.4916659825421876,19373.0
mytest,2.5,0.1,0.1,0.33389942518964083,0.8,0.002238420587557273,2.0113622022427258,0.24444444444444438,0.16540546665201245,0.19355503356370052,21012.2
mytest,2.5,0.1,0.2,0.2923222120856006,0.68,0.0024944656500959462,2.0679795047994554,0.17777777777777776,0.24359451738237015,0.23660792604809436,19487.4
mytest,2.5,0.1,0.3,0.3110561616178381,0.74,0.002465578083063498,1.5993150969480376,0.33333333333333326,0.23969481006870721,0.27027289542098776,22081.0
mytest,2.5,0.1,0.4,0.30655585151894826,0.78,0.001937210947319249,1.6233585579912464,0.08888888888888888,0.2409632450162357,0.2780366287666821,21684.6
mytest,2.5,0.1,0.5,0.2867802616337026,0.8,0.0017790475683334688,1.8010412163491112,0.3555555555555555,0.31335560283696756,0.3834703212837188,22162.8
mytest,2.5,0.1,0.6,0.26343095422953866,0.76,0.0018693073928814905,1.5885958625870287,0.19999999999999996,0.310631556147306,0.4154237732052778,22481.0
mytest,2.5,0.1,0.7,0.26161924064145436,0.78,0.002852186229721591,1.644278211910979,0.17777777777777776,0.3005746980010868,0.35026101530521253,22060.2
mytest,2.5,0.1,0.8,0.27526248475500525,0.76,0.0029448717198339996,1.9029391501137156,0.11111111111111109,0.2804997903719651,0.2886481105355664,20941.4
mytest,2.5,0.1,0.9,0.2919163405800812,0.86,0.0023231824758044224,2.069622966607149,0.15555555555555553,0.2502578952624887,0.2888497447524051,21445.2
mytest,2.5,0.1,1.0,0.29500301645418603,0.8,0.002555568522588549,1.8608170701283964,0.1333333333333333,0.24956951649148648,0.22680763821588332,20795.4
mytest,2.5,0.2,0.1,0.3157231067256439,0.76,0.0024519602396611178,1.5901152508636396,0.24444444444444438,0.21105839794816825,0.2523459880988983,21716.0
mytest,2.5,0.2,0.2,0.3089234623921314,0.8,0.001960558935613463,1.5543436544728977,0.33333333333333326,0.2284702815918198,0.22668960560397994,21871.6
mytest,2.5,0.2,0.3,0.3066360682425933,0.8800000000000001,0.0018030686868505158,1.639335205433838,0.3777777777777777,0.25776480941405355,0.27205094471853497,22463.8
mytest,2.5,0.2,0.4,0.26800696848278477,0.8400000000000001,0.002138958037572854,2.001839638477022,0.5777777777777777,0.24198036408064683,0.2727474190700354,21163.2
mytest,2.5,0.2,0.5,0.24085094391267936,0.78,0.0023481194398226146,1.9102434060415163,0.19999999999999996,0.3083797479006217,0.34514346802045276,21403.8
mytest,2.5,0.2,0.6,0.27301340847646594,0.8400000000000001,0.003871420313181103,1.932799720544256,0.2666666666666666,0.2863223307330843,0.25284191038501147,21863.4
mytest,2.5,0.2,0.7,0.2867753667662265,0.78,0.0026279690304257556,1.7677016426178873,0.3333333333333333,0.2437179312858639,0.29789362363760163,22456.4
mytest,2.5,0.2,0.8,0.2446609946328889,0.76,0.0062663328879008036,2.276688490350317,0.42222222222222217,0.3648533204990102,0.3134488936977496,21191.6
mytest,2.5,0.2,0.9,0.2867599460077276,0.8400000000000001,0.001464984712000784,1.5158348058473545,0.511111111111111,0.2889758076943481,0.34839267886235337,22471.6
mytest,2.5,0.2,1.0,0.2839566036846778,0.72,0.0021342034519314843,1.5817813568315735,0.31111111111111106,0.3079733600356296,0.2511700663613726,22469.8
mytest,2.5,0.3,0.1,0.3147046859119145,0.78,0.0028961695456204044,1.540043698820177,0.6222222222222221,0.2096395203673395,0.28143585495411305,22004.8
mytest,2.5,0.3,0.2,0.2885780457182678,0.8,0.0037164716479161945,1.767135459851847,0.28888888888888886,0.25943531679553616,0.2899685995236875,21624.2
mytest,2.5,0.3,0.3,0.2716870302527473,0.76,0.0021607836138426645,1.6552113845604288,0.5333333333333332,0.23150944496751658,0.26712686476348596,21652.0
mytest,2.5,0.3,0.4,0.29139310771132443,0.74,0.001937572468886552,1.679493055071152,0.44444444444444436,0.2604786118440804,0.2711371076020902,21544.6
mytest,2.5,0.3,0.5,0.3024907717817003,0.74,0.0028427478704409473,1.9718072312661126,0.5555555555555555,0.19802173419767444,0.20574555999388897,21607.0
mytest,2.5,0.3,0.6,0.29477214084747627,0.76,0.003331022424675145,1.8237767492368913,0.28888888888888886,0.25486932361295145,0.2686756443741881,21477.4
mytest,2.5,0.3,0.7,0.2924193605733782,0.8,0.0030402149759659386,1.5199009775610361,0.28888888888888886,0.17978414682765215,0.19878670895281264,21237.0
mytest,2.5,0.3,0.8,0.29161992720621555,0.82,0.002067191707557093,1.7828862236337866,0.4666666666666666,0.22970128948184532,0.2759646417191061,21854.4
mytest,2.5,0.3,0.9,0.29957536127283835,0.8,0.0023359618508266696,1.7786331552044934,0.11111111111111109,0.24801064874769416,0.29704173451621313,22358.2
mytest,2.5,0.3,1.0,0.32879260613449246,0.8,0.0025613393004378553,1.6243826056850843,0.5999999999999999,0.2579902395635777,0.2602159232665754,23451.6
mytest,2.5,0.4,0.1,0.25173352730185716,0.76,0.0018294535993342502,1.6488897085611718,0.5555555555555555,0.3086174103801599,0.37107080302713313,21592.4
mytest,2.5,0.4,0.2,0.32850035981967063,0.78,0.0030629095848415597,1.6586781804968809,0.44444444444444436,0.15973724846147877,0.15306528550157314,21728.4
mytest,2.5,0.4,0.3,0.28402402057526865,0.8200000000000001,0.0021069417839847475,1.8874523827594423,0.7333333333333332,0.19416551291029355,0.25244608688782255,21121.2
mytest,2.5,0.4,0.4,0.3061689787558643,0.8,0.0028467131606718216,1.6459788410083962,0.42222222222222217,0.24855108558801345,0.2550563120952591,22835.4
mytest,2.5,0.4,0.5,0.29051461001463386,0.78,0.002509967391382007,1.9171215177695102,0.5333333333333332,0.24097744778029656,0.28043531728608795,21609.6
mytest,2.5,0.4,0.6,0.2987494377914294,0.74,0.003859550363838858,1.6815461694101388,0.7333333333333332,0.1941343535321784,0.24434894196030674,22720.8
mytest,2.5,0.4,0.7,0.3023130824594422,0.8,0.003261206491116421,1.582670879096178,0.3999999999999999,0.23884037374113296,0.3111192541385675,22788.8
mytest,2.5,0.4,0.8,0.29448707649539246,0.74,0.0030898172213547734,1.972142470119491,0.6222222222222221,0.24153647459889066,0.1801679306692414,22066.2
mytest,2.5,0.4,0.9,0.2586209632949566,0.78,0.002899699591329225,1.9881428708489666,0.6666666666666665,0.1775047382493775,0.2427070887112516,20474.8
mytest,2.5,0.4,1.0,0.30840872718271334,0.8,0.003391503255603674,1.3646299716735144,0.7333333333333332,0.3008585604374905,0.30200279983657496,24230.6
mytest,2.5,0.5,0.1,0.26688869140364896,0.76,0.003123215531371325,1.812095448867287,0.7333333333333332,0.23364521325500043,0.3315368876273273,21184.2
mytest,2.5,0.5,0.2,0.311255009595966,0.76,0.0030857821005529046,1.6535024888536767,0.3555555555555555,0.2274660586733246,0.19363963434763148,21942.6
mytest,2.5,0.5,0.3,0.2829749190635583,0.7,0.002858872760127023,2.2014725178116006,0.8444444444444443,0.15895221228491277,0.12619093643858376,20184.2
mytest,2.5,0.5,0.4,0.30766951822200034,0.76,0.002849866891158431,1.7730187264593433,0.822222222222222,0.17200965819319505,0.23069486182593457,21999.4
mytest,2.5,0.5,0.5,0.2671526906520508,0.78,0.0028195260706420497,1.6383255701628525,0.7777777777777777,0.24011177466568084,0.32449375188182283,21783.4
mytest,2.5,0.5,0.6,0.3069755125646331,0.8400000000000001,0.0021953695974819753,1.719786205689885,0.42222222222222217,0.19598245766774064,0.21875376335483923,21626.6
mytest,2.5,0.5,0.7,0.31817299190055104,0.78,0.00295389408615952,1.5141017646116484,0.5999999999999999,0.21492620803544513,0.23176455916393487,23473.0
mytest,2.5,0.5,0.8,0.30006575560788157,0.8,0.0028592395942959752,1.5394061248307103,0.5555555555555555,0.22368233335097645,0.24821231675692848,22272.0
mytest,2.5,0.5,0.9,0.2706505049154973,0.68,0.0033049167325525076,1.9094912555493297,0.6888888888888888,0.22839446629556792,0.2120575656335763,21294.6
mytest,2.5,0.5,1.0,0.29920077450596977,0.8400000000000001,0.0031080734968649904,1.5717410880728295,0.5999999999999999,0.21478104540383605,0.264375070293771,22817.8
mytest,3,0.1,0.1,0.3189214903122863,0.74,0.004256540911569647,1.9518933976616843,0.17777777777777776,0.2531196608127726,0.17096077259081785,20706.8
mytest,3,0.1,0.2,0.289355521004553,0.74,0.002337208215960553,1.8620660517561993,0.44444444444444436,0.3188315885262324,0.20649203744336647,21369.4
mytest,3,0.1,0.3,0.2270034870570965,0.72,0.004327984417943119,1.7531111134319928,0.19999999999999996,0.3737742704896256,0.3972940177197035,21207.0
mytest,3,0.1,0.4,0.25491521954014523,0.8400000000000001,0.003930656668031046,2.2898495009056448,0.3333333333333333,0.399070542619243,0.3539357526827037,21097.2
mytest,3,0.1,0.5,0.33173692569234553,0.8,0.0017619540331607405,1.7113191023877188,0.2666666666666666,0.2786110908576059,0.2667621217966068,22939.2
mytest,3,0.1,0.6,0.25913203701491894,0.72,0.003052588135166249,1.8812180165987253,0.08888888888888888,0.41700109493842696,0.3712765232488449,22145.4
mytest,3,0.1,0.7,0.3328159981884594,0.8,0.0025024257572186922,1.6922034754998638,0.11111111111111109,0.27626862903449667,0.22838560310813433,22292.4
mytest,3,0.1,0.8,0.3358380628175276,0.8200000000000001,0.002197772516987844,1.5263073577491613,0.24444444444444438,0.25042886158847294,0.20126361314119978,22375.2
mytest,3,0.1,0.9,0.24900664718400672,0.8400000000000001,0.00252009567384601,1.7981069075888694,0.17777777777777776,0.4123018710150396,0.46115883069774455,21677.2
mytest,3,0.1,1.0,0.2668764536445316,0.8400000000000001,0.002776867889506575,1.5172655725238038,0.2666666666666666,0.36938587681388857,0.43859138198670317,23388.4
mytest,3,0.2,0.1,0.3087866583684491,0.8,0.00419857816444045,1.9853562716754627,0.5555555555555555,0.23652360739617903,0.2550509505712072,21621.8
mytest,3,0.2,0.2,0.3009596720817634,0.86,0.0016859772047381032,1.7224431681909007,0.24444444444444438,0.29635418088037113,0.32287523968647686,21361.4
mytest,3,0.2,0.3,0.2923137012490257,0.8,0.0023111433342723657,1.8117175119823172,0.5999999999999999,0.27039990104165973,0.2733523399825983,21537.2
mytest,3,0.2,0.4,0.2983566351101535,0.78,0.0026588360520857775,1.8245962044339499,0.42222222222222217,0.2549470183087485,0.30173409020997666,21239.6
mytest,3,0.2,0.5,0.2469822416582786,0.82,0.002183729422016268,1.4363682164390488,0.6444444444444443,0.37608106485952975,0.43800114840323773,23003.4
mytest,3,0.2,0.6,0.3063308147404625,0.8200000000000001,0.002784593489919298,1.794019278924947,0.5111111111111111,0.22639798190911464,0.14802602809788837,21467.6
mytest,3,0.2,0.7,0.30841577534425574,0.76,0.002338641123879684,1.6520461915248525,0.3777777777777777,0.34577626496697694,0.3692327466678985,23469.4
mytest,3,0.2,0.8,0.22408623604732752,0.72,0.002615361758783375,1.502834430896899,0.3555555555555555,0.40887851045214596,0.5284413718063087,22024.4
mytest,3,0.2,0.9,0.2853603329117451,0.78,0.0024163237432554023,1.7958015887537808,0.5999999999999999,0.2942573645259163,0.3167154587527038,21944.0
mytest,3,0.2,1.0,0.3505517921833768,0.78,0.002877601596057545,1.5360536949871246,0.48888888888888876,0.2660045182158535,0.24732519451238386,24023.8
mytest,3,0.3,0.1,0.2983255029815817,0.8,0.0024588328867536182,1.4788706374534129,0.42222222222222217,0.270359839863349,0.22249962796634004,22739.8
mytest,3,0.3,0.2,0.33444759463852075,0.8,0.0023040385555375335,1.6023196895455112,0.7999999999999999,0.25423947380012435,0.2071306071800004,23508.0
mytest,3,0.3,0.3,0.3204110209486938,0.78,0.002716860622364884,1.5452246995731567,0.6444444444444443,0.2717434249601122,0.21633210246863738,22755.2
mytest,3,0.3,0.4,0.32323598378550267,0.8,0.0025889867348482232,1.5230934398548535,1.1555555555555554,0.23623112320697795,0.21523336200335957,23485.2
mytest,3,0.3,0.5,0.29556098810140596,0.8400000000000001,0.002271117729045649,1.6423695609247226,0.31111111111111106,0.34801672826960534,0.4044829453773967,23124.6
mytest,3,0.3,0.6,0.34452521320566415,0.8400000000000001,0.002043679108035733,1.575212110261527,0.3555555555555555,0.22976502478220776,0.24552755809167387,22970.0
mytest,3,0.3,0.7,0.33428981173372857,0.72,0.003351479031015836,1.6259466755620493,0.7555555555555554,0.24238854216042385,0.12762981014858094,22442.2
mytest,3,0.3,0.8,0.29792068466153393,0.76,0.002434624289965998,1.5988207685985656,0.6444444444444443,0.30418922703141205,0.25257652032508304,22422.4
mytest,3,0.3,0.9,0.2877822695230834,0.78,0.0024432103342442225,1.5949267432338052,0.42222222222222217,0.31908704855887005,0.40647295961241925,23189.2
mytest,3,0.3,1.0,0.32351207873904914,0.8,0.0030680155906698406,1.59540607638213,0.6666666666666665,0.27085640788166854,0.25931685702999413,23471.6
mytest,3,0.4,0.1,0.3247757591448513,0.8,0.003140410788344982,1.6652262861048552,0.7555555555555553,0.23503758314100903,0.13045020594664947,21844.2
mytest,3,0.4,0.2,0.3328479135358198,0.76,0.0023743619045932165,1.5581509840369172,1.1555555555555554,0.20498989994881148,0.15786792535492478,22455.6
mytest,3,0.4,0.3,0.28856996711475585,0.76,0.0031574103171648125,1.7090848405678531,0.6222222222222221,0.24935946312971877,0.2914837973882546,22205.6
mytest,3,0.4,0.4,0.2820401679692293,0.82,0.001932786300867992,1.4335717082986013,0.5777777777777777,0.3385244499598208,0.40846847925573265,23377.2
mytest,3,0.4,0.5,0.21741018091999945,0.78,0.0026208633768353235,1.6590772765560224,0.9111111111111109,0.41194435302279037,0.492778522233266,22522.0
mytest,3,0.4,0.6,0.29836519303958503,0.8200000000000001,0.0028924980342061317,1.6789358799001803,0.7777777777777777,0.289883735749668,0.34015431933661167,22529.2
mytest,3,0.4,0.7,0.2784388127287148,0.76,0.00241660534958996,1.5613530650442657,0.6222222222222221,0.28027095983713163,0.2799884247164308,22157.6
mytest,3,0.4,0.8,0.28316901143008655,0.8,0.002555689415557038,1.6377772484267417,0.6444444444444443,0.33956272998624526,0.32478892294533124,22769.6
mytest,3,0.4,0.9,0.30982189192535114,0.74,0.002912289309365405,1.428790636671788,0.4666666666666666,0.28184467774832533,0.2980293846407201,24316.0
mytest,3,0.4,1.0,0.3399299828883744,0.78,0.0031283359542464695,1.6542608198419042,0.48888888888888876,0.29446865752014345,0.26837259770473265,23552.0
mytest,3,0.5,0.1,0.31964640165728025,0.8,0.0033202846745077168,1.5216519592664999,0.6222222222222221,0.23862491642156405,0.23525328587599406,23028.6
mytest,3,0.5,0.2,0.32134461982064977,0.76,0.0029738867882473027,1.6083142643472832,1.0888888888888888,0.2508037417214045,0.22905868537982146,22933.4
mytest,3,0.5,0.3,0.35996896226134284,0.8200000000000001,0.004124175738872184,1.6328485446588925,0.48888888888888876,0.16937448606900535,0.15132640789781432,22204.8
mytest,3,0.5,0.4,0.3207127607499241,0.8400000000000001,0.0029758545600059943,1.5274658086783106,0.7555555555555553,0.230511353746913,0.23523445852154543,22931.4
mytest,3,0.5,0.5,0.27522741070032,0.82,0.0027734010267399445,1.4145160718443734,0.7999999999999998,0.3148678313632776,0.33985021852279756,23155.0
mytest,3,0.5,0.6,0.3225166478901442,0.8,0.002765571218552833,1.4147370793250698,0.48888888888888876,0.25257104241328066,0.32647762041889206,23357.2
mytest,3,0.5,0.7,0.2386805749060427,0.72,0.003919231253343516,1.893581697954175,0.8444444444444443,0.3573946043134367,0.3917427383998747,21114.4
mytest,3,0.5,0.8,0.27592710389907127,0.8400000000000001,0.003430057512684913,1.7090695789829191,0.5555555555555555,0.26891986178289085,0.3368517122657296,22177.8
mytest,3,0.5,0.9,0.3269556314500913,0.74,0.0030413794778883963,1.7146531982781255,0.31111111111111106,0.24697897381074094,0.29438117389065777,22858.6
mytest,3,0.5,1.0,0.30349835708825257,0.78,0.0034194416870140546,1.5583523869668012,0.3999999999999999,0.30407390905372583,0.3352358643397171,23923.0
mytest,3.5,0.1,0.1,0.35466642104824425,0.78,0.0025843190516402904,1.8325850398393453,0.28888888888888886,0.27067994728249906,0.18912435530462093,22703.0
mytest,3.5,0.1,0.2,0.3650110271059585,0.78,0.0024860312571068056,1.669102857554351,0.15555555555555553,0.2409325932067226,0.1936396992110891,23526.6
mytest,3.5,0.1,0.3,0.3467050412108213,0.74,0.0022702990365830048,1.579367450183628,0.1333333333333333,0.25944162818209004,0.23717928509320743,23228.8
mytest,3.5,0.1,0.4,0.2647787222744194,0.7,0.0033367248324125596,1.8203457903400622,0.31111111111111106,0.3723195271061433,0.3272092262686435,21958.0
mytest,3.5,0.1,0.5,0.3599203516876127,0.78,0.0023045827242464656,1.6052500742618403,0.11111111111111109,0.2445132850713704,0.21686595505893097,23232.6
mytest,3.5,0.1,0.6,0.3355711668719209,0.76,0.0027454971819233275,1.3398890582627718,0.22222222222222218,0.3035721071078824,0.32817066023358066,23269.6
mytest,3.5,0.1,0.7,0.27144651891722477,0.78,0.002782019618197289,1.7153658164350574,0.22222222222222218,0.3409135820545861,0.34412390743799615,22032.6
mytest,3.5,0.1,0.8,0.36377720486853427,0.76,0.0018120337650129887,1.553397503507295,0.1333333333333333,0.27418856978888206,0.21530073653464457,23537.4
mytest,3.5,0.1,0.9,0.3521404727644888,0.76,0.0029408953800120264,1.6393104126347235,0.08888888888888888,0.2649297054236026,0.2009203052324798,22994.8
mytest,3.5,0.1,1.0,0.3173835620050333,0.76,0.0022497955901402246,1.8679993274462352,0.19999999999999996,0.3099366585828023,0.242909132577822,21984.4
mytest,3.5,0.2,0.1,0.35343414252018357,0.8,0.001968039201322484,1.4986205879855983,0.4666666666666666,0.2183527939214879,0.22838530813345045,22664.0
mytest,3.5,0.2,0.2,0.34006302694319174,0.8,0.0017877956147893815,1.7184075526243858,0.44444444444444436,0.19928607238423415,0.1647728131821466,21229.0
mytest,3.5,0.2,0.3,0.32801444937165775,0.76,0.002212004158324903,1.5352483116407982,0.4888888888888888,0.3162478019836124,0.35816487503004035,23156.0
mytest,3.5,0.2,0.4,0.34927192700892074,0.8200000000000001,0.001384648535676524,1.6533899811398136,0.7333333333333332,0.31010695486363143,0.26070651312857074,23686.8
mytest,3.5,0.2,0.5,0.2830631851539803,0.76,0.0024429147027800295,1.6084058941573018,0.5999999999999999,0.32383973239865566,0.3233899756293165,22603.2
mytest,3.5,0.2,0.6,0.3889215418240804,0.8200000000000001,0.002310722665470813,1.5072537924258327,0.1333333333333333,0.23517480336385507,0.18550817203413966,23736.8
mytest,3.5,0.2,0.7,0.29956459593346724,0.78,0.0023143504770375073,1.4554740870419622,0.42222222222222217,0.360046173239818,0.32736956855006977,24079.4
mytest,3.5,0.2,0.8,0.35287761476242024,0.78,0.0027851967348514715,1.519569440354009,0.711111111111111,0.27945317351554994,0.25465071764409497,23920.4
mytest,3.5,0.2,0.9,0.2992380010389032,0.78,0.004940604912047792,1.6486223319401916,0.4666666666666666,0.35862402333699717,0.3582669985895618,22896.4
mytest,3.5,0.2,1.0,0.3390251431214709,0.74,0.0023986482512404527,1.6637523599105495,0.28888888888888886,0.2676573737564499,0.2281957846916376,23089.6
mytest,3.5,0.3,0.1,0.3576145710714237,0.78,0.0030270151040232333,1.4248043787032663,0.9333333333333332,0.22026201289160788,0.17744900089750731,23847.0
mytest,3.5,0.3,0.2,0.33199105871707846,0.76,0.002169447910206768,1.484825411222623,0.711111111111111,0.2520523041467544,0.19388690675011042,23432.6
mytest,3.5,0.3,0.3,0.34938702951901685,0.8200000000000001,0.002016566962850524,1.674746182960088,0.44444444444444436,0.2147253055603565,0.18843701347643865,22977.6
mytest,3.5,0.3,0.4,0.32445483279385334,0.8,0.0024755889221249514,1.5565299830232266,0.6444444444444443,0.24807162263995947,0.2555895270532781,22659.0
mytest,3.5,0.3,0.5,0.3298576971039729,0.8,0.003115291004487211,1.5689062295145355,0.24444444444444438,0.25501179587668416,0.2046737553605915,23787.8
mytest,3.5,0.3,0.6,0.24035080454141228,0.8,0.0028319020579958562,1.5876186343593732,0.5999999999999999,0.4144720947979856,0.4877572938085393,23849.6
mytest,3.5,0.3,0.7,0.3651905756639885,0.8400000000000001,0.0023683130431200287,1.4420116115239736,0.42222222222222217,0.2544749101405214,0.2083536953266643,23904.4
mytest,3.5,0.3,0.8,0.31166383054071845,0.7,0.0021716536794326225,1.3451474473991625,0.6444444444444444,0.34067643386733215,0.3074378332896003,24246.0
mytest,3.5,0.3,0.9,0.322455652069625,0.8200000000000001,0.003091529856737317,1.503602820813787,0.5333333333333333,0.3032376836119862,0.31077215149473786,24432.8
mytest,3.5,0.3,1.0,0.3267606253142442,0.86,0.0019447798678785173,1.4249944752850952,0.2666666666666666,0.26881894833612985,0.24516762659107944,23245.8
mytest,3.5,0.4,0.1,0.3637436068249912,0.8400000000000001,0.0024296758620317694,1.6194542849849882,0.3999999999999999,0.20570087038780582,0.18434513742506792,23465.6
mytest,3.5,0.4,0.2,0.37021778154137436,0.86,0.0024464399357355957,1.4075249992587024,0.3777777777777777,0.24234106858685092,0.20731842173169737,23663.4
mytest,3.5,0.4,0.3,0.3383581666779766,0.72,0.002007978657050851,1.4310608462539904,0.9111111111111109,0.28933393495290793,0.23263827900894868,23600.0
mytest,3.5,0.4,0.4,0.34420252421845476,0.76,0.0028556582081448673,1.5119902526440065,0.9111111111111109,0.2515059324128272,0.23306814795782188,23075.0
mytest,3.5,0.4,0.5,0.2859338476128753,0.8,0.003070656585833905,1.7458132721837891,0.6888888888888888,0.31484756508891454,0.3548015799741258,23209.2
mytest,3.5,0.4,0.6,0.31200658450144647,0.72,0.004148159248031234,1.514900417249276,0.3777777777777777,0.278533216887816,0.3016130675210378,22726.4
mytest,3.5,0.4,0.7,0.3133305753128177,0.8,0.002159750053725235,1.582547332983343,0.711111111111111,0.29001156167689784,0.3092272448644866,23768.8
mytest,3.5,0.4,0.8,0.2954998339216842,0.8400000000000001,0.0035043459920217055,1.5702301321256333,0.7777777777777777,0.29028505657158615,0.2723851699938167,23286.6
mytest,3.5,0.4,0.9,0.32528578919120005,0.76,0.002204728161288517,1.5007139565639511,0.6222222222222221,0.24135974537193264,0.19864676926462338,23376.2
mytest,3.5,0.4,1.0,0.33571101032666795,0.78,0.0021139161395029244,1.4430158939310682,0.6444444444444443,0.29122915549970446,0.28362579748460437,24220.8
mytest,3.5,0.5,0.1,0.3203738391061064,0.7,0.0029784622530320036,1.5373634534419705,0.5333333333333332,0.22731781367624126,0.19702167958615874,22699.6
mytest,3.5,0.5,0.2,0.34552596965895155,0.8,0.0028664594919960576,1.5159839381454794,1.022222222222222,0.21599747986837103,0.1850881973785376,23722.8
mytest,3.5,0.5,0.3,0.33643173562483725,0.76,0.0033036279203354627,1.962910433421698,0.7999999999999998,0.22351664311557046,0.19670144037019868,22449.8
mytest,3.5,0.5,0.4,0.2935886722324964,0.8400000000000001,0.002449020286342915,1.6693828071810397,0.9777777777777776,0.3241225348119595,0.31717007772716277,23745.8
mytest,3.5,0.5,0.5,0.3497174157546147,0.78,0.00280712262652041,1.5610284731556487,0.7333333333333332,0.23791042437323306,0.20247766744397003,23875.4
mytest,3.5,0.5,0.6,0.2633269851271446,0.78,0.0035696006394234036,1.562785296361832,0.9333333333333332,0.3510915679131725,0.3775683783154901,23662.4
mytest,3.5,0.5,0.7,0.33635046368407834,0.6799999999999999,0.00248843020579874,1.5637355193879134,0.5111111111111111,0.22069436027542738,0.13389625875946187,23018.6
mytest,3.5,0.5,0.8,0.34769800523575034,0.78,0.002478457664169394,1.654262926823375,0.5111111111111111,0.2802177832483212,0.21185656092905208,24838.2
mytest,3.5,0.5,0.9,0.38684321704309144,0.82,0.003084595893013307,1.4548551132191847,0.5999999999999999,0.22068773959286014,0.16476106453986236,24788.0
mytest,3.5,0.5,1.0,0.3024431481914924,0.72,0.0023119262343579286,1.6676135622917632,0.7999999999999998,0.3237915101201371,0.2672831514307366,24158.8
Chamelon,0.5,0.0,0.1,0.2962152986931915,0.21818181818181817,0.02252510862533681,4.254006124387901,0.19999999999999998,0.2581161892874605,0.03596289013383929,5641.4
Chamelon,0.5,0.0,0.2,0.27179740326269786,0.09090909090909091,0.025403387063528866,4.162854584940854,0.16363636363636364,0.3312010017674278,0.04450986002846881,5945.6
Chamelon,0.5,0.0,0.3,0.2550994147742224,0.1,0.027385476341895372,4.451453112140972,0.10909090909090909,0.2959988405804041,0.011734931425976043,5427.4
Chamelon,0.5,0.0,0.4,0.2486544273385934,0.2,0.022236212156496064,3.76647220990636,0.1818181818181818,0.2753307738226204,0.028404269186513148,7003.0
Chamelon,0.5,0.0,0.5,0.24124801571430407,0.12727272727272726,0.025243707876690325,4.281462586716919,0.07272727272727272,0.30729841595773383,0.03260491887659779,5758.2
Chamelon,0.5,0.0,0.6,0.24748924371907327,0.16363636363636364,0.03030676621739315,4.549872199898074,0.05454545454545454,0.2829856506152054,0.037599134886422074,5636.0
Chamelon,0.5,0.0,0.7,0.2439697305566036,0.16363636363636364,0.03357790760088629,4.185483224661353,0.01818181818181818,0.30278425031317435,0.03490057824785976,6169.4
Chamelon,0.5,0.0,0.8,0.24450023968086348,0.17272727272727273,0.0431263782943837,4.468573691841465,0.01818181818181818,0.25162870664762094,0.06236704196180885,5449.2
Chamelon,0.5,0.0,0.9,0.2445671009374739,0.2,0.040510780408901964,4.099526299552183,0.07272727272727272,0.2654777151151029,0.04219819546914878,6225.6
Chamelon,0.5,0.0,1.0,0.24757827033904406,0.21818181818181817,0.03556110142447644,4.452677759399244,0.07272727272727272,0.24617255491420562,0.06452781758548344,5802.0
Chamelon,0.5,0.02,0.1,0.2761733147460292,0.14545454545454545,0.03254244552064388,4.439571743091618,0.1818181818181818,0.22363061252058078,0.030180377602585868,5381.6
Chamelon,0.5,0.02,0.2,0.25154337446986086,0.16363636363636364,0.03210654021506773,4.280878850887617,0.0909090909090909,0.2786258870298717,0.02863194347386756,5674.2
Chamelon,0.5,0.02,0.3,0.24211525191932193,0.18181818181818182,0.031194685033497427,4.664104707233256,0.10909090909090909,0.23627380289972427,0.04756602033743641,5785.0
Chamelon,0.5,0.02,0.4,0.24073159123749982,0.10909090909090909,0.032939094419059414,4.295523126448645,0.07272727272727272,0.2501770611398445,0.05489836628002084,5846.8
Chamelon,0.5,0.02,0.5,0.23195069416705824,0.1,0.03587046625635472,4.533099786481596,0.05454545454545454,0.26317140636347747,0.0653321291439004,5550.6
Chamelon,0.5,0.02,0.6,0.23874109823940035,0.21818181818181817,0.03955904909422088,4.031594695828437,0.10909090909090909,0.22102075202675703,0.05896426412836577,6561.4
Chamelon,0.5,0.02,0.7,0.2350707048321187,0.18181818181818182,0.04216756428802455,4.2294608369118265,0.12727272727272726,0.15759871881955995,0.1171860495134824,6064.4
Chamelon,0.5,0.02,0.8,0.2357997807281828,0.14545454545454545,0.04564317877439582,4.612718474610665,0.05454545454545454,0.13615730940160045,0.092785640986184,5423.8
Chamelon,0.5,0.02,0.9,0.242762833616709,0.19090909090909092,0.043422099737611165,4.2418720563354695,0.14545454545454545,0.21845596409922252,0.07937981515622465,5615.8
Chamelon,0.5,0.02,1.0,0.24384686306819175,0.20909090909090908,0.03897507316520137,4.41090923834227,0.16363636363636364,0.21304519889320192,0.08418786604016774,5684.4
Chamelon,0.5,0.04,0.1,0.26908006099077636,0.21818181818181817,0.03401680137075356,4.128060007151719,0.12727272727272726,0.232235422236074,0.033673314375518584,6119.0
Chamelon,0.5,0.04,0.2,0.24401668855698647,0.14545454545454545,0.028532958241539196,4.262583910299051,0.0909090909090909,0.23010532986465115,0.049655824273622765,6309.6
Chamelon,0.5,0.04,0.3,0.23865422147555537,0.2909090909090909,0.030263176264947123,4.061642624827671,0.14545454545454545,0.23700768648289086,0.048038257755222816,6423.2
Chamelon,0.5,0.04,0.4,0.22595579706182223,0.22727272727272724,0.037211039502533856,4.113599283465185,0.07272727272727272,0.19961202986436047,0.09254559737260207,6061.6
Chamelon,0.5,0.04,0.5,0.22125564833969485,0.14545454545454545,0.03329250064873664,4.195514955832862,0.0909090909090909,0.19075314323547302,0.09033229299190888,6286.4
Chamelon,0.5,0.04,0.6,0.23427930651147477,0.24545454545454545,0.04123299443822674,3.8086312269491716,0.05454545454545454,0.2056784862575453,0.061542515559595154,6629.6
Chamelon,0.5,0.04,0.7,0.22527727112609766,0.10909090909090909,0.043667199406619256,4.509596281605406,0.10909090909090909,0.18814143005728834,0.10675461657223655,5635.4
Chamelon,0.5,0.04,0.8,0.2231034710628057,0.17272727272727273,0.0408641093816481,4.204072169246648,0.07272727272727272,0.14032991921407834,0.11292673464143906,5987.8
Chamelon,0.5,0.04,0.9,0.23024445868206342,0.1727272727272727,0.047044879127997985,4.3044432326481,0.10909090909090909,0.20665963532470308,0.09410053297065632,5780.4
Chamelon,0.5,0.04,1.0,0.22882879541078144,0.13636363636363635,0.04902843192738348,4.6585398645439415,0.0909090909090909,0.13813742327774522,0.13114060768283334,5616.4
Chamelon,0.5,0.06,0.1,0.25370467050613466,0.18181818181818182,0.037810839315830555,4.053643072329285,0.12727272727272726,0.15990437518594294,0.07914488179395612,6364.0
Chamelon,0.5,0.06,0.2,0.22750896129748646,0.16363636363636364,0.03386875113233506,4.334254070192868,0.0909090909090909,0.18876519649361673,0.1196898067433474,5734.4
Chamelon,0.5,0.06,0.3,0.22913304527198458,0.38181818181818183,0.03718199928563913,4.0579980916136575,0.2727272727272727,0.1706392486639777,0.060170909913908846,6478.4
Chamelon,0.5,0.06,0.4,0.21790023428643018,0.16363636363636364,0.042930790474933464,4.459362233598779,0.21818181818181812,0.18088389449259817,0.1118518237751702,5666.8
Chamelon,0.5,0.06,0.5,0.21547040711386867,0.18181818181818182,0.04615060952953457,4.163744044050693,0.10909090909090909,0.21192299487680027,0.10745769620191958,6176.8
Chamelon,0.5,0.06,0.6,0.2086518326119718,0.18181818181818182,0.04969350332023008,4.329696578007166,0.03636363636363636,0.15470974243808774,0.1324434221011571,5766.2
Chamelon,0.5,0.06,0.7,0.21370220987365296,0.1,0.041985255251272516,4.267993451745502,0.0909090909090909,0.12882882442485213,0.13125673654813821,5979.0
Chamelon,0.5,0.06,0.8,0.21824818215028094,0.1,0.04341722892944246,4.122543652330864,0.19999999999999998,0.1936713099425554,0.10718145605357854,6149.0
Chamelon,0.5,0.06,0.9,0.21426031788341854,0.20909090909090908,0.03999358917475785,4.305836275448876,0.16363636363636364,0.1335385778410891,0.13906846575491144,6283.0
Chamelon,0.5,0.06,1.0,0.21785598162724235,0.20909090909090908,0.04053162743149114,4.119547005560863,0.14545454545454545,0.13718080294041693,0.121353698664602,6541.8
Chamelon,0.5,0.08,0.1,0.22314165585401075,0.17272727272727273,0.04282672264777332,4.616910094990671,0.0909090909090909,0.10165679492592557,0.1490316207694505,5509.8
Chamelon,0.5,0.08,0.2,0.2055939430723237,0.12727272727272726,0.05173586439436052,4.5690339645921245,0.16363636363636364,0.15496543000365903,0.13452668483191565,5352.2
Chamelon,0.5,0.08,0.3,0.2113744875540799,0.19090909090909092,0.04316610507397236,4.012750902498069,0.03636363636363636,0.1472016188971005,0.10249341194240894,6414.8
Chamelon,0.5,0.08,0.4,0.21549527277506791,0.14545454545454545,0.0401212130974508,4.4135476075031805,0.07272727272727272,0.1768052767603913,0.13404363112071085,6047.2
Chamelon,0.5,0.08,0.5,0.2086062854552288,0.15454545454545454,0.043435218291902125,4.096169609290629,0.07272727272727272,0.13944622600188103,0.13287972028410613,6161.0
Chamelon,0.5,0.08,0.6,0.20626596350332518,0.15454545454545454,0.04232743593828518,4.107830878501343,0.10909090909090909,0.15459592182226442,0.13618585946524858,5953.0
Chamelon,0.5,0.08,0.7,0.20168065700692459,0.1,0.04594780240280366,4.442454407662966,0.16363636363636364,0.15490145351582746,0.15446573077371134,5826.6
Chamelon,0.5,0.08,0.8,0.2045284586630211,0.13636363636363638,0.04853709179296935,4.484969789532099,0.3090909090909091,0.14768049619687304,0.1548549185635164,5954.6
Chamelon,0.5,0.08,0.9,0.20634704055498315,0.23636363636363633,0.04330394275306278,4.0668523760481134,0.0909090909090909,0.14243687065138705,0.11611509005255898,6435.4
Chamelon,0.5,0.08,1.0,0.20004316882579234,0.06363636363636363,0.054190719050185784,4.6924330515003,0.10909090909090909,0.14367804931872635,0.19126732646018266,5327.8
Chamelon,1,0.0,0.1,0.29573659737251834,0.6090909090909091,0.00685543656598746,2.296327025274091,0.23636363636363633,0.18645318505429367,0.3304907590916949,12617.0
Chamelon,1,0.0,0.2,0.27260608946228615,0.43636363636363634,0.003721646351260343,2.089552507719012,0.2727272727272727,0.15501903400298553,0.2528769447768166,14029.0
Chamelon,1,0.0,0.3,0.24637671030622635,0.7272727272727273,0.004815335535629321,2.392926779956683,0.16363636363636364,0.18562903617201196,0.37666784775283857,12756.6
Chamelon,1,0.0,0.4,0.235845808821402,0.6,0.0031356490184923707,2.1173971191452736,0.1818181818181818,0.09553361667993605,0.3958847167180003,15174.4
Chamelon,1,0.0,0.5,0.23172705107724986,0.5909090909090909,0.005830038547586449,2.312112865974467,0.19999999999999998,0.14710139932483135,0.34822668930344447,13491.6
Chamelon,1,0.0,0.6,0.22068981490608564,0.7090909090909091,0.0038121476381328943,2.1294886945334057,0.2727272727272727,0.06421033502916437,0.34758914760838416,14847.4
Chamelon,1,0.0,0.7,0.22129264624104553,0.6363636363636364,0.006283887183383782,2.4560641427609298,0.1818181818181818,0.18014204881577917,0.2612533308982898,12820.8
Chamelon,1,0.0,0.8,0.22223502898738517,0.7,0.005298822513985629,2.246817105298189,0.2545454545454545,0.08400673704016937,0.38558555811541834,14866.4
Chamelon,1,0.0,0.9,0.21835572065443598,0.6,0.010133855232365142,2.039952956586878,0.16363636363636364,0.0751373550752735,0.3086172660228246,14210.2
Chamelon,1,0.0,1.0,0.21454997402264472,0.4545454545454545,0.012008880262228568,2.674709021597717,0.19999999999999998,0.18388588224989108,0.31620563305746674,11276.0
Chamelon,1,0.02,0.1,0.29203165788595975,0.7090909090909091,0.0036066347016344945,2.3363776826462743,0.1818181818181818,0.3531212818574895,0.24170261017687622,13363.6
Chamelon,1,0.02,0.2,0.26001780998824425,0.6909090909090909,0.003501907772590668,2.3702369007534436,0.14545454545454545,0.3189661780309748,0.32388187861657236,12743.4
Chamelon,1,0.02,0.3,0.23154541076237162,0.36363636363636365,0.021743562887172673,3.2730828259438858,0.07272727272727272,0.1359224307505924,0.20172033090143696,9765.6
Chamelon,1,0.02,0.4,0.22571468474070439,0.6272727272727273,0.013742202086390199,2.5613704466882505,0.1818181818181818,0.14703921391514768,0.27525073277395046,12592.0
Chamelon,1,0.02,0.5,0.22117422566776979,0.7,0.0020473927459633916,2.072146321858843,0.14545454545454545,0.1766512859705736,0.3407991737734839,13805.4
Chamelon,1,0.02,0.6,0.21854800854702766,0.5636363636363637,0.006018847532427074,2.4053858934239516,0.16363636363636364,0.09612740594916007,0.30203365701474916,12896.8
Chamelon,1,0.02,0.7,0.21841492211111757,0.7545454545454546,0.004381251940534356,2.0772862133467753,0.19999999999999998,0.13019549919228554,0.30416002662702546,15644.6
Chamelon,1,0.02,0.8,0.21682915692525695,0.5909090909090908,0.006818375421049083,2.2643805275829925,0.16363636363636364,0.13604108213623398,0.2811225320058587,13873.0
Chamelon,1,0.02,0.9,0.21178887249911985,0.8090909090909092,0.0030436808864237066,2.103437448899763,0.2545454545454545,0.12424946051615193,0.3296613240391419,16518.6
Chamelon,1,0.02,1.0,0.21038089836268953,0.5181818181818182,0.0034121129449805948,2.2416074689216527,0.19999999999999998,0.11798164013087127,0.3023106670326741,15249.8
Chamelon,1,0.04,0.1,0.2786983214556198,0.5,0.015315104871785192,2.5733518357142513,0.14545454545454545,0.3044532788584921,0.16370462474420916,11351.6
Chamelon,1,0.04,0.2,0.2581025888735805,0.6727272727272727,0.0060976772113379,2.133041810229068,0.16363636363636364,0.14035580444287382,0.25129067931436416,14715.4
Chamelon,1,0.04,0.3,0.23276315249422946,0.8,0.00487064073383153,2.466771491899439,0.07272727272727272,0.19894514787314418,0.3104809923281089,12750.4
Chamelon,1,0.04,0.4,0.22492021172180782,0.5636363636363637,0.009786137625013482,2.4278493032170716,0.0909090909090909,0.15583556628303585,0.20915530771287014,12463.6
Chamelon,1,0.04,0.5,0.2199845874878271,0.44545454545454544,0.008141651349877412,2.5119439727841404,0.16363636363636364,0.08019902372962032,0.23701295525700342,12866.4
Chamelon,1,0.04,0.6,0.21762028167117045,0.7272727272727273,0.003038193734743396,1.9930023319653358,0.16363636363636364,0.08997946727993651,0.32246240406801585,15210.8
Chamelon,1,0.04,0.7,0.2244969118367226,0.6181818181818182,0.00526616317628671,1.8785119966843653,0.14545454545454545,0.11651232353661811,0.32592801799292814,15934.0
Chamelon,1,0.04,0.8,0.20689740836919723,0.7,0.0034568458520859388,1.8666184418519378,0.16363636363636364,0.14606301726375184,0.34088784113017145,16219.8
Chamelon,1,0.04,0.9,0.2107611356465926,0.5,0.011207809524081019,2.523096209973654,0.12727272727272726,0.15038479447591985,0.25840482799186804,13593.2
Chamelon,1,0.04,1.0,0.21952667648318966,0.6727272727272727,0.005600593253289732,2.074373645483198,0.0909090909090909,0.14267385832185614,0.29268462919882093,15561.0
Chamelon,1,0.06,0.1,0.2609643871498029,0.6818181818181819,0.015817856372462063,2.6311283597929664,0.12727272727272726,0.15032545597693509,0.1561298214833148,11528.6
Chamelon,1,0.06,0.2,0.2408202862111076,0.7090909090909091,0.00620213789396998,2.5070308483656056,0.07272727272727272,0.2185604204885057,0.2972796583474282,12834.8
Chamelon,1,0.06,0.3,0.23515175702176214,0.7454545454545455,0.0019364397891675552,1.8806218302443092,0.0909090909090909,0.17343780699259312,0.324213539322819,15887.8
Chamelon,1,0.06,0.4,0.23784045178844412,0.6909090909090909,0.005788926819046453,2.3354659831902236,0.0909090909090909,0.17179055286409942,0.2213708530029436,13993.4
Chamelon,1,0.06,0.5,0.21699215208873865,0.5818181818181818,0.003031520632165313,2.1786540300783956,0.14545454545454545,0.1333334765368985,0.3198845673013178,14392.4
Chamelon,1,0.06,0.6,0.21498876319834248,0.6727272727272727,0.003619800227923057,1.9110497992502622,0.0909090909090909,0.16636046508485927,0.28338188465873404,15125.0
Chamelon,1,0.06,0.7,0.2036389264632553,0.6636363636363637,0.005074356451967246,1.9902206521962462,0.0909090909090909,0.1457723479856107,0.30500923499472743,15130.4
Chamelon,1,0.06,0.8,0.20511240287507496,0.5727272727272728,0.009612771188644117,2.1986078804677325,0.10909090909090909,0.1247314990893668,0.2694522802981452,14135.2
Chamelon,1,0.06,0.9,0.2068762466913107,0.6818181818181819,0.004463889233221661,1.9371109193739542,0.05454545454545454,0.20317912938794155,0.27243538300065107,14121.4
Chamelon,1,0.06,1.0,0.21276398548571587,0.7090909090909091,0.0038326953109936055,2.4200951213070843,0.10909090909090909,0.1721022069059514,0.266863757134424,14951.8
Chamelon,1,0.08,0.1,0.2611030217888441,0.6727272727272727,0.009634697774424248,2.3311081893565904,0.14545454545454545,0.1968349194658833,0.21669303789115751,12985.8
Chamelon,1,0.08,0.2,0.23280346848031144,0.5181818181818182,0.007632929679354384,2.6572357789469203,0.10909090909090909,0.30714437774989906,0.19579614712795296,11965.8
Chamelon,1,0.08,0.3,0.23917920500353249,0.7727272727272727,0.0037984624543722636,1.8481224897180326,0.19999999999999996,0.16881066097893183,0.25141687191077916,14981.4
Chamelon,1,0.08,0.4,0.21573902015487967,0.6909090909090909,0.0018249063507337856,1.8614466345603333,0.07272727272727272,0.2013728042184631,0.28837012832159037,15369.0
Chamelon,1,0.08,0.5,0.2102507375145623,0.6181818181818182,0.004886160594974378,1.973051451297641,0.07272727272727272,0.1401820427741699,0.3335880294664772,15705.8
Chamelon,1,0.08,0.6,0.2004158677313012,0.7636363636363637,0.006610658721087156,2.458191589636569,0.2909090909090909,0.1527524334197341,0.2920809759692379,13315.8
Chamelon,1,0.08,0.7,0.19883587755372809,0.6181818181818182,0.0036971993857015883,2.455869945074045,0.05454545454545454,0.1168197045193978,0.29543142140813733,13365.4
Chamelon,1,0.08,0.8,0.2133061472104491,0.6090909090909091,0.006745725079524827,1.9328668781682006,0.12727272727272726,0.08549742161575866,0.2798725044727427,16156.8
Chamelon,1,0.08,0.9,0.21487250558617027,0.7636363636363637,0.003660537462620335,2.06452079637343,0.10909090909090909,0.10816055035083283,0.3555145904964218,16661.2
Chamelon,1,0.08,1.0,0.19699698739883487,0.6363636363636364,0.009303962092194784,2.621280548683468,0.05454545454545454,0.18942140723901169,0.2568541752822994,12106.8
Chamelon,1.5,0.0,0.1,0.31570326454790754,0.7909090909090909,0.0023488726028009508,1.4093634809270328,0.2909090909090909,0.10278914658450096,0.2449599689662504,19809.6
Chamelon,1.5,0.0,0.2,0.31418843768223326,0.8090909090909092,0.0015188363382423302,1.5157333712240624,0.32727272727272727,0.10131188946109367,0.2293281767336993,19767.2
Chamelon,1.5,0.0,0.3,0.2596685725019387,0.8,0.00147841992094185,1.5589102606098924,0.2545454545454545,0.08329712616683935,0.3122276193059095,18789.8
Chamelon,1.5,0.0,0.4,0.2710337456885263,0.8272727272727274,0.0017927499498515639,1.5175462205342105,0.3454545454545454,0.0712425040656609,0.28708768173383586,20151.8
Chamelon,1.5,0.0,0.5,0.24338971494980996,0.6818181818181819,0.004990038696241855,1.503672675879018,0.3454545454545454,0.13566329666015672,0.3508569538007714,20147.0
Chamelon,1.5,0.0,0.6,0.25751975677425526,0.8363636363636363,0.004894948528934483,1.608036858541011,0.3818181818181817,0.07424370173467565,0.362178220040008,21513.0
Chamelon,1.5,0.0,0.7,0.24221186506825987,0.8454545454545455,0.004851473288670911,1.6260821447632743,0.3454545454545454,0.05409466428281473,0.3843666587101217,20643.4
Chamelon,1.5,0.0,0.8,0.2621005591075354,0.7636363636363637,0.009037874438681974,1.7195880303816573,0.32727272727272727,0.06916728048608616,0.335306959072731,21712.0
Chamelon,1.5,0.0,0.9,0.24430217034274793,0.8181818181818181,0.006638349526201423,1.821367067272277,0.32727272727272727,0.08667470296191257,0.32755470120350866,21086.8
Chamelon,1.5,0.0,1.0,0.2188744330223788,0.8272727272727274,0.004704329134184799,1.5417254877899833,0.2727272727272727,0.09514447355762977,0.4135371716781819,19938.2
Chamelon,1.5,0.02,0.1,0.3062149993445254,0.8181818181818181,0.0018700888243509271,1.619229686866836,0.21818181818181817,0.15763530474438775,0.25779578412659193,18717.6
Chamelon,1.5,0.02,0.2,0.28270790219263003,0.8454545454545455,0.0013202599165942166,1.483920008785951,0.2727272727272727,0.13331837555719964,0.2662986558123263,18928.4
Chamelon,1.5,0.02,0.3,0.2766197813312752,0.8,0.0018013423472096341,1.5305517588175863,0.2727272727272727,0.08473338248886111,0.2880435536642261,19158.4
Chamelon,1.5,0.02,0.4,0.25772106012392254,0.8090909090909092,0.0026839629709468453,1.653669191017034,0.2909090909090909,0.0962440854916494,0.32948932390463814,19756.4
Chamelon,1.5,0.02,0.5,0.24725118549694272,0.8454545454545455,0.003460224575423267,1.578983916936804,0.23636363636363633,0.08206511141966942,0.38931970385995995,19640.2
Chamelon,1.5,0.02,0.6,0.26189198512509065,0.8090909090909092,0.004299966558659824,1.6511579047325569,0.3454545454545454,0.03570690941072645,0.3063296611261405,20859.2
Chamelon,1.5,0.02,0.7,0.24409655840856717,0.8454545454545455,0.004416629448240352,1.6847893009289154,0.2727272727272727,0.04801316417560829,0.3388666279143992,20404.4
Chamelon,1.5,0.02,0.8,0.24430566758526323,0.8181818181818181,0.00801746185157475,1.5999136492954682,0.2909090909090909,0.10942791113234403,0.3924208526403093,21977.4
Chamelon,1.5,0.02,0.9,0.23566979540463778,0.8272727272727274,0.007743616966773855,1.6331574512337776,0.2909090909090909,0.06868780889666179,0.41470987895575584,20706.4
Chamelon,1.5,0.02,1.0,0.24714643784330156,0.7909090909090909,0.005372990685804962,1.652511774637175,0.19999999999999998,0.023933069369150427,0.30446070110754164,20875.0
Chamelon,1.5,0.04,0.1,0.3063642825414999,0.8090909090909092,0.0018820458967282508,1.5397497669578322,0.21818181818181817,0.210345700883435,0.19781501241982,18914.8
Chamelon,1.5,0.04,0.2,0.28738764502519654,0.8272727272727274,0.0018447921322825404,1.6166338202358879,0.2545454545454545,0.14320992529498375,0.2379098509676801,19593.2
Chamelon,1.5,0.04,0.3,0.2707876171535209,0.809090909090909,0.0017420316867721437,1.437793007976058,0.16363636363636364,0.07230879230693996,0.28978316541638716,20324.6
Chamelon,1.5,0.04,0.4,0.26902633937902726,0.8272727272727274,0.0017703914675040757,1.3883232304038708,0.19999999999999998,0.06599661797212708,0.2656144261569166,20645.2
Chamelon,1.5,0.04,0.5,0.2359036483854644,0.809090909090909,0.0032146392840777015,1.5653994942144434,0.16363636363636364,0.08647680136217864,0.36864046962901975,19674.4
Chamelon,1.5,0.04,0.6,0.2715840796384199,0.7727272727272727,0.0038557649909512623,1.3769415885914762,0.3090909090909091,0.08747833265385083,0.3043705372906372,21765.8
Chamelon,1.5,0.04,0.7,0.24995271142482353,0.890909090909091,0.0060483720501864,1.6420006014639732,0.309090909090909,0.10026919452772501,0.35109361690885776,21581.2
Chamelon,1.5,0.04,0.8,0.23387220015526583,0.8,0.004294008860686806,1.4354909129276225,0.19999999999999998,0.044371842085668786,0.3569421459981882,21451.4
Chamelon,1.5,0.04,0.9,0.2665475064900304,0.8181818181818181,0.007073499765671472,1.5523859526533215,0.23636363636363633,0.06778835126811929,0.29994064192329706,22125.6
Chamelon,1.5,0.04,1.0,0.24057627444958593,0.8272727272727274,0.009420716182353298,1.8345770436611162,0.21818181818181817,0.09371956601070489,0.35410849297686225,20720.0
Chamelon,1.5,0.06,0.1,0.29157188885980956,0.6272727272727272,0.0035895414676767067,1.8261905048124412,0.07272727272727272,0.28180984860938524,0.18096312991165103,16628.8
Chamelon,1.5,0.06,0.2,0.2648960565004271,0.7545454545454546,0.003277135981809841,1.586320236392083,0.21818181818181817,0.13357089731340452,0.28677382978412636,17704.2
Chamelon,1.5,0.06,0.3,0.29194307483692594,0.8454545454545455,0.0013409352710646357,1.349676467396459,0.19999999999999998,0.07341610145849774,0.21725861936275068,21090.0
Chamelon,1.5,0.06,0.4,0.24572161614931304,0.8272727272727274,0.00288864274901031,1.7026211538704004,0.12727272727272726,0.12910464504980007,0.3224864601960849,19536.0
Chamelon,1.5,0.06,0.5,0.2497447399099803,0.8,0.0028729671656920245,1.6962035862395062,0.19999999999999998,0.08033360727353392,0.33103396247941136,19993.0
Chamelon,1.5,0.06,0.6,0.26451435857164063,0.8181818181818181,0.004832607795539686,1.595981143005797,0.23636363636363633,0.08650373145816077,0.33260843974851323,21624.0
Chamelon,1.5,0.06,0.7,0.24816864011475426,0.8272727272727274,0.004994376251378828,1.5486698619325625,0.21818181818181817,0.06427777572962984,0.3047579414435201,20947.0
Chamelon,1.5,0.06,0.8,0.23700195324803155,0.8545454545454545,0.00437341933083729,1.835720483462628,0.16363636363636364,0.06609891723121177,0.31696252121735924,20132.4
Chamelon,1.5,0.06,0.9,0.2413476353321622,0.7272727272727273,0.008240507696642922,1.5944818488161823,0.1818181818181818,0.07436482175591103,0.2742161525724689,20156.6
Chamelon,1.5,0.06,1.0,0.232480602807216,0.809090909090909,0.00471265800569239,1.7806784028196414,0.1636363636363636,0.07706914343047812,0.34985474679683964,20013.2
Chamelon,1.5,0.08,0.1,0.29757975315754087,0.8181818181818181,0.0021056046970424082,1.3857457568505458,0.27272727272727265,0.1756475999849652,0.2212666728353331,19019.2
Chamelon,1.5,0.08,0.2,0.2740313664062581,0.7727272727272727,0.0017744970681909725,1.3112392624301732,0.14545454545454545,0.04689480118158344,0.31394094805927353,20437.2
Chamelon,1.5,0.08,0.3,0.27851464595263015,0.8363636363636363,0.0013210048871137468,1.4771725881554298,0.19999999999999998,0.12478417202088503,0.2183745894696306,20442.0
Chamelon,1.5,0.08,0.4,0.24813693724334449,0.809090909090909,0.00194146192925446,1.708516190337398,0.12727272727272726,0.10298634817902083,0.3340689160439663,19339.2
Chamelon,1.5,0.08,0.5,0.2601645041195073,0.8363636363636363,0.002404628882682413,1.6039219453262696,0.14545454545454545,0.05348422718815897,0.3071484878914124,21044.8
Chamelon,1.5,0.08,0.6,0.2581684411528964,0.8090909090909092,0.0036508636115588507,1.4930531688575477,0.12727272727272726,0.04836857026163617,0.2707960874038197,21240.6
Chamelon,1.5,0.08,0.7,0.2560049655862812,0.8818181818181818,0.003849082467596487,1.577784470749036,0.23636363636363633,0.06200852499342783,0.32367369244805005,22145.8
Chamelon,1.5,0.08,0.8,0.24999211488768594,0.8090909090909092,0.005946327261926039,1.6608478921072212,0.14545454545454545,0.11289728234644496,0.32471466641840474,21093.8
Chamelon,1.5,0.08,0.9,0.23374772578847952,0.8545454545454545,0.0069351225199084585,1.6047340643660548,0.12727272727272726,0.06770289210288827,0.3530565101196045,20603.6
Chamelon,1.5,0.08,1.0,0.21582345565607067,0.7727272727272727,0.0039180584834855765,1.8127237858060972,0.07272727272727272,0.0724781356726495,0.3481017219812278,19580.0
Chamelon,2,0.0,0.1,0.3161061661983914,0.8363636363636363,0.002107612099870993,1.3998447546075747,0.21818181818181817,0.13297063892818659,0.25212833211771196,20512.8
Chamelon,2,0.0,0.2,0.3185016595593518,0.9090909090909092,0.0020000190778973986,1.3244992277351844,0.3818181818181817,0.09296597338023001,0.2292974684872165,21841.6
Chamelon,2,0.0,0.3,0.32952777237238556,0.809090909090909,0.0012114059973321498,1.2878010139866127,0.3636363636363636,0.03876218097945709,0.19780896970716585,23173.0
Chamelon,2,0.0,0.4,0.28146129931244845,0.9,0.0024829093966902203,1.3512140256487477,0.32727272727272727,0.1016141062798229,0.3397198649598042,22091.4
Chamelon,2,0.0,0.5,0.2848832674809615,0.8363636363636363,0.003451697054021792,1.3892917173119352,0.3090909090909091,0.05907362023373423,0.28165743199456583,22999.4
Chamelon,2,0.0,0.6,0.25459139507219275,0.8272727272727274,0.0037239549970859084,1.376981377045927,0.32727272727272727,0.08240685130549384,0.3586427728370807,22916.4
Chamelon,2,0.0,0.7,0.26963008722180304,0.8727272727272727,0.004166220905949745,1.4184366027224145,0.3636363636363636,0.12156293444867416,0.3418912065747198,24134.6
Chamelon,2,0.0,0.8,0.2721410153717939,0.8363636363636363,0.006248667144896978,1.459763237404745,0.3454545454545454,0.11697838385635133,0.3497642881987053,24281.4
Chamelon,2,0.0,0.9,0.26172534991243496,0.8545454545454545,0.006892766158230324,1.4375725867649662,0.32727272727272727,0.10528839520259174,0.364977052653135,23540.0
Chamelon,2,0.0,1.0,0.27233571038824544,0.8727272727272727,0.005672324880968775,1.5578731049524364,0.3454545454545454,0.11427090825733002,0.3345014840763682,24184.0
Chamelon,2,0.02,0.1,0.32467460764625355,0.8181818181818181,0.0028853447838567774,1.4713136565212082,0.2545454545454545,0.1781215293870242,0.20910250297315475,21095.4
Chamelon,2,0.02,0.2,0.28327859026530267,0.6545454545454545,0.003489778062640105,1.3787600394320239,0.2727272727272727,0.059756960210874524,0.2585316794960691,20498.6
Chamelon,2,0.02,0.3,0.2964857294853768,0.8363636363636363,0.0010743290028125305,1.2593889145572983,0.2727272727272727,0.06959506486746024,0.20168882341023248,22209.6
Chamelon,2,0.02,0.4,0.2949372196562273,0.6909090909090909,0.004694003767533344,1.310664673619313,0.2909090909090909,0.07357420644488312,0.2480841980605631,22934.0
Chamelon,2,0.02,0.5,0.28030409889754704,0.8818181818181818,0.0022761119111243027,1.4290788365399076,0.3090909090909091,0.08258358252095478,0.29632662280836475,23517.4
Chamelon,2,0.02,0.6,0.27218689088153253,0.8454545454545455,0.003658364522138544,1.3869939769224726,0.3454545454545454,0.05683483446567526,0.31593182599685504,22637.0
Chamelon,2,0.02,0.7,0.2755369666741288,0.8454545454545455,0.0049490981589522505,1.3828619226264196,0.3090909090909091,0.10131994726270128,0.3383429862781152,23904.6
Chamelon,2,0.02,0.8,0.2678960713568088,0.8272727272727274,0.0041226383766653175,1.2586636115607557,0.2909090909090909,0.1281322000130938,0.33262899176372335,23914.0
Chamelon,2,0.02,0.9,0.2338697827588289,0.7909090909090909,0.00853270468720023,1.5563894310546886,0.3636363636363636,0.14312813100309252,0.42464131332384997,23122.2
Chamelon,2,0.02,1.0,0.2788100078699173,0.909090909090909,0.007642842711845957,1.4682403510746331,0.3636363636363636,0.1245611462662605,0.3542625030211476,25069.2
Chamelon,2,0.04,0.1,0.314737731277046,0.8272727272727274,0.002072734141027443,1.3617913713579228,0.10909090909090909,0.1282140705165886,0.17929033513793963,21448.6
Chamelon,2,0.04,0.2,0.2915482301055275,0.8272727272727274,0.0013353617306404767,1.5257838759426718,0.23636363636363633,0.16025998784718423,0.20705298828530974,19982.0
Chamelon,2,0.04,0.3,0.2742550261422469,0.7727272727272727,0.0025751828915511303,1.261380536313348,0.2727272727272727,0.10251463139262926,0.32447822936899573,22663.6
Chamelon,2,0.04,0.4,0.31423186019906074,0.8818181818181818,0.001162042975471949,1.2694930233882527,0.309090909090909,0.07219898021090243,0.21182145185451837,23339.0
Chamelon,2,0.04,0.5,0.2725667801404017,0.8727272727272727,0.0021976512701774075,1.4778489665932566,0.2727272727272727,0.06935617068561942,0.2985897201817811,22174.2
Chamelon,2,0.04,0.6,0.306956188875004,0.8545454545454545,0.004016995333793946,1.392142014012854,0.2909090909090909,0.07115606707771753,0.2600797478966161,24987.6
Chamelon,2,0.04,0.7,0.27799662670398323,0.8636363636363636,0.005059641912079147,1.2067483990896462,0.2545454545454545,0.081521520836739,0.28524608726015976,23640.6
Chamelon,2,0.04,0.8,0.2820103926361863,0.8272727272727274,0.00620844818781965,1.3902867950217679,0.32727272727272727,0.06775942372186004,0.3037028008977357,24404.0
Chamelon,2,0.04,0.9,0.2825782484188427,0.8636363636363636,0.005687832055076188,1.5833764694631138,0.32727272727272727,0.08142846876397364,0.33295316862653707,24329.2
Chamelon,2,0.04,1.0,0.2548159651036226,0.8181818181818181,0.008540806297576217,1.38073890605347,0.32727272727272727,0.1366705471288173,0.3540891336081916,24837.0
Chamelon,2,0.06,0.1,0.32730988602455413,0.8818181818181818,0.0017158373247743576,1.3365799743018214,0.21818181818181817,0.18227411278152164,0.12440050715833836,21432.4
Chamelon,2,0.06,0.2,0.32772926006670355,0.8727272727272727,0.0013541990530299896,1.2757029235128026,0.3454545454545454,0.06617367211405097,0.1607159877286613,22857.2
Chamelon,2,0.06,0.3,0.28287438719064156,0.8181818181818181,0.0017577381142842054,1.2895581122171826,0.23636363636363633,0.06994843223575133,0.2853167617585758,22826.8
Chamelon,2,0.06,0.4,0.29614378785120693,0.8454545454545455,0.0012761349967171294,1.3648673836841447,0.3454545454545454,0.07602348246495286,0.21841554143651254,22112.0
Chamelon,2,0.06,0.5,0.29819814178505183,0.8363636363636363,0.002899684387908431,1.2966920772118362,0.3454545454545454,0.05501724396997436,0.2624057686962385,23695.8
Chamelon,2,0.06,0.6,0.27058717660457915,0.9181818181818182,0.003156628985958569,1.378335742680661,0.1818181818181818,0.08137979954048577,0.3445796258065388,22668.8
Chamelon,2,0.06,0.7,0.26014516324110426,0.8727272727272727,0.005287498298399839,1.485688340222969,0.3090909090909091,0.12384616703296422,0.3827022920198326,23902.4
Chamelon,2,0.06,0.8,0.2428375197019763,0.8,0.006207021419819769,1.4716745138750542,0.16363636363636364,0.058043173956963436,0.3280993883866256,22378.0
Chamelon,2,0.06,0.9,0.26692956529053413,0.8636363636363636,0.007395669360049447,1.3885879116635687,0.2727272727272727,0.10926069328284524,0.34217107160668536,24678.8
Chamelon,2,0.06,1.0,0.23261716737600918,0.7909090909090909,0.006937169548927559,1.4419843923095748,0.3818181818181817,0.19469803536490762,0.4517582038009301,24426.0
Chamelon,2,0.08,0.1,0.32665784333696324,0.8181818181818181,0.0018564990905187632,1.357261780686374,0.23636363636363633,0.25360349811065297,0.1448296927129657,21385.0
Chamelon,2,0.08,0.2,0.28112976111942506,0.890909090909091,0.0014379097832365327,1.440743453115707,0.14545454545454545,0.10687806286708852,0.22285521201456074,20424.4
Chamelon,2,0.08,0.3,0.2735889728969064,0.8818181818181818,0.0013662943329242826,1.4530028872418466,0.2545454545454545,0.041448056180531136,0.2924906002829154,21530.0
Chamelon,2,0.08,0.4,0.29326887979893346,0.8454545454545455,0.0014454447015560471,1.2971524965984773,0.2545454545454545,0.058631865294781774,0.2492909764585753,23199.4
Chamelon,2,0.08,0.5,0.2925386630783987,0.8727272727272727,0.0027034062391261098,1.4179359566032783,0.21818181818181817,0.10997998406144001,0.2853205339941995,23333.0
Chamelon,2,0.08,0.6,0.27140564516770954,0.8727272727272727,0.0034313791302906524,1.3312654924817213,0.14545454545454545,0.06778329152224244,0.28698385340360677,23502.2
Chamelon,2,0.08,0.7,0.2762459230156048,0.8272727272727274,0.006175128084711853,1.3101465738024767,0.2909090909090909,0.1453539929336009,0.36921077461664636,25028.4
Chamelon,2,0.08,0.8,0.2801670653594479,0.890909090909091,0.005651465145706592,1.387076626290813,0.2727272727272727,0.09074663324955776,0.3007035013734959,24742.4
Chamelon,2,0.08,0.9,0.2615925542670502,0.8363636363636363,0.006682468182693019,1.4101762009750902,0.1818181818181818,0.13805116116135005,0.33993367613025993,24512.0
Chamelon,2,0.08,1.0,0.26381182002089815,0.809090909090909,0.007501463995040335,1.4442826423164805,0.23636363636363633,0.09376306538403213,0.32608885931888054,24274.4
Chamelon,2.5,0.0,0.1,0.32763050732001825,0.8454545454545455,0.0019525057610441901,1.543592189173132,0.2727272727272727,0.16738003983700098,0.15806327474079135,21549.0
Chamelon,2.5,0.0,0.2,0.3276051134141766,0.9181818181818182,0.0020050134568628222,1.3507556894026638,0.2909090909090909,0.0847556819865423,0.16766880542585857,22789.4
Chamelon,2.5,0.0,0.3,0.3138476732280264,0.8545454545454545,0.001862786062997872,1.324732644868486,0.3454545454545454,0.05467275189835226,0.23421519649807898,23459.8
Chamelon,2.5,0.0,0.4,0.30815452627920653,0.890909090909091,0.001170104191403403,1.206653183840005,0.3454545454545454,0.09008121010285834,0.25815783707794754,24434.2
Chamelon,2.5,0.0,0.5,0.2966246334716528,0.909090909090909,0.002112465326571424,1.2189659754924407,0.3636363636363636,0.07131834079958405,0.2700596868949798,24351.0
Chamelon,2.5,0.0,0.6,0.30219726486188075,0.890909090909091,0.0022575911447107115,1.209367441323641,0.3818181818181817,0.11903140979781117,0.28708019405622276,25714.6
Chamelon,2.5,0.0,0.7,0.2502291435841931,0.8636363636363636,0.003895740963203336,1.3171267642741826,0.3454545454545454,0.194278827391199,0.40110894625608184,24950.2
Chamelon,2.5,0.0,0.8,0.2601829368150931,0.8181818181818181,0.0049198233514194355,1.3948559524290989,0.41818181818181815,0.19325819191169447,0.3842303413276574,25278.0
Chamelon,2.5,0.0,0.9,0.31033119873482906,0.8727272727272727,0.006536941492770028,1.3448702220960373,0.3454545454545454,0.16037723202460707,0.317616644490012,26476.8
Chamelon,2.5,0.0,1.0,0.2847278465286999,0.8818181818181818,0.0063936460025051794,1.3066159260976313,0.32727272727272727,0.13126916733285637,0.3317357978276327,25827.4
Chamelon,2.5,0.02,0.1,0.31456268639502827,0.890909090909091,0.0015815503117908244,1.2562411494711936,0.14545454545454545,0.08593548310285212,0.2246286482163268,22240.0
Chamelon,2.5,0.02,0.2,0.3165598828869309,0.8181818181818181,0.0023817908678180413,1.2515010189954663,0.2909090909090909,0.0855148320548695,0.22916932985565497,22500.6
Chamelon,2.5,0.02,0.3,0.31379893554133087,0.9,0.001541550746165708,1.200084730503388,0.3636363636363636,0.0989675371413144,0.2600068826090564,24053.0
Chamelon,2.5,0.02,0.4,0.28850716672551957,0.9272727272727274,0.0015383807671109184,1.1683946337326718,0.3454545454545454,0.09382117752624705,0.2614271518935713,23877.4
Chamelon,2.5,0.02,0.5,0.30373198128178464,0.8272727272727274,0.002629190466177981,1.2507334045385332,0.3818181818181817,0.08299023219535304,0.301742825977936,24426.6
Chamelon,2.5,0.02,0.6,0.2990437636613398,0.8909090909090909,0.0026226965182023646,1.2560353543867655,0.32727272727272727,0.10341539132887993,0.2813949386116225,25042.8
Chamelon,2.5,0.02,0.7,0.25978886706823967,0.8363636363636363,0.0035787838964394443,1.405609381565282,0.3454545454545454,0.1557780115494311,0.39045144061064835,24250.8
Chamelon,2.5,0.02,0.8,0.2832149367573726,0.8636363636363636,0.005027063750830518,1.2902634679765022,0.32727272727272727,0.156546914151202,0.34183673102859774,25601.4
Chamelon,2.5,0.02,0.9,0.282654102033885,0.8454545454545455,0.006223242979905812,1.3723602289140322,0.3454545454545454,0.12649954292628576,0.34080488695985856,25737.8
Chamelon,2.5,0.02,1.0,0.29243659368337915,0.8727272727272727,0.007107888580595521,1.3391418494592675,0.3818181818181817,0.13352668529275533,0.31718222380281286,26118.2
Chamelon,2.5,0.04,0.1,0.34347942331395287,0.8727272727272727,0.0017309926871129425,1.2589423319567659,0.3454545454545454,0.08101053435049428,0.12119800395960792,23846.4
Chamelon,2.5,0.04,0.2,0.2976185091308332,0.909090909090909,0.0015564097050030938,1.3584056440022747,0.19999999999999998,0.03206151184476029,0.2333337035598227,22139.8
Chamelon,2.5,0.04,0.3,0.2955646430305527,0.8818181818181818,0.0017375641237391977,1.2156351469998572,0.2727272727272727,0.05852533953114086,0.26037053874258415,23365.8
Chamelon,2.5,0.04,0.4,0.30600813405101784,0.9,0.0013536927862166585,1.2469730790295208,0.3818181818181817,0.06726180992517153,0.23495117136845306,24795.6
Chamelon,2.5,0.04,0.5,0.3098395388977697,0.8545454545454545,0.0033428104508493152,1.2437012867049677,0.3454545454545454,0.05121980315815076,0.2247902255966198,24727.2
Chamelon,2.5,0.04,0.6,0.2829738749336043,0.8363636363636363,0.0030332226581865455,1.1801733625768398,0.3454545454545454,0.13557717127726293,0.34014514842109206,24791.2
Chamelon,2.5,0.04,0.7,0.29525634605514767,0.9,0.003667958070101842,1.3808309674729826,0.3454545454545454,0.09002566571577027,0.2822184415770755,24703.2
Chamelon,2.5,0.04,0.8,0.282297915648591,0.890909090909091,0.004921608197852832,1.3511212846224079,0.1818181818181818,0.10623968118106963,0.32013178263150666,24952.2
Chamelon,2.5,0.04,0.9,0.3086679692043771,0.890909090909091,0.006157658994740385,1.1869129752394603,0.2909090909090909,0.11719570912061061,0.28552340235146617,26668.8
Chamelon,2.5,0.04,1.0,0.268264741007068,0.8727272727272727,0.007134279483747745,1.3533793036124941,0.3636363636363636,0.22766573602594672,0.40573803420612664,26363.4
Chamelon,2.5,0.06,0.1,0.32940534116190967,0.8727272727272727,0.0017504960943527277,1.2678215936532047,0.16363636363636364,0.08132333746878875,0.1864541139527708,23303.4
Chamelon,2.5,0.06,0.2,0.30471716938700366,0.8909090909090909,0.0016956217042695878,1.148977230495468,0.3090909090909091,0.09883148930568797,0.2124730029510383,23370.6
Chamelon,2.5,0.06,0.3,0.3027012567802929,0.8272727272727274,0.0018808091192429595,1.218838673449114,0.2727272727272727,0.09154907414031299,0.22089672261276433,23347.4
Chamelon,2.5,0.06,0.4,0.29441656109244924,0.8363636363636363,0.0015421757868938825,1.2046935351572758,0.2545454545454545,0.09514778072127975,0.26639372169695663,24451.4
Chamelon,2.5,0.06,0.5,0.2959302553625508,0.909090909090909,0.002460201872571234,1.1944447986954603,0.19999999999999998,0.11907116885470496,0.29305359962785793,24858.4
Chamelon,2.5,0.06,0.6,0.27709165780851236,0.8636363636363636,0.0019457173706504383,1.2230181725816436,0.2727272727272727,0.10733164464640652,0.30337480888302104,24954.4
Chamelon,2.5,0.06,0.7,0.29038836322323947,0.890909090909091,0.003631752548293056,1.263573787590412,0.3090909090909091,0.13278024971760827,0.3007802122125358,25468.4
Chamelon,2.5,0.06,0.8,0.306827683122422,0.8727272727272727,0.005663546670397918,1.2879648231656808,0.3636363636363636,0.09703274049892144,0.27973613815750786,25755.0
Chamelon,2.5,0.06,0.9,0.2831087857594376,0.8454545454545455,0.005657004213966934,1.1219767347841083,0.32727272727272727,0.18594323835362228,0.3564336803237077,26530.6
Chamelon,2.5,0.06,1.0,0.29474260143289666,0.8636363636363636,0.007090526200485714,1.251991773836863,0.2909090909090909,0.12331937953355161,0.2917851030094513,26350.6
Chamelon,2.5,0.08,0.1,0.31467198516538136,0.8454545454545455,0.0022331247347740822,1.1873252361449906,0.16363636363636364,0.08457322678549539,0.18162463020054834,22870.6
Chamelon,2.5,0.08,0.2,0.3102548967729508,0.9,0.002229176123472142,1.2777871818663316,0.309090909090909,0.04063907461529677,0.16960107647551687,23566.4
Chamelon,2.5,0.08,0.3,0.3261752181845068,0.8454545454545455,0.001796031119414712,1.177420523820787,0.2545454545454545,0.056982271779956864,0.19988117956994256,24793.8
Chamelon,2.5,0.08,0.4,0.30054078011038654,0.9090909090909092,0.0009922315799017632,1.2447602870362684,0.21818181818181817,0.07562736211969417,0.1997692341672509,23982.4
Chamelon,2.5,0.08,0.5,0.3145924865084706,0.8818181818181818,0.0017697017495987171,1.1981150535913165,0.2909090909090909,0.03706728456056069,0.21838632564339347,24439.6
Chamelon,2.5,0.08,0.6,0.2668876675079196,0.8545454545454545,0.0030684332642816484,1.2607528624920288,0.2545454545454545,0.10578356956856656,0.3168890501281233,24932.8
Chamelon,2.5,0.08,0.7,0.2802023991940278,0.8636363636363636,0.00383398109489341,1.3729000839742331,0.23636363636363633,0.08027604625473811,0.29819152280078953,24633.8
Chamelon,2.5,0.08,0.8,0.2808584654308536,0.8454545454545455,0.005663245697785339,1.2451644878841162,0.23636363636363633,0.12942283345797498,0.3266589967711896,25748.8
Chamelon,2.5,0.08,0.9,0.28844010391200536,0.9181818181818182,0.006284603593910738,1.4714819456981734,0.2545454545454545,0.11639296380440381,0.3111128120280914,25799.8
Chamelon,2.5,0.08,1.0,0.27543654314681587,0.7818181818181819,0.007100402247386645,1.3551809528133973,0.309090909090909,0.16675470275852416,0.37984822875865804,25877.0
Chamelon,3,0.0,0.1,0.35761318592280256,0.8727272727272727,0.0025269523641153653,1.326835508651105,0.3636363636363636,0.05832696646436038,0.12875894950734254,23877.8
Chamelon,3,0.0,0.2,0.3516951441602349,0.890909090909091,0.0017481356377645595,1.1062527516512586,0.43636363636363634,0.016555333798105726,0.13996873660121156,24985.0
Chamelon,3,0.0,0.3,0.28044013747233654,0.7181818181818181,0.006554030654468498,1.237166337013707,0.3454545454545454,0.16890423489704715,0.4163725615830261,24013.4
Chamelon,3,0.0,0.4,0.3088436635298349,0.8727272727272727,0.0014686606385922248,1.141890352496511,0.39999999999999997,0.08466311925411918,0.2519744566023573,24823.2
Chamelon,3,0.0,0.5,0.2863662213689017,0.7727272727272727,0.006899333853325654,1.139803081390489,0.3090909090909091,0.18847760731792634,0.378462256360719,25722.8
Chamelon,3,0.0,0.6,0.2764270278856128,0.8818181818181818,0.004540407634771745,1.1976496020691414,0.3454545454545454,0.19984087705721226,0.3736492107134922,25149.8
Chamelon,3,0.0,0.7,0.29824115080593655,0.8636363636363636,0.004851749244072599,1.1498583017817796,0.3636363636363636,0.17302366754347764,0.3440357567319632,25801.8
Chamelon,3,0.0,0.8,0.3343476469309308,0.9,0.004414866566992888,1.272604010031651,0.3818181818181817,0.1315226220199604,0.25889534649713125,27242.8
Chamelon,3,0.0,0.9,0.2996652239794435,0.890909090909091,0.005040551312586305,1.2851373225682852,0.32727272727272727,0.10443613607089483,0.2795499140635696,26239.6
Chamelon,3,0.0,1.0,0.2927202599698121,0.8545454545454545,0.00633052745923455,1.3029365403928188,0.3636363636363636,0.18109805789081584,0.36570827581624743,26774.0
Chamelon,3,0.02,0.1,0.3389674946318529,0.890909090909091,0.00238692564520892,1.1546921860345818,0.3636363636363636,0.058157825010271794,0.14193550457755713,23726.4
Chamelon,3,0.02,0.2,0.327234196318973,0.8636363636363636,0.0029759043393291114,1.2471810962619476,0.32727272727272727,0.06547760243450458,0.19099750053163572,24089.2
Chamelon,3,0.02,0.3,0.2783639268532917,0.8363636363636363,0.003263662146217107,1.2563355907963472,0.2727272727272727,0.16110747424797944,0.3131102506242976,24566.2
Chamelon,3,0.02,0.4,0.3180632499383079,0.9181818181818182,0.0016088107559930668,1.2547871060956923,0.3818181818181817,0.08270934294734918,0.21623994431280522,25191.4
Chamelon,3,0.02,0.5,0.28969039071804653,0.8272727272727274,0.002644388827273096,1.1300826387813903,0.309090909090909,0.11131195035578749,0.263302778753358,24620.4
Chamelon,3,0.02,0.6,0.25353264804513176,0.890909090909091,0.0024476550532502917,1.2722634550442158,0.32727272727272727,0.1467377174180998,0.33138933912954804,24412.0
Chamelon,3,0.02,0.7,0.3059314720120166,0.8545454545454545,0.003939520812728434,1.1903054966464641,0.3636363636363636,0.15086494219244817,0.31146046173414293,26256.6
Chamelon,3,0.02,0.8,0.29525046169564995,0.8818181818181818,0.004052386275663624,1.2621526619317502,0.2909090909090909,0.12301546555447448,0.3002645110470049,26119.6
Chamelon,3,0.02,0.9,0.3045896905413602,0.9272727272727274,0.004762406599442463,1.2452824634013104,0.2909090909090909,0.14165694231569972,0.33163305893258754,25929.0
Chamelon,3,0.02,1.0,0.3087956804796865,0.9090909090909092,0.005528935153548046,1.1823421789071626,0.32727272727272727,0.1607948246975468,0.31023955246632806,27312.6
Chamelon,3,0.04,0.1,0.3272820178756832,0.8363636363636363,0.0035128854713641147,1.1678901375848885,0.2727272727272727,0.10390001764378116,0.18896021307079167,23571.6
Chamelon,3,0.04,0.2,0.33268136821367406,0.8545454545454545,0.003702906529872087,1.1676632317449902,0.32727272727272727,0.07481326848395305,0.21470458553776886,24990.8
Chamelon,3,0.04,0.3,0.31825599397193927,0.8363636363636363,0.0027626247503384723,1.133223638550495,0.2909090909090909,0.07071642111327228,0.2491113369432827,24548.4
Chamelon,3,0.04,0.4,0.32725096885918303,0.8636363636363636,0.0017583542557894234,1.1402843951561679,0.3818181818181817,0.08061748123417836,0.2234596216233665,25711.6
Chamelon,3,0.04,0.5,0.2833658042737033,0.8818181818181818,0.001672220241436049,1.2278249028156796,0.309090909090909,0.08910562091284649,0.27405724203720344,24489.8
Chamelon,3,0.04,0.6,0.30327346883316886,0.8818181818181818,0.002806167382506956,1.229347413857449,0.3090909090909091,0.1058694174990458,0.25383056957303357,25826.6
Chamelon,3,0.04,0.7,0.2828977428508493,0.8454545454545455,0.002600117203026595,1.2140286353477776,0.2545454545454545,0.1264334527874404,0.3154200420409824,25443.4
Chamelon,3,0.04,0.8,0.2784743924213827,0.8363636363636363,0.004941823923497542,1.2923237444120415,0.2727272727272727,0.13028766138703002,0.3207612919845967,25481.0
Chamelon,3,0.04,0.9,0.29666233887760574,0.8727272727272727,0.005433515990903953,1.2390921276957914,0.3454545454545454,0.15919736156458492,0.31780767013247335,26312.2
Chamelon,3,0.04,1.0,0.2763196845506499,0.8818181818181818,0.006229528479575109,1.2369416300341585,0.2727272727272727,0.2057103859590776,0.3794202093192572,26307.6
Chamelon,3,0.06,0.1,0.33401340450145023,0.8363636363636363,0.003516420267569031,1.1967513096620537,0.2545454545454545,0.1023726879333873,0.20026064631224533,23857.6
Chamelon,3,0.06,0.2,0.32504460432778925,0.8727272727272727,0.0021663427990885947,1.190789829022678,0.2545454545454545,0.0919832620930223,0.1927247047646766,24170.6
Chamelon,3,0.06,0.3,0.32542665943775145,0.9,0.00154818304646381,1.268783926503018,0.32727272727272727,0.06655581186309192,0.19942960218381078,25093.2
Chamelon,3,0.06,0.4,0.31372757017713,0.8909090909090909,0.001300164281040474,1.2363953873716707,0.3454545454545454,0.07914865323042589,0.21076402555963036,24514.6
Chamelon,3,0.06,0.5,0.31034911592448344,0.9,0.0026933894318283648,1.1539294361817927,0.2909090909090909,0.146187477447547,0.3101459027264949,25576.6
Chamelon,3,0.06,0.6,0.29283661503818215,0.8818181818181818,0.002148967094400685,1.1905723580122172,0.2909090909090909,0.10928503328581365,0.27578032211757614,25749.6
Chamelon,3,0.06,0.7,0.3407011899940857,0.8818181818181818,0.003228532441485897,1.1678700344954394,0.3454545454545454,0.09046149643958232,0.2330150651430408,27023.0
Chamelon,3,0.06,0.8,0.3262538270742902,0.890909090909091,0.003598923083972636,1.1909906177951748,0.3454545454545454,0.09907126906864379,0.2404809700795382,26631.8
Chamelon,3,0.06,0.9,0.26264988664357647,0.8181818181818181,0.004219738160430671,1.268249458313573,0.2545454545454545,0.15118503488998042,0.34823634450636276,25686.4
Chamelon,3,0.06,1.0,0.30797777000816523,0.909090909090909,0.006776784535450371,1.3013980351489671,0.3636363636363636,0.17591004562438842,0.2994953442852616,27489.8
Chamelon,3,0.08,0.1,0.32306646736762745,0.8636363636363636,0.00276131073750283,1.2454032344775041,0.14545454545454545,0.07168244806222054,0.20576072626707925,23606.8
Chamelon,3,0.08,0.2,0.30304251910417257,0.909090909090909,0.0018111430747375112,1.2622356145328033,0.14545454545454545,0.0727171728055778,0.18800657399896895,23415.4
Chamelon,3,0.08,0.3,0.3145746013915211,0.8727272727272727,0.001624486734592779,1.217417425441067,0.21818181818181817,0.0824837913494848,0.18789976174229617,23894.8
Chamelon,3,0.08,0.4,0.3018227909226544,0.9,0.0022718558626672576,1.1964412542465281,0.32727272727272727,0.11505416925807732,0.2746747324803759,24903.8
Chamelon,3,0.08,0.5,0.29759362171581766,0.8454545454545455,0.0027967539069108636,1.224832258253875,0.16363636363636364,0.1097654231720175,0.28201453361565737,25246.2
Chamelon,3,0.08,0.6,0.33878818328878146,0.8727272727272727,0.0019830788910308378,1.1633142423713614,0.2909090909090909,0.06932106009230324,0.2102071069477401,26516.6
Chamelon,3,0.08,0.7,0.29780799801722324,0.9272727272727274,0.0043376752816010385,1.2163915641314205,0.32727272727272727,0.13567275210327717,0.2872407667472386,26473.8
Chamelon,3,0.08,0.8,0.29292077507161185,0.8454545454545455,0.004333395915366167,1.185785201575758,0.309090909090909,0.10857277877278133,0.3019102497709612,25920.8
Chamelon,3,0.08,0.9,0.30116622285961503,0.9090909090909092,0.005534925976279887,1.2566966569546358,0.2727272727272727,0.1342650477240274,0.27183574811615213,26942.6
Chamelon,3,0.08,1.0,0.27894143871749233,0.8454545454545455,0.006491005732082777,1.3473129625661349,0.309090909090909,0.22328748183547176,0.38982447632636225,26993.0
Chamelon,3.5,0.0,0.1,0.3393080671705379,0.8363636363636363,0.0039004083414577845,1.2078993244915606,0.3090909090909091,0.03146718790458204,0.18184440212135747,23613.8
Chamelon,3.5,0.0,0.2,0.35924212462082716,0.8909090909090909,0.002118608428525473,1.0674548937167545,0.3818181818181817,0.02342759293111063,0.12979880138373057,25218.2
Chamelon,3.5,0.0,0.3,0.31204306374127766,0.8363636363636363,0.0024048360813869745,1.2359303142261822,0.3454545454545454,0.11567147698789829,0.26407870559334884,24887.8
Chamelon,3.5,0.0,0.4,0.33601346239050384,0.9090909090909092,0.001626935395148924,1.0970296245120164,0.3818181818181817,0.0711974274561181,0.1978804329450576,25524.8
Chamelon,3.5,0.0,0.5,0.31398322447315535,0.890909090909091,0.002963804968796813,1.2116010947362534,0.3636363636363636,0.17708977707470525,0.3209217038035017,25266.8
Chamelon,3.5,0.0,0.6,0.31994679763886574,0.9181818181818182,0.0025003352637758846,1.1199998732106444,0.39999999999999997,0.1583208958601277,0.27562703715471365,26146.0
Chamelon,3.5,0.0,0.7,0.2920846931236182,0.8727272727272727,0.003028881901669518,1.135418375590877,0.32727272727272727,0.19304830371276752,0.32985910841933663,26394.0
Chamelon,3.5,0.0,0.8,0.31985070215807165,0.8727272727272727,0.003834062024246314,1.2034951589062421,0.3818181818181817,0.16412546090151864,0.27786539502021834,27045.2
Chamelon,3.5,0.0,0.9,0.3155445239708179,0.8454545454545455,0.004502818926348281,1.212160226680028,0.41818181818181815,0.16906705446586207,0.29762165399686363,27295.4
Chamelon,3.5,0.0,1.0,0.28666850306419106,0.8818181818181818,0.004441211575400551,1.2935378693810275,0.3636363636363636,0.20943881112868618,0.36299689119855305,26795.4
Chamelon,3.5,0.02,0.1,0.3324428770536004,0.8727272727272727,0.0029016750215159004,1.2027071266574778,0.32727272727272727,0.03099938688876061,0.17360584462197998,23969.8
Chamelon,3.5,0.02,0.2,0.3436586374802449,0.8727272727272727,0.002823571208044966,1.0838433280727193,0.309090909090909,0.06548808613200616,0.18215985558050854,25258.0
Chamelon,3.5,0.02,0.3,0.3312545151130849,0.8545454545454545,0.0014996410158871494,1.2128843518668018,0.309090909090909,0.04127396509439861,0.16961962609267697,24552.2
Chamelon,3.5,0.02,0.4,0.3059734896965134,0.8727272727272727,0.0018081718377285217,1.139129798221679,0.3636363636363636,0.0950442378598582,0.2647182995715313,24607.4
Chamelon,3.5,0.02,0.5,0.31969548953165344,0.8545454545454545,0.0015726848726288233,1.034428052601002,0.32727272727272727,0.10510534195347561,0.22307786017979053,25786.4
Chamelon,3.5,0.02,0.6,0.32043711766753696,0.8818181818181818,0.0015057308471128786,1.2096223461715268,0.3636363636363636,0.13546785342836906,0.26723722327693444,26409.4
Chamelon,3.5,0.02,0.7,0.3403214995183773,0.8727272727272727,0.0027498109761270218,1.0849344157501104,0.39999999999999997,0.13681840626677239,0.2324312735422998,27366.6
Chamelon,3.5,0.02,0.8,0.3200901125825601,0.890909090909091,0.0030728947592362616,1.2541288286699013,0.39999999999999997,0.16177758164204303,0.27400526407536113,27071.8
Chamelon,3.5,0.02,0.9,0.3231780307553375,0.890909090909091,0.004248149337854805,1.1512934562637487,0.39999999999999997,0.17667029403449303,0.3005959979313139,27746.4
Chamelon,3.5,0.02,1.0,0.2800561913342555,0.8727272727272727,0.006181824776808743,1.3016011379243455,0.3636363636363636,0.22177826207329182,0.37138966121067707,26861.6
Chamelon,3.5,0.04,0.1,0.3359866213121731,0.8727272727272727,0.003276110379330856,1.1936367989230336,0.19999999999999998,0.047317386289864996,0.18780315193261468,24450.2
Chamelon,3.5,0.04,0.2,0.319258695153256,0.8272727272727274,0.0027631883842183782,1.1373752454722486,0.3636363636363636,0.04915587751627997,0.19772679723394906,24692.6
Chamelon,3.5,0.04,0.3,0.31767642195572376,0.8454545454545455,0.002221605650146889,1.0943649282644246,0.39999999999999997,0.10464917435009577,0.25833189143243834,25069.0
Chamelon,3.5,0.04,0.4,0.3003963337134341,0.8545454545454545,0.002494111522934895,1.0645921765075324,0.3454545454545454,0.13910432391934377,0.2707339688461626,25908.0
Chamelon,3.5,0.04,0.5,0.3203005876799501,0.890909090909091,0.001596892526373781,1.1567919507583002,0.27272727272727265,0.04353356860877432,0.20795983520415326,25323.0
Chamelon,3.5,0.04,0.6,0.31643209763619906,0.8545454545454545,0.0022504652495883583,1.107164802198541,0.3454545454545454,0.11871112091962063,0.2489709868497827,26840.4
Chamelon,3.5,0.04,0.7,0.33084340615365837,0.8727272727272727,0.00225776973914474,1.1752855402402909,0.3454545454545454,0.11122250123177721,0.24623137902540798,26617.6
Chamelon,3.5,0.04,0.8,0.3174963937232015,0.8272727272727274,0.005508680608492063,1.1502452646210024,0.309090909090909,0.1838852815259746,0.29076815947992984,27072.6
Chamelon,3.5,0.04,0.9,0.3082403698203905,0.9090909090909092,0.005537167048903657,1.2530031730116922,0.3454545454545454,0.18881259656883237,0.3103545477194666,27110.4
Chamelon,3.5,0.04,1.0,0.32316298308471214,0.890909090909091,0.004674599241074956,1.2021696443382914,0.32727272727272727,0.17292937227796196,0.2837910789358752,27954.4
Chamelon,3.5,0.06,0.1,0.3190888543430267,0.8727272727272727,0.002532030911010633,1.0870080614391147,0.2727272727272727,0.03809052912851213,0.16992789345133086,23984.0
Chamelon,3.5,0.06,0.2,0.31600912051969743,0.8090909090909092,0.004371482822505484,1.108688560672902,0.2909090909090909,0.11896716768261809,0.2804019438652232,24988.4
Chamelon,3.5,0.06,0.3,0.333712072388529,0.8909090909090909,0.0021189067406191023,1.165631151224549,0.3636363636363636,0.06721118287165657,0.18749112448976699,25337.4
Chamelon,3.5,0.06,0.4,0.31022827290666816,0.890909090909091,0.0024054618578210527,1.0244622697990118,0.3454545454545454,0.10522407925562102,0.24540219570119287,25444.8
Chamelon,3.5,0.06,0.5,0.2957543340926212,0.7363636363636363,0.004210415797994141,1.0965483009896944,0.2545454545454545,0.1858056463710625,0.2913361120070468,25614.0
Chamelon,3.5,0.06,0.6,0.31611741292882833,0.9272727272727274,0.001897879207854565,1.1965587445790575,0.3454545454545454,0.12086547166487889,0.23113814701290253,26121.4
Chamelon,3.5,0.06,0.7,0.30163919658931676,0.8909090909090909,0.0031024789975319044,1.0989429184086108,0.3454545454545454,0.19944035585714065,0.31289003852408187,26909.6
Chamelon,3.5,0.06,0.8,0.3194079643500574,0.8909090909090909,0.002626841305487034,1.2640799283522917,0.309090909090909,0.15505354973091373,0.26591046443771205,27071.2
Chamelon,3.5,0.06,0.9,0.2880132091790609,0.9,0.004312576433141845,1.2095532938705074,0.23636363636363633,0.1585151407977851,0.30896493998628694,26235.8
Chamelon,3.5,0.06,1.0,0.31338096410816957,0.9272727272727274,0.004312000055822558,1.097960964600376,0.3454545454545454,0.14134897354030532,0.2696512873907627,27269.2
Chamelon,3.5,0.08,0.1,0.3205123463641975,0.9181818181818182,0.0024058621230252228,1.1808323311467501,0.16363636363636364,0.08173948728866194,0.18350753543177395,24265.4
Chamelon,3.5,0.08,0.2,0.32941705069660987,0.8909090909090909,0.001999477918823437,1.1657067968524586,0.3818181818181817,0.05978087691731815,0.17196693544571467,25360.2
Chamelon,3.5,0.08,0.3,0.3079411064604518,0.8363636363636363,0.0028866010763835817,1.1330138524611324,0.2545454545454545,0.08441391632445482,0.23481117619267647,25074.4
Chamelon,3.5,0.08,0.4,0.35019810227876846,0.8727272727272727,0.0015413411190183736,1.0894323579552394,0.41818181818181815,0.04720122630878041,0.18046174214620142,26492.6
Chamelon,3.5,0.08,0.5,0.32193935860043815,0.8727272727272727,0.001501396130732411,1.1055025669755274,0.21818181818181817,0.04818655698367165,0.1956781558153205,25986.6
Chamelon,3.5,0.08,0.6,0.30335663246682965,0.8545454545454545,0.002033490415656228,1.0811516167982451,0.23636363636363633,0.1406088961525119,0.272502822442397,26380.4
Chamelon,3.5,0.08,0.7,0.32418006236317687,0.9,0.002348640410645663,1.1702628633513084,0.309090909090909,0.10941846069125039,0.2334833158450329,26680.0
Chamelon,3.5,0.08,0.8,0.2829062653246335,0.8272727272727274,0.00464543260552892,1.1671120242124453,0.27272727272727265,0.1977233795815389,0.3557311126210553,27102.4
Chamelon,3.5,0.08,0.9,0.32002888369036026,0.8636363636363636,0.004011239864326337,1.2850158631923008,0.2909090909090909,0.13087528093612838,0.25270312949592855,27314.8
Chamelon,3.5,0.08,1.0,0.3061053822243897,0.8454545454545455,0.005804039213303369,1.2839091466723254,0.3454545454545454,0.1664223404261525,0.3131719074290353,26957.0
Chamelon,0.5,0.0,0.15,0.27473584133779155,0.17272727272727273,0.024215054453616807,4.147848242452046,0.19999999999999998,0.3215184857320594,0.04823499928949836,6113.8
Chamelon,0.5,0.01,0.15,0.26551483429858386,0.18181818181818182,0.021068398426484464,4.023457663212083,0.19999999999999998,0.29534290857608175,0.0585535159758578,6207.0
Chamelon,0.5,0.02,0.15,0.2598691621252981,0.1181818181818182,0.023990793388287364,4.443783544513752,0.10909090909090909,0.25081323963879787,0.034088749794413155,5476.0
Chamelon,0.5,0.03,0.15,0.25513118522259226,0.17272727272727273,0.021962063031670864,4.156422502251653,0.12727272727272726,0.2644880732390913,0.03654248988335126,6381.4
Chamelon,0.5,0.04,0.15,0.24597686955341,0.23636363636363633,0.03904585136661149,3.9554581250285663,0.0909090909090909,0.17252917626856767,0.04371787443387216,6306.2
Chamelon,0.5,0.05,0.15,0.24397765705409577,0.24545454545454545,0.025359184275050062,4.054907041603083,0.16363636363636364,0.21697079181971984,0.05545408812913823,6464.8
Chamelon,0.5,0.06,0.15,0.2344681284787657,0.2636363636363636,0.036444942762648626,4.274653825468054,0.18181818181818182,0.1955567607274149,0.07246820809360263,6093.8
Chamelon,0.5,0.07,0.15,0.23076046199028738,0.24545454545454545,0.03465745037877395,3.8255393779941302,0.14545454545454545,0.17234153381956524,0.07478966795071232,6882.2
Chamelon,0.5,0.08,0.15,0.22311690109178936,0.2545454545454545,0.039382079465794084,3.8457505814097046,0.0909090909090909,0.1589732597146659,0.09314135875204674,6783.2
Chamelon,0.5,0.09,0.15,0.20475870123207035,0.16363636363636364,0.038873104453419696,4.295973926547136,0.23636363636363633,0.18819262920324778,0.11977788246068555,5577.0
Chamelon,0.5,0.1,0.15,0.21039093534075323,0.17272727272727273,0.041255136749031605,4.177480802801727,0.16363636363636364,0.15935981854677433,0.12671200369736205,6229.0
Chamelon,1,0.0,0.15,0.27393594518056363,0.6909090909090909,0.0095979629414293,2.560482421834536,0.19999999999999998,0.24552949011449696,0.2738247314219707,11911.8
Chamelon,1,0.01,0.15,0.2768561731201717,0.6636363636363637,0.011789554442371071,2.3815669185353365,0.19999999999999998,0.2420910867244328,0.17464039546257631,11973.6
Chamelon,1,0.02,0.15,0.26756410993907603,0.6818181818181819,0.007204458092089273,2.597339892763619,0.16363636363636364,0.2574403871717085,0.22497527264389303,13896.6
Chamelon,1,0.03,0.15,0.269807419229789,0.7090909090909091,0.004763260194558775,2.298218029980199,0.21818181818181817,0.27624775360757997,0.2504115398123318,13509.8
Chamelon,1,0.04,0.15,0.26101233345306796,0.5363636363636364,0.006925841381975488,2.3405708268538503,0.18181818181818182,0.20015698046573388,0.25784185132194504,13523.6
Chamelon,1,0.05,0.15,0.25058413191398204,0.6454545454545454,0.01030433555590708,2.57182607494867,0.0909090909090909,0.2953111020595992,0.19787098373726847,11453.8
Chamelon,1,0.06,0.15,0.24861394649081534,0.6818181818181819,0.004536615224588485,2.193536959591243,0.07272727272727272,0.1505834164910024,0.4148423622103519,13004.0
Chamelon,1,0.07,0.15,0.2611225972775195,0.7454545454545454,0.0028905082702211787,2.1781406084489694,0.16363636363636364,0.3690197109156973,0.2170769127214765,13948.4
Chamelon,1,0.08,0.15,0.24759310689899125,0.6909090909090909,0.007026541215290205,2.3004608695290445,0.07272727272727272,0.3051652028940364,0.1977143882546593,13066.0
Chamelon,1,0.09,0.15,0.25106168842003795,0.7454545454545455,0.0030759006883539814,2.2776422742345472,0.07272727272727272,0.3089682438446549,0.2047954791394603,14565.2
Chamelon,1,0.1,0.15,0.23101929768932514,0.5454545454545454,0.007479671428374269,2.449489365084858,0.12727272727272726,0.23576811745746812,0.26018822117380613,13076.0
Chamelon,1.5,0.0,0.15,0.30416636200845604,0.8454545454545455,0.0014221648027477481,1.5059578038644301,0.32727272727272727,0.18167810847936844,0.21100580642410433,19002.0
Chamelon,1.5,0.01,0.15,0.28706360027163974,0.7272727272727273,0.0026206667963461876,1.712957677548948,0.2545454545454545,0.13518812812378442,0.2322738384547459,18147.6
Chamelon,1.5,0.02,0.15,0.30747976305139435,0.8363636363636363,0.0011913529097880562,1.4630548023915395,0.2909090909090909,0.2127926596208563,0.17588313670523434,19736.6
Chamelon,1.5,0.03,0.15,0.2890954478860879,0.8181818181818181,0.0023744842411781604,1.643325837220809,0.21818181818181817,0.21251282243259265,0.2405891454261763,17889.6
Chamelon,1.5,0.04,0.15,0.2873107630946288,0.8636363636363636,0.0016322262868234308,1.6787545012786502,0.19999999999999998,0.1762404013832226,0.232253362311086,18771.2
Chamelon,1.5,0.05,0.15,0.288103653815919,0.8454545454545455,0.0014131739816193502,1.4490445602454287,0.14545454545454545,0.15634434666623803,0.20643404202452223,19709.0
Chamelon,1.5,0.06,0.15,0.2773152196720824,0.8363636363636363,0.001315924127924505,1.6760356809858845,0.0909090909090909,0.23763516936154017,0.2398188645733498,17669.8
Chamelon,1.5,0.07,0.15,0.27610503198341885,0.8181818181818181,0.0021647829116649316,1.683398591698738,0.05454545454545454,0.24545765445845089,0.22595689381603018,17871.6
Chamelon,1.5,0.08,0.15,0.2974020650297051,0.8636363636363636,0.001819531137089734,1.4774794295974236,0.309090909090909,0.13183520278234093,0.15679388815781378,21034.8
Chamelon,1.5,0.09,0.15,0.27268961208505826,0.8454545454545455,0.0023558119723108874,1.6664008736173705,0.2545454545454545,0.19192788872826055,0.2432309991189871,18151.8
Chamelon,1.5,0.1,0.15,0.27960039954445215,0.8090909090909092,0.0016561295570745546,1.5281842454632237,0.14545454545454545,0.1754071297804069,0.20122977848872697,19703.0
Chamelon,2,0.0,0.15,0.3307088231687859,0.8454545454545455,0.002946942846934202,1.3465061956368674,0.3454545454545454,0.08601821149364994,0.20683319449116883,22958.8
Chamelon,2,0.01,0.15,0.28975082914473543,0.8818181818181818,0.003287929326949686,1.466385733939818,0.2727272727272727,0.10598546107794315,0.3495108048382679,20516.8
Chamelon,2,0.02,0.15,0.308747132055298,0.8181818181818181,0.0027674708678594186,1.4721392097355395,0.309090909090909,0.09142583689672441,0.20526027142204897,20549.4
Chamelon,2,0.03,0.15,0.31550063161946185,0.8727272727272727,0.0018033000356365784,1.3487757644300964,0.3636363636363636,0.08160667497924162,0.18871858660431465,22111.6
Chamelon,2,0.04,0.15,0.3128347731969461,0.890909090909091,0.001978025161810919,1.4168941401787818,0.2727272727272727,0.11435697893258698,0.22453580543676238,21350.8
Chamelon,2,0.05,0.15,0.28877495468989933,0.8454545454545455,0.002222556016963148,1.4649382341282953,0.23636363636363633,0.10426906868194845,0.2634406234374951,20323.6
Chamelon,2,0.06,0.15,0.30143424192240814,0.8636363636363636,0.0026658501090800354,1.478281404226006,0.1818181818181818,0.09287919448948793,0.24663690330472754,20933.4
Chamelon,2,0.07,0.15,0.3106647380454582,0.8454545454545455,0.0017312685919234259,1.2168831362358268,0.27272727272727265,0.08598376909929381,0.17909731402445161,22364.4
Chamelon,2,0.08,0.15,0.2995343580206603,0.8272727272727274,0.0024163081935566462,1.3484158466034155,0.2727272727272727,0.12935659860130488,0.22058450835317248,22139.6
Chamelon,2,0.09,0.15,0.30105755383541294,0.8454545454545455,0.0017702234322467634,1.4532955387699509,0.10909090909090909,0.16662603759793249,0.19887233683940836,21943.4
Chamelon,2,0.1,0.15,0.3201456689888002,0.8363636363636363,0.001495641596322172,1.2574101136878733,0.2545454545454545,0.1037387942914378,0.13770725703803108,23050.0
Chamelon,2.5,0.0,0.15,0.31416009061164685,0.890909090909091,0.0025704385206981265,1.271526690986588,0.32727272727272727,0.07211657944607043,0.16649969399484882,21539.8
Chamelon,2.5,0.01,0.15,0.30822298081260985,0.8363636363636363,0.0029153814042287883,1.3048017525976028,0.32727272727272727,0.10197658663200566,0.22645581648767568,21782.6
Chamelon,2.5,0.02,0.15,0.3112906959277192,0.8727272727272727,0.002688606164452754,1.301577005128708,0.3454545454545454,0.09264739297724199,0.21689074457577315,22286.0
Chamelon,2.5,0.03,0.15,0.3192286125685904,0.8727272727272727,0.002351801325678221,1.281826343012603,0.2545454545454545,0.09593687183359338,0.2062042176107178,22967.6
Chamelon,2.5,0.04,0.15,0.316251553583474,0.909090909090909,0.001756738773362542,1.2425084522604146,0.309090909090909,0.05269914423986264,0.1684028285737649,23687.8
Chamelon,2.5,0.05,0.15,0.2998237668132431,0.8090909090909092,0.003099065205866623,1.3041256305842315,0.12727272727272726,0.11964272679323847,0.26028945000434883,22448.4
Chamelon,2.5,0.06,0.15,0.2727562150531197,0.8272727272727274,0.0034858459779812173,1.3412745106301844,0.16363636363636364,0.02221822426645752,0.3004006103705778,21730.0
Chamelon,2.5,0.07,0.15,0.30386019160080663,0.8363636363636363,0.0019170104646329257,1.4209414914655596,0.21818181818181817,0.08321170893053265,0.20800877300966766,22682.0
Chamelon,2.5,0.08,0.15,0.29649033005400227,0.8363636363636363,0.002088185272538375,1.3560732639117443,0.16363636363636364,0.08854068107303673,0.20275569271479035,21897.4
Chamelon,2.5,0.09,0.15,0.31090972324722566,0.8454545454545455,0.002819161533238809,1.4266898643893493,0.1818181818181818,0.07463366572967428,0.2386075882992623,23450.6
Chamelon,2.5,0.1,0.15,0.32163821114289487,0.8454545454545455,0.002255422182919514,1.3072134807636604,0.2727272727272727,0.056148665997664396,0.17077478346317115,23679.8
Chamelon,3,0.0,0.15,0.31919783485263137,0.9,0.0026776501027353686,1.2937819567955544,0.32727272727272727,0.08892428751451834,0.19826578713266535,23065.8
Chamelon,3,0.01,0.15,0.3422389361559337,0.8818181818181818,0.002227788146781459,1.2785001886573757,0.3454545454545454,0.05477125435485375,0.13321719952958574,23851.6
Chamelon,3,0.02,0.15,0.32855681623702465,0.8636363636363636,0.00233521945839228,1.2243818749499151,0.32727272727272727,0.021979834698212405,0.17037449151297976,23919.0
Chamelon,3,0.03,0.15,0.3033592201228912,0.8636363636363636,0.002292709012503459,1.1828076456246732,0.2727272727272727,0.05266287809295026,0.20635791183098315,23597.4
Chamelon,3,0.04,0.15,0.31595274943646057,0.8363636363636363,0.002657533394605847,1.3223044654149954,0.14545454545454545,0.10605479964655933,0.22001120863027754,23846.8
Chamelon,3,0.05,0.15,0.3111899216918969,0.8818181818181818,0.0020111156289950236,1.1605625069239291,0.2727272727272727,0.048033833553538845,0.16737247552190088,23399.6
Chamelon,3,0.06,0.15,0.3206803968229627,0.8545454545454545,0.0020449440723857666,1.1991897052308012,0.2545454545454545,0.0682303316186535,0.12990183151575163,23618.2
Chamelon,3,0.07,0.15,0.30077858668837765,0.8363636363636363,0.003082788090191335,1.19289565837444,0.23636363636363633,0.06679316916438276,0.2646148026315022,24331.4
Chamelon,3,0.08,0.15,0.3188310832339673,0.8454545454545455,0.0024454548795710103,1.1397274364694163,0.2545454545454545,0.07701965711263872,0.20805493808120984,23999.8
Chamelon,3,0.09,0.15,0.31880102770150437,0.8727272727272727,0.0033344093147868446,1.2171323972812442,0.16363636363636364,0.11476814029689393,0.22856193419668763,24620.8
Chamelon,3,0.1,0.15,0.3053557476053128,0.8636363636363636,0.001768884546911936,1.2679448473013166,0.1818181818181818,0.10191479947800879,0.1861794864046089,23851.4
Chamelon,3.5,0.0,0.15,0.3371331324683905,0.8636363636363636,0.0025249788161967194,1.3455290504472628,0.3818181818181817,0.04861415704692261,0.16677192399354474,24101.2
Chamelon,3.5,0.01,0.15,0.3339588889516033,0.9,0.002484820870597575,1.1852895486227362,0.3636363636363636,0.04502958166588397,0.1759585566805644,24968.8
Chamelon,3.5,0.02,0.15,0.33652788168875397,0.909090909090909,0.002780410760791602,1.360883349840656,0.3454545454545454,0.046681185025453265,0.18641207595284565,23719.2
Chamelon,3.5,0.03,0.15,0.33026921657802666,0.909090909090909,0.0024670314979256644,1.1999668761253908,0.2545454545454545,0.03468770196273921,0.16092995626456902,24181.4
Chamelon,3.5,0.04,0.15,0.31376872241234094,0.8727272727272727,0.002478956614932873,1.2362881050690746,0.2545454545454545,0.030467453187408566,0.17033026364352677,23608.6
Chamelon,3.5,0.05,0.15,0.3208042635347309,0.9181818181818182,0.0030488781861888513,1.2543045897694243,0.16363636363636364,0.07480464522143529,0.21729003475738823,24277.2
Chamelon,3.5,0.06,0.15,0.32928779142927284,0.8909090909090909,0.0017991475645603306,1.128002003529746,0.2545454545454545,0.08140194295784675,0.15737659052701222,25013.0
Chamelon,3.5,0.07,0.15,0.3495642129534633,0.890909090909091,0.0020687630098023607,1.1827392965396215,0.3454545454545454,0.0404156433468063,0.11220809270351637,24872.0
Chamelon,3.5,0.08,0.15,0.3164973811987735,0.8636363636363636,0.0027398653510247156,1.1546722595295877,0.12727272727272726,0.06526213953197417,0.19139050539465455,24412.8
Chamelon,3.5,0.09,0.15,0.32480644152052446,0.8,0.002537302866176785,1.2739340051717496,0.19999999999999996,0.08733021376477507,0.144623199796721,23826.8
Chamelon,3.5,0.1,0.15,0.321013536041885,0.9,0.0020721026795688267,1.1746795761092819,0.16363636363636364,0.05493508949608852,0.14796727606845866,24453.4
