dataset,method,epsilon,rep,nmi,evc_overlap,evc_mae,deg_kl,diam_rel,cc_rel,mod_rel,edges,time_sec,timestamp
Chamelon,privgraph,0.5,0,0.017467137709626997,0.18181818181818182,0.01382379307978039,12.419582528523513,0.6363636363636362,0.8066108838971473,0.6297581521017912,30702,7.22,2026-05-11 00:30:40
Chamelon,privgraph,0.5,1,0.020814661330429043,0.2727272727272727,0.018539930719329106,13.916206870315808,0.6363636363636362,0.8103407121824595,0.6227658910016374,30930,7.54,2026-05-11 00:30:48
Chamelon,privgraph,0.5,2,0.013121362122362215,0.045454545454545456,0.021914225875589582,14.505717328235757,0.6363636363636362,0.8476861095142026,0.6617146551348986,30602,6.32,2026-05-11 00:30:54
Chamelon,privgraph,0.5,3,0.02026632444849843,0.5909090909090909,0.028479738944915515,12.903003271302119,0.6363636363636362,0.7930812800227098,0.6617993987901026,30192,3.84,2026-05-11 00:31:58
Chamelon,privgraph,0.5,4,0.013363702382564952,0.3181818181818182,0.01455922373777941,14.823263651216124,0.6363636363636362,0.8251617618218935,0.6486891813291263,31074,4.24,2026-05-11 00:32:03
Chamelon,privgraph,0.5,5,0.020039108354110994,0.09090909090909091,0.024360453943044456,13.676573890739043,0.6363636363636362,0.8668670298519627,0.6757632636896146,30523,4.44,2026-05-11 00:32:07
Chamelon,privgraph,0.5,6,0.014294750111543643,0.045454545454545456,0.03245017723889462,13.809102562854973,0.6363636363636362,0.8598547002488303,0.6675111992002665,30656,3.9,2026-05-11 00:32:11
Chamelon,privgraph,0.5,7,0.01341466914412754,0.09090909090909091,0.02434179004418088,12.756685952080273,0.6363636363636362,0.8643282677131962,0.6687321569199919,30445,4.1,2026-05-11 00:32:15
Chamelon,privgraph,0.5,8,0.01208345900395292,0.4090909090909091,0.026155024718055777,15.049278256583325,0.6363636363636362,0.8366007236459446,0.6395340961529921,31301,3.87,2026-05-11 00:32:19
Chamelon,privgraph,0.5,9,0.014461753853298297,0.22727272727272727,0.027760816030070037,13.73043166742015,0.6363636363636362,0.8438136300432684,0.6547831052618934,30774,4.07,2026-05-11 00:32:23
Chamelon,privgraph,1.0,0,0.10988407299480682,0.7272727272727273,0.0028719205415945804,6.198812827834953,0.5454545454545454,0.05881165301894541,0.44013519253995104,30386,5.18,2026-05-11 00:32:28
Chamelon,privgraph,1.0,1,0.10775076261472194,0.9090909090909091,0.005655302518836729,6.390929233088984,0.6363636363636362,0.1633066455571926,0.45111109986221026,30498,5.06,2026-05-11 00:32:33
Chamelon,privgraph,1.0,2,0.07443543447066231,0.09090909090909091,0.0020255466931446142,10.047481639515658,0.6363636363636362,0.5588138706675017,0.5496202163000181,31138,4.33,2026-05-11 00:32:38
Chamelon,privgraph,1.0,3,0.07636425768625851,0.7727272727272727,0.0012890891863659298,7.116765415948996,0.6363636363636362,0.4022596738221405,0.5786968849900941,31176,5.22,2026-05-11 00:32:43
Chamelon,privgraph,1.0,4,0.06544241102617959,0.6818181818181818,0.0035209132023258497,8.859028460212642,0.6363636363636362,0.2517333395677924,0.5174125162010738,30398,4.5,2026-05-11 00:32:47
Chamelon,privgraph,1.0,5,0.10492627051373848,0.7272727272727273,0.0019538386132756384,5.859588003152044,0.5454545454545454,0.12006104368037729,0.45220400990039855,30419,5.21,2026-05-11 00:32:53
Chamelon,privgraph,1.0,6,0.08605611396146277,0.7272727272727273,0.0022346203420805493,8.446363206621294,0.6363636363636362,0.16257276170847973,0.4774403179454602,30467,4.73,2026-05-11 00:32:57
Chamelon,privgraph,1.0,7,0.08022689441304202,0.7272727272727273,0.0016795533049659473,7.704826111961504,0.6363636363636362,0.2370022605427169,0.5207677661133142,30332,4.67,2026-05-11 00:33:02
Chamelon,privgraph,1.0,8,0.09637675556904529,0.7272727272727273,0.003031616321666195,6.353449867064526,0.6363636363636362,0.178024577858116,0.46598307979568676,30530,4.94,2026-05-11 00:33:07
Chamelon,privgraph,1.0,9,0.12759849987912433,0.7272727272727273,0.0011235138341230575,7.978875107876811,0.5454545454545454,0.003475929382508751,0.3809459449940663,30394,5.27,2026-05-11 00:33:12
Chamelon,privgraph,1.5,0,0.09526386663711446,0.6818181818181818,0.015096226728149581,1.6392655131193121,0.5454545454545454,0.501130889443419,0.660228125132317,30996,6.03,2026-05-11 00:33:18
Chamelon,privgraph,1.5,1,0.15065150340300992,0.8181818181818182,0.0011777422003327244,1.659076780551054,0.5454545454545454,0.20934362717448424,0.44474520719237737,30414,6.09,2026-05-11 00:33:24
Chamelon,privgraph,1.5,2,0.1753631074988517,0.7727272727272727,0.0008528262649127537,2.804494336618295,0.5454545454545454,0.13965452906571194,0.4059376050215431,30461,5.84,2026-05-11 00:33:30
Chamelon,privgraph,1.5,3,0.14280167859254758,0.7727272727272727,0.0020287024324312647,4.49444787069863,0.5454545454545454,0.04974289587420077,0.38152236055472166,29928,5.45,2026-05-11 00:33:36
Chamelon,privgraph,1.5,4,0.16958223969371275,0.9545454545454546,0.002080142454065508,1.4184413367347233,0.5454545454545454,0.016552635658334317,0.3625190835307721,29499,5.94,2026-05-11 00:33:42
Chamelon,privgraph,1.5,5,0.16251802298280624,1.0,0.0022370735981534886,2.9852964009599456,0.5454545454545454,0.03467150511474814,0.3540623802871458,30139,5.57,2026-05-11 00:33:47
Chamelon,privgraph,1.5,6,0.16237249956352465,0.9090909090909091,0.0023773501365613793,2.8045074662477467,0.5454545454545454,0.1370782163784578,0.4282256819737542,30195,5.93,2026-05-11 00:33:53
Chamelon,privgraph,1.5,7,0.17807641224716766,0.9545454545454546,0.002039592263269476,1.5284036023819123,0.5454545454545454,0.003638042479515411,0.331562718396766,30142,5.86,2026-05-11 00:33:59
Chamelon,privgraph,1.5,8,0.18590705994335344,0.8181818181818182,0.0009095245331697879,2.523067466065664,0.4545454545454545,0.023148515487652305,0.361439319207195,29978,6.25,2026-05-11 00:34:05
Chamelon,privgraph,1.5,9,0.15746736501041583,0.8636363636363636,0.0015181182838660968,3.1536231880484062,0.5454545454545454,0.04187429009071692,0.3639135308242513,30264,5.74,2026-05-11 00:34:11
Chamelon,privgraph,2.0,0,0.19181245200790634,0.9090909090909091,0.001619438855002743,1.226908808246661,0.4545454545454545,0.018238944694420802,0.3064599534746772,29924,6.07,2026-05-11 00:34:17
Chamelon,privgraph,2.0,1,0.19945662022035415,0.9090909090909091,0.0021135929970641804,1.2956231959177797,0.5454545454545454,0.047658359839315635,0.34063345587143196,29845,6.01,2026-05-11 00:34:23
Chamelon,privgraph,2.0,2,0.17516601417833902,0.8636363636363636,0.0015259183008217764,1.0755429693378318,0.4545454545454545,0.017221217119829556,0.29387423526818574,29902,6.36,2026-05-11 00:34:29
Chamelon,privgraph,2.0,3,0.18691833587194875,0.9090909090909091,0.0012355402868042056,2.6801367603090216,0.5454545454545454,0.052940440742986504,0.37943509837634387,30291,5.92,2026-05-11 00:34:35
Chamelon,privgraph,2.0,4,0.17636364494361548,0.8636363636363636,0.001155729900238503,4.0282052639617065,0.5454545454545454,0.010127964529210953,0.3728321185496292,30339,5.77,2026-05-11 00:34:41
Chamelon,privgraph,2.0,5,0.19265897224300493,0.9090909090909091,0.0030954450853665828,1.1627159622152758,0.5454545454545454,0.18713863279220794,0.38999165558876075,30488,6.35,2026-05-11 00:34:47
Chamelon,privgraph,2.0,6,0.17693744835578665,0.9545454545454546,0.003038391634525864,1.1032708025257363,0.5454545454545454,0.1206103553221079,0.3446035526481705,30094,6.3,2026-05-11 00:34:54
Chamelon,privgraph,2.0,7,0.15476972105866266,0.8636363636363636,0.0019922050811872205,1.4118313766359158,0.5454545454545454,0.09437504165342853,0.39512394558664166,30361,6.14,2026-05-11 00:35:00
Chamelon,privgraph,2.0,8,0.19026452740165245,0.9090909090909091,0.002199519491494298,0.9861105298871069,0.4545454545454545,0.04777857248646795,0.31503614379665695,29801,6.13,2026-05-11 00:35:06
Chamelon,privgraph,2.0,9,0.18439436216373106,0.9090909090909091,0.00156151951830474,2.9331767072876382,0.5454545454545454,0.09368554074128531,0.3884785615487555,30551,6.11,2026-05-11 00:35:12
Chamelon,privgraph,2.5,0,0.20467128204441556,0.8636363636363636,0.0015656144620855086,1.0353125932384748,0.4545454545454545,0.01891119618791709,0.25928334323758695,29537,6.48,2026-05-11 00:35:19
Chamelon,privgraph,2.5,1,0.23240555669008148,0.8636363636363636,0.002986831118615525,0.7969024088233823,0.3636363636363636,0.06162649674545554,0.2429498816944297,30040,6.57,2026-05-11 00:35:25
Chamelon,privgraph,2.5,2,0.22202504187010613,0.9090909090909091,0.002979891114285794,1.3940992574056537,0.5454545454545454,0.10719131410103859,0.3503176268524461,30155,6.04,2026-05-11 00:35:31
Chamelon,privgraph,2.5,3,0.1866768763355819,0.8636363636363636,0.0020065094467717317,1.0883813151696549,0.4545454545454545,0.08748393736549902,0.3099140100586924,30091,6.27,2026-05-11 00:35:37
Chamelon,privgraph,2.5,4,0.1963640263908557,0.8636363636363636,0.0010738121598051764,0.9813679329553071,0.5454545454545454,0.04443706435391335,0.2787887532306865,29737,6.43,2026-05-11 00:35:44
Chamelon,privgraph,2.5,5,0.21175897445321154,0.7727272727272727,0.0015068326359575243,1.0701476968010086,0.4545454545454545,0.033186116222091354,0.2955440085328899,29997,6.19,2026-05-11 00:35:50
Chamelon,privgraph,2.5,6,0.2101328161952746,0.9090909090909091,0.002852981551381267,2.7362680108788924,0.5454545454545454,0.0018010592589284638,0.3230255505447844,29803,5.89,2026-05-11 00:35:56
Chamelon,privgraph,2.5,7,0.20394751334462333,0.8636363636363636,0.0010844029927101263,1.3250931278960874,0.4545454545454545,0.029485573629076438,0.280143108351195,29988,6.34,2026-05-11 00:36:02
Chamelon,privgraph,2.5,8,0.18800405068348466,0.9090909090909091,0.002519451252618501,1.2015607176011547,0.4545454545454545,0.15237134357574714,0.3492521604002833,30312,6.29,2026-05-11 00:36:09
Chamelon,privgraph,2.5,9,0.20284000825949877,0.8636363636363636,0.0015265873380048587,1.0887309192147683,0.4545454545454545,0.035774120026568,0.272775051646911,29904,6.35,2026-05-11 00:36:15
Chamelon,privgraph,3.0,0,0.2506361489049407,0.9090909090909091,0.0016265145669148264,0.8315784676929703,0.3636363636363636,0.049750932370606515,0.24480254015714228,29937,6.31,2026-05-11 00:36:21
Chamelon,privgraph,3.0,1,0.22574808824935547,0.9090909090909091,0.0019966790747727964,1.3265389195095953,0.4545454545454545,0.01026031993445665,0.2936800573245554,29712,6.43,2026-05-11 00:36:28
Chamelon,privgraph,3.0,2,0.19580621722346292,0.7272727272727273,0.0071056549561346735,1.1286629854657177,0.4545454545454545,0.2570652193512437,0.5022071525405715,30176,6.65,2026-05-11 00:36:34
Chamelon,privgraph,3.0,3,0.21210313516406612,0.9090909090909091,0.002063383244210644,0.8622194757651236,0.4545454545454545,0.20112610103505485,0.3800288479209524,30093,6.32,2026-05-11 00:36:41
Chamelon,privgraph,3.0,4,0.22839570067950296,0.9090909090909091,0.0019146536110651736,1.0707092319163687,0.3636363636363636,0.013145821604953123,0.24940182716922685,29706,6.31,2026-05-11 00:36:47
Chamelon,privgraph,3.0,5,0.22711802356152852,0.9090909090909091,0.002176341679523796,1.019722079139719,0.4545454545454545,0.029475003906993594,0.2834697153301638,29725,6.26,2026-05-11 00:36:53
Chamelon,privgraph,3.0,6,0.2576715572902965,0.7727272727272727,0.001964701769296373,1.272182875033971,0.4545454545454545,0.011662597572731317,0.2809542805952989,29422,6.19,2026-05-11 00:36:59
Chamelon,privgraph,3.0,7,0.2188724436213748,0.9090909090909091,0.002659154225078709,0.8682083602126824,0.3636363636363636,0.1900178663216281,0.3825483129111363,29911,6.6,2026-05-11 00:37:06
Chamelon,privgraph,3.0,8,0.23204595687971666,0.8181818181818182,0.0015769861017364461,1.2521141233849897,0.5454545454545454,0.029995255272641876,0.252504852010666,29591,5.93,2026-05-11 00:37:12
Chamelon,privgraph,3.0,9,0.2465158555444371,0.8636363636363636,0.0016884467931945863,0.9025842718509738,0.4545454545454545,0.05929195566532429,0.26175938511574054,30194,6.5,2026-05-11 00:37:18
Chamelon,privgraph,3.5,0,0.2236020116753655,0.9090909090909091,0.0029197428918203007,0.9763075251695205,0.4545454545454545,0.05065792497644853,0.24502502240041998,29849,6.3,2026-05-11 00:37:25
Chamelon,privgraph,3.5,1,0.25959567449055526,0.9090909090909091,0.0019594888220126104,0.8949183378457226,0.3636363636363636,0.06957860741087772,0.21650124932890277,29915,6.21,2026-05-11 00:37:31
Chamelon,privgraph,3.5,2,0.2673200355677457,0.9090909090909091,0.0025924801235784893,0.9756078744083917,0.3636363636363636,0.03559964739893265,0.21530236530726404,29523,6.19,2026-05-11 00:37:37
Chamelon,privgraph,3.5,3,0.2512906990650853,0.8636363636363636,0.0014056936073133575,1.0706272493120719,0.2727272727272727,0.026596207319123176,0.2233251207674802,29427,6.18,2026-05-11 00:37:43
Chamelon,privgraph,3.5,4,0.2385209671433149,0.9545454545454546,0.0018669528181061263,0.9305992096945271,0.3636363636363636,0.030910172239229684,0.2434183424310645,29499,6.24,2026-05-11 00:37:50
Chamelon,privgraph,3.5,5,0.2420184431896619,0.9090909090909091,0.0027220621278953774,1.142894843304739,0.4545454545454545,0.06143712362682552,0.256054773396611,30036,6.48,2026-05-11 00:37:56
Chamelon,privgraph,3.5,6,0.21114838908763808,0.8636363636363636,0.0014057451536949159,0.9572182024404883,0.4545454545454545,0.059044176185646426,0.2495562219282163,29814,6.24,2026-05-11 00:38:02
Chamelon,privgraph,3.5,7,0.21107425328506088,0.9090909090909091,0.0029641952229211015,0.933458213853102,0.4545454545454545,0.11707701036641575,0.3012885343450996,30086,6.35,2026-05-11 00:38:09
Chamelon,privgraph,3.5,8,0.21968365398519055,0.9090909090909091,0.0029394215031843915,1.038779951592426,0.5454545454545454,0.03530912853413964,0.29566284726368247,29868,5.88,2026-05-11 00:38:15
Chamelon,privgraph,3.5,9,0.22678248457785966,0.9090909090909091,0.0026104418385526785,1.0021295078092516,0.4545454545454545,0.14518664770629255,0.35529368419660284,30055,6.25,2026-05-11 00:38:21
Chamelon,ours,0.5,0,0.2910557735627774,0.5454545454545454,0.005876386768842637,2.3851726523016445,0.3636363636363636,0.6601449648023869,0.0007363486617909495,19877,2.6,2026-05-11 00:38:23
Chamelon,ours,0.5,1,0.2629368389835471,0.0,0.005380893066272566,2.612924681388517,0.2727272727272727,0.5895172119197114,0.008903837573488716,18963,2.9,2026-05-11 00:38:26
Chamelon,ours,0.5,2,0.26897946362618325,0.3181818181818182,0.007527476792397589,2.8098464070540095,0.1818181818181818,0.7528498102663932,0.0002335151638181961,15485,2.36,2026-05-11 00:38:29
Chamelon,ours,0.5,3,0.2761565445565552,0.18181818181818182,0.017011905580064608,2.2935366445020433,0.2727272727272727,0.6231314015779797,0.03283833838825572,21478,2.85,2026-05-11 00:38:32
Chamelon,ours,0.5,4,0.27146316767657463,0.4090909090909091,0.006371834994253473,2.709260087685349,0.2727272727272727,0.6960722223976092,0.057384969590932415,15492,2.24,2026-05-11 00:38:34
Chamelon,ours,0.5,5,0.2623175008232763,0.22727272727272727,0.0127834681404218,3.4284466321812825,0.0,0.7233513389070448,0.01887754270032235,12975,2.2,2026-05-11 00:38:36
Chamelon,ours,0.5,6,0.276802069039134,0.2727272727272727,0.012073920069766608,2.5981701908227146,0.2727272727272727,0.6669909821358537,0.03624155716531512,18150,2.41,2026-05-11 00:38:38
Chamelon,ours,0.5,7,0.27373841863166576,0.09090909090909091,0.011995737836631805,2.705259025421968,0.3636363636363636,0.6795302936826909,0.040133270298705816,18785,2.56,2026-05-11 00:38:41
Chamelon,ours,0.5,8,0.25580406561882923,0.2727272727272727,0.019156074198685695,4.61052364711801,0.1818181818181818,0.7552820509294177,0.042077216954892666,14819,2.22,2026-05-11 00:38:43
Chamelon,ours,0.5,9,0.273907482799781,0.45454545454545453,0.01026773456513206,2.3834727328334457,0.3636363636363636,0.6802770751529813,0.03301934987160537,18036,2.5,2026-05-11 00:38:46
Chamelon,ours,1.0,0,0.27247297827758493,0.5,0.006127432529619007,1.601052056397342,0.1818181818181818,0.4162962820515712,0.11686333207455565,24720,3.47,2026-05-11 00:38:49
Chamelon,ours,1.0,1,0.3037015874709972,0.8181818181818182,0.005879763907747821,1.5189824868568094,0.3636363636363636,0.37345885845164933,0.0991805346990654,26881,3.85,2026-05-11 00:38:53
Chamelon,ours,1.0,2,0.2809382820072378,0.7272727272727273,0.00671619498218862,1.608553964548259,0.3636363636363636,0.4076411540374987,0.11217249296782801,25476,3.76,2026-05-11 00:38:57
Chamelon,ours,1.0,3,0.30075576109285823,0.8636363636363636,0.005370639186084796,1.471992229662594,0.2727272727272727,0.5050664138110932,0.05279140297996592,25661,3.88,2026-05-11 00:39:01
Chamelon,ours,1.0,4,0.3051998943966298,0.7272727272727273,0.005049423360829799,1.480616644252211,0.4545454545454545,0.3904374543563007,0.06790632594267736,25557,3.59,2026-05-11 00:39:04
Chamelon,ours,1.0,5,0.3029332416897367,0.7727272727272727,0.005600130059830647,1.7938657575850347,0.4545454545454545,0.4057251682412053,0.06278101972918128,26684,3.62,2026-05-11 00:39:08
Chamelon,ours,1.0,6,0.2964043826623261,0.6818181818181818,0.007113950266787189,1.4482139616865444,0.3636363636363636,0.5324458661264123,0.09233664728204828,26080,3.56,2026-05-11 00:39:11
Chamelon,ours,1.0,7,0.292905883063222,0.5909090909090909,0.003988318681263477,1.4635734960926572,0.3636363636363636,0.4998295068314249,0.01892761887234042,24322,3.41,2026-05-11 00:39:15
Chamelon,ours,1.0,8,0.2951839103016305,0.9090909090909091,0.003617780676668693,1.505975068116325,0.3636363636363636,0.4998421719523614,0.03544828557962435,26589,3.84,2026-05-11 00:39:19
Chamelon,ours,1.0,9,0.2897633137172832,0.7272727272727273,0.004271571164011243,1.6121739730216835,0.4545454545454545,0.6236943695408163,0.017290163952337238,24422,3.41,2026-05-11 00:39:22
Chamelon,ours,1.5,0,0.2955272806616673,0.8636363636363636,0.004127034882617901,1.6612210629390205,0.3636363636363636,0.28505894042382257,0.14301946995220266,27545,4.04,2026-05-11 00:39:26
Chamelon,ours,1.5,1,0.2922793318115292,0.8636363636363636,0.005571971626098254,1.2261493522147056,0.3636363636363636,0.4772603074140571,0.03423557862050684,27125,4.1,2026-05-11 00:39:30
Chamelon,ours,1.5,2,0.33935841496548047,0.7272727272727273,0.0030629600384423318,1.3793665390498493,0.4545454545454545,0.20562635300022794,0.11129389173316698,27811,4.17,2026-05-11 00:39:34
Chamelon,ours,1.5,3,0.29145439454687927,0.7727272727272727,0.005390283702382268,1.4551944484187014,0.3636363636363636,0.38485177971243506,0.11842688599406816,27259,4.05,2026-05-11 00:39:38
Chamelon,ours,1.5,4,0.28899178266057324,0.7272727272727273,0.005187237025530127,1.4103423349375017,0.3636363636363636,0.1540452430108695,0.2434081963087493,28970,4.46,2026-05-11 00:39:43
Chamelon,ours,1.5,5,0.3005217873427592,0.9090909090909091,0.002762467201056787,1.4926331271064888,0.4545454545454545,0.09548760519700618,0.18692499829271791,28157,4.28,2026-05-11 00:39:47
Chamelon,ours,1.5,6,0.3006184263795471,0.8636363636363636,0.005461136068654106,1.2895515651541896,0.3636363636363636,0.35198987202246135,0.08617819646722444,27755,4.09,2026-05-11 00:39:51
Chamelon,ours,1.5,7,0.3176900432883069,0.8636363636363636,0.004338539888033918,1.4121528489412885,0.4545454545454545,0.1685149893892936,0.11717760762925912,28333,4.31,2026-05-11 00:39:56
Chamelon,ours,1.5,8,0.29951036951532095,0.8181818181818182,0.004229524241090738,1.3562574906117484,0.3636363636363636,0.4466200726951949,0.00898249854465253,27151,4.05,2026-05-11 00:40:00
Chamelon,ours,1.5,9,0.3206251859527509,0.9090909090909091,0.002692206620045469,1.361188009686912,0.4545454545454545,0.3016671751012757,0.0779214504505065,27584,4.0,2026-05-11 00:40:04
Chamelon,ours,2.0,0,0.30541122608886995,0.7272727272727273,0.005622651456799975,1.3942905587412113,0.2727272727272727,0.20510741048856238,0.25907776852748526,27938,4.37,2026-05-11 00:40:08
Chamelon,ours,2.0,1,0.34759311122071046,0.8636363636363636,0.0027214811517874502,1.3980491579438656,0.4545454545454545,0.2619340897212942,0.07620158003510143,27918,4.28,2026-05-11 00:40:12
Chamelon,ours,2.0,2,0.27478967177933517,0.8181818181818182,0.003480557998114116,1.1388210487906973,0.3636363636363636,0.10850063328365804,0.2130646523998129,29672,4.81,2026-05-11 00:40:17
Chamelon,ours,2.0,3,0.29274646142950134,0.7727272727272727,0.004515730701660259,1.4407395218337995,0.4545454545454545,0.28658424798157867,0.09258375296966985,28015,4.31,2026-05-11 00:40:21
Chamelon,ours,2.0,4,0.33558950169752094,0.8636363636363636,0.0027314156510186193,1.2351389393720584,0.4545454545454545,0.1291339293006256,0.1299967316393081,28104,4.29,2026-05-11 00:40:26
Chamelon,ours,2.0,5,0.33110426432289136,0.9090909090909091,0.002747731591288913,1.0835105559389129,0.4545454545454545,0.1769828512283183,0.11628652902282546,28070,4.35,2026-05-11 00:40:30
Chamelon,ours,2.0,6,0.30357698619651075,0.9545454545454546,0.006937703473867845,1.232339740556738,0.3636363636363636,0.0777611014118585,0.18203857233579562,29321,4.55,2026-05-11 00:40:35
Chamelon,ours,2.0,7,0.3394020916755186,0.8636363636363636,0.002478923429283185,1.2668251383665348,0.4545454545454545,0.23910274867041775,0.07641913101095783,28384,4.27,2026-05-11 00:40:39
Chamelon,ours,2.0,8,0.312447538344747,0.8181818181818182,0.004976803562045034,1.2526976688021736,0.3636363636363636,0.527213227099656,0.03725542256833745,25753,4.01,2026-05-11 00:40:43
Chamelon,ours,2.0,9,0.3318121514060108,0.8181818181818182,0.0030066907848666754,1.4046064642317868,0.4545454545454545,0.3295518730353882,0.04258606072860748,27580,4.2,2026-05-11 00:40:47
Chamelon,ours,2.5,0,0.31739566806443165,0.9545454545454546,0.001852168890034172,1.405886131863665,0.3636363636363636,0.021384821986834106,0.254808775057471,28883,4.63,2026-05-11 00:40:52
Chamelon,ours,2.5,1,0.3561668904056774,0.9090909090909091,0.0015202041197999614,1.137726238548298,0.4545454545454545,0.14134482254664513,0.10644659233515115,28652,4.48,2026-05-11 00:40:56
Chamelon,ours,2.5,2,0.32833509378677433,0.8636363636363636,0.002191136587896553,1.255688195872574,0.4545454545454545,0.17074559358763916,0.12247719812040728,28217,4.55,2026-05-11 00:41:01
Chamelon,ours,2.5,3,0.3092936355219292,0.9545454545454546,0.0036329155072653174,1.431117340319197,0.3636363636363636,0.06598659848197272,0.26265136019823443,28923,4.56,2026-05-11 00:41:05
Chamelon,ours,2.5,4,0.2794965797664256,0.8636363636363636,0.00273464821754235,1.1367429054182598,0.4545454545454545,0.03995000849048156,0.20607029104974983,29368,4.73,2026-05-11 00:41:10
Chamelon,ours,2.5,5,0.3011316402113305,0.9090909090909091,0.0032022960507045897,1.2785390877117575,0.4545454545454545,0.1265116533368626,0.13061741596276133,29131,4.85,2026-05-11 00:41:15
Chamelon,ours,2.5,6,0.2835923315021478,0.9090909090909091,0.00319552319782519,1.2937874718011932,0.3636363636363636,0.0635983648229603,0.21229491232363104,28539,4.59,2026-05-11 00:41:19
Chamelon,ours,2.5,7,0.31097275542381014,0.9090909090909091,0.0016115724009687436,1.5103765864288146,0.3636363636363636,0.17233575119311506,0.13482650838117208,28018,4.37,2026-05-11 00:41:24
Chamelon,ours,2.5,8,0.3460626207956526,0.9545454545454546,0.0020264495327839125,1.2115188440180322,0.3636363636363636,0.2888659318916002,0.049272498522019814,28156,4.35,2026-05-11 00:41:28
Chamelon,ours,2.5,9,0.3420015719005781,0.8636363636363636,0.0018523552753021782,1.1364293101830214,0.4545454545454545,0.12266980236816233,0.11636957279144705,28316,4.52,2026-05-11 00:41:33
Chamelon,ours,3.0,0,0.36088068980164534,1.0,0.0006944699894960003,1.2199720049772784,0.4545454545454545,0.08071659651132326,0.10491756607083763,28635,4.73,2026-05-11 00:41:37
Chamelon,ours,3.0,1,0.36786278465929817,0.8181818181818182,0.001874721422564254,1.109317159038007,0.4545454545454545,0.07779513885572374,0.10644191174913022,28760,4.75,2026-05-11 00:41:42
Chamelon,ours,3.0,2,0.35105681153295465,0.9090909090909091,0.003163004374841492,1.2733109398879383,0.4545454545454545,0.1181799967362018,0.10687760862826402,29333,4.81,2026-05-11 00:41:47
Chamelon,ours,3.0,3,0.3127355543733276,0.8181818181818182,0.0024376883379400335,1.0926652383797357,0.4545454545454545,0.20014615655256224,0.08283182069271912,28056,4.35,2026-05-11 00:41:51
Chamelon,ours,3.0,4,0.294758346824254,0.8636363636363636,0.002021951992947339,1.3170094235352818,0.4545454545454545,0.0843816416744483,0.22937108545279847,29776,4.91,2026-05-11 00:41:56
Chamelon,ours,3.0,5,0.34367676422664417,0.9545454545454546,0.0017956948590476265,1.327909162800599,0.4545454545454545,0.022507611508770287,0.19358993341394032,29115,4.87,2026-05-11 00:42:01
Chamelon,ours,3.0,6,0.3090185781510183,0.9545454545454546,0.002405182674595169,1.4149865526471261,0.4545454545454545,0.16966436747187477,0.07979680624271626,28704,4.57,2026-05-11 00:42:06
Chamelon,ours,3.0,7,0.27613209514789844,0.7727272727272727,0.006714920530040547,1.36570533291457,0.4545454545454545,0.07664496111236649,0.3273257563129378,29576,4.95,2026-05-11 00:42:11
Chamelon,ours,3.0,8,0.308686960176457,0.8636363636363636,0.0014836505477047646,1.1490662018295994,0.4545454545454545,0.09467168877727057,0.23776343610457118,29396,4.96,2026-05-11 00:42:16
Chamelon,ours,3.0,9,0.3703771649299393,0.9090909090909091,0.0024946387568505774,1.1598930175143767,0.4545454545454545,0.12255037927051182,0.09899983548820712,28729,4.65,2026-05-11 00:42:20
Chamelon,ours,3.5,0,0.27593198527411733,0.7272727272727273,0.004827094462588368,1.4220274218205133,0.3636363636363636,0.12783123663405968,0.32477460869728864,30025,5.05,2026-05-11 00:42:25
Chamelon,ours,3.5,1,0.32760334905367045,0.8636363636363636,0.0018543390243967008,1.343918564461112,0.4545454545454545,0.06676263194998759,0.24162850695075386,29327,4.78,2026-05-11 00:42:30
Chamelon,ours,3.5,2,0.30305612248303665,0.9090909090909091,0.001822053305349885,1.212896251630653,0.4545454545454545,0.04897868280239838,0.24334173154519592,29527,5.01,2026-05-11 00:42:35
Chamelon,ours,3.5,3,0.3021430674122879,0.8181818181818182,0.003337342448853257,1.368600085844293,0.4545454545454545,0.03455778035516477,0.26694653392807605,29187,4.75,2026-05-11 00:42:40
Chamelon,ours,3.5,4,0.34748990953787173,0.9090909090909091,0.0011245531394063505,1.1931902450062828,0.4545454545454545,0.09024959077357166,0.12287401466601075,28755,4.71,2026-05-11 00:42:45
Chamelon,ours,3.5,5,0.38010091743476865,0.8181818181818182,0.0020596295739856,1.4295250826822725,0.4545454545454545,0.07265557341535593,0.11102602593738009,28522,4.75,2026-05-11 00:42:49
Chamelon,ours,3.5,6,0.30735555298211853,0.9090909090909091,0.0020076347812623976,1.2626097750250507,0.4545454545454545,0.006041844882525748,0.16607655857181342,29449,4.81,2026-05-11 00:42:54
Chamelon,ours,3.5,7,0.30853205021667507,0.7272727272727273,0.005678532489617797,1.1766753935385965,0.4545454545454545,0.03617711733835493,0.27862513219583973,29413,4.76,2026-05-11 00:42:59
Chamelon,ours,3.5,8,0.3527576767118838,0.8636363636363636,0.001569186958990709,1.2115967484014436,0.3636363636363636,0.0852290166295852,0.09861769568137016,28878,4.8,2026-05-11 00:43:04
Chamelon,ours,3.5,9,0.3476725643841275,0.9090909090909091,0.0018296917695942326,1.123921643917741,0.4545454545454545,0.03700824882693755,0.12862110535187715,29016,4.86,2026-05-11 00:43:09
Facebook,privgraph,0.5,0,0.011988140382358252,0.05,0.012309789185143328,14.750802404993825,0.4999999999999999,0.936178556556473,0.751495713582035,86669,13.5,2026-05-11 00:43:44
Facebook,privgraph,0.5,1,0.0330800518929438,0.475,0.020449442393370452,12.646623330289469,0.4999999999999999,0.8353637967996853,0.7192608218267811,87122,15.05,2026-05-11 00:43:59
Facebook,privgraph,0.5,2,0.022225686709167473,0.4,0.02189672037353391,13.641287624045882,0.4999999999999999,0.867898105613295,0.7319385286095103,86883,13.91,2026-05-11 00:44:13
Facebook,privgraph,0.5,3,0.00803156925745235,0.025,0.034781819790160554,14.893280663386173,0.4999999999999999,0.9496133640476395,0.7589769288204553,86340,13.4,2026-05-11 00:44:27
Facebook,privgraph,0.5,4,0.011513090867668318,0.175,0.030394914800224486,13.593165248890354,0.4999999999999999,0.9468391343680008,0.7671772171738364,86623,13.59,2026-05-11 00:44:40
Facebook,privgraph,0.5,5,0.005029913826481046,0.075,0.034634892868510805,16.09002232332722,0.4999999999999999,0.9484569224383205,0.7755640280958997,87478,12.98,2026-05-11 00:44:53
Facebook,privgraph,0.5,6,0.013295505125680847,0.35,0.011458286320149894,13.982521113820663,0.4999999999999999,0.9304863352427984,0.7459083464616408,87740,13.72,2026-05-11 00:45:07
Facebook,privgraph,0.5,7,0.009629734621213956,0.05,0.03510711816251288,15.796204564526116,0.4999999999999999,0.9493857208640877,0.7745989053157103,86369,12.88,2026-05-11 00:45:20
Facebook,privgraph,0.5,8,0.011085571452121874,0.2,0.03087303480899286,15.016980814635277,0.4999999999999999,0.9490473107869803,0.7731754222186369,87707,13.52,2026-05-11 00:45:33
Facebook,privgraph,0.5,9,0.012055821554413882,0.15,0.029175535696316,14.818863435932533,0.4999999999999999,0.9479802786410377,0.7655680271536103,87043,13.98,2026-05-11 00:45:47
Facebook,privgraph,1.0,0,0.12472664834316034,0.7,0.0013781945488996652,8.251436856932665,0.4999999999999999,0.45448728595832844,0.5546272129405011,87239,18.3,2026-05-11 00:46:06
Facebook,privgraph,1.0,1,0.14904275681596735,0.8,0.0016326331779726387,5.820952990319135,0.4999999999999999,0.4453255649977741,0.5041068033318008,87139,20.48,2026-05-11 00:46:26
Facebook,privgraph,1.0,2,0.10118466151201842,0.65,0.0016661516546125055,7.669303495070562,0.4999999999999999,0.6251943398213856,0.6048542990757819,87442,18.74,2026-05-11 00:46:45
Facebook,privgraph,1.0,3,0.14312833132295935,0.675,0.0024643364466435435,6.582420313968643,0.4999999999999999,0.555969152100527,0.5465407816635729,86860,19.73,2026-05-11 00:47:05
Facebook,privgraph,1.0,4,0.15001553974473908,0.825,0.0016008758739616507,5.963184603152849,0.4999999999999999,0.510541900513885,0.5412432879825442,86890,21.55,2026-05-11 00:47:26
Facebook,privgraph,1.0,5,0.13181664300774312,0.8,0.001884482891247597,4.934025344424236,0.4999999999999999,0.545013039364616,0.4712533419267604,87540,23.26,2026-05-11 00:47:49
Facebook,privgraph,1.0,6,0.10384530736780433,0.7,0.006739260740286921,9.021271784743629,0.4999999999999999,0.6967121145298001,0.6582189383775128,87462,18.3,2026-05-11 00:48:08
Facebook,privgraph,1.0,7,0.16582841468164256,0.775,0.0012706111651197565,4.2518135413363565,0.4999999999999999,0.5062645103700865,0.4599335122560918,87040,23.69,2026-05-11 00:48:31
Facebook,privgraph,1.0,8,0.12552955809862973,0.675,0.0019176464208007986,6.176208741330869,0.4999999999999999,0.5705459533425467,0.5765695913111413,87626,19.75,2026-05-11 00:48:51
Facebook,privgraph,1.0,9,0.16529837123363614,0.725,0.0016329713594605173,5.015533780998667,0.4999999999999999,0.5655271807805144,0.47242867227468965,87091,23.27,2026-05-11 00:49:14
Facebook,privgraph,1.5,0,0.16052403748749267,0.725,0.005293287696177422,5.793028580938381,0.4999999999999999,0.635221506317636,0.5180369949085498,87244,22.15,2026-05-11 00:49:37
Facebook,privgraph,1.5,1,0.1588310547077751,0.7,0.0022826541126949786,1.9668949978599322,0.4999999999999999,0.5119594895992873,0.4200909428609664,86525,25.21,2026-05-11 00:50:02
Facebook,privgraph,1.5,2,0.19021809208911644,0.775,0.0014312327029090213,2.6825418023058587,0.4999999999999999,0.361920956302387,0.38576656965573214,87247,24.36,2026-05-11 00:50:26
Facebook,privgraph,1.5,3,0.1809327006802817,0.775,0.0019227432430797792,2.590066559710413,0.4999999999999999,0.4926727072513786,0.4442098700191772,87118,25.52,2026-05-11 00:50:52
Facebook,privgraph,1.5,4,0.18895086062126804,0.8,0.0014864188105232952,2.808892383832296,0.4999999999999999,0.4575955375455775,0.42782344188791666,86261,24.19,2026-05-11 00:51:16
Facebook,privgraph,1.5,5,0.1571880428995488,0.725,0.0029225603565239465,1.2520926430852342,0.4999999999999999,0.6213030801256816,0.4590282754162134,87866,27.01,2026-05-11 00:51:43
Facebook,privgraph,1.5,6,0.17605401379210514,0.7,0.0066142636243211065,3.3996021752253096,0.4999999999999999,0.5509319768211914,0.4326183529873649,87394,25.12,2026-05-11 00:52:08
Facebook,privgraph,1.5,7,0.16725308812079528,0.675,0.0018947485976450334,1.890700276099776,0.37499999999999994,0.5532548864452218,0.47257948998236826,87639,27.38,2026-05-11 00:52:35
Facebook,privgraph,1.5,8,0.16806825886132631,0.65,0.0015573902249834451,3.2988796555444706,0.4999999999999999,0.4898846458448308,0.44304313594587136,86948,25.14,2026-05-11 00:53:01
Facebook,privgraph,1.5,9,0.1647787868219838,0.75,0.0016666652427401746,3.5213195765677465,0.4999999999999999,0.3678378476996747,0.42698227478512624,86588,22.61,2026-05-11 00:53:23
Facebook,privgraph,2.0,0,0.18236403696279538,0.75,0.001971046072320888,1.8528571591150793,0.37499999999999994,0.523043370517723,0.434324304056015,87199,26.44,2026-05-11 00:53:50
Facebook,privgraph,2.0,1,0.21616967344926905,0.75,0.010807052296758357,1.885222555007149,0.37499999999999994,0.5782859008576368,0.4180259050239693,87301,26.19,2026-05-11 00:54:16
Facebook,privgraph,2.0,2,0.17496367304093552,0.675,0.004227453171485556,3.144444893761052,0.37499999999999994,0.6122078796343503,0.43422332939351976,87801,27.52,2026-05-11 00:54:43
Facebook,privgraph,2.0,3,0.14340996587930327,0.775,0.0025858416411723055,1.8229126796545654,0.37499999999999994,0.6603298063010588,0.4568650626543467,87708,28.39,2026-05-11 00:55:12
Facebook,privgraph,2.0,4,0.17464409128215877,0.775,0.001628883157047482,0.5985297721693603,0.37499999999999994,0.5155085407019488,0.3962011540737882,87184,30.79,2026-05-11 00:55:43
Facebook,privgraph,2.0,5,0.17921352203837443,0.7,0.003378893267283371,1.7749090202219937,0.37499999999999994,0.6131208774073533,0.4364655301809727,87644,29.26,2026-05-11 00:56:12
Facebook,privgraph,2.0,6,0.19065766858532246,0.75,0.011662968433094311,1.666424172651361,0.37499999999999994,0.6078679073124836,0.40353773897173023,87475,30.35,2026-05-11 00:56:42
Facebook,privgraph,2.0,7,0.17344905431911567,0.675,0.010761103107335312,1.205145017043284,0.37499999999999994,0.6743109815609141,0.48846589432672255,87119,29.01,2026-05-11 00:57:11
Facebook,privgraph,2.0,8,0.15206443645480944,0.7,0.012614990311578742,0.9648977538155744,0.37499999999999994,0.7646514856155723,0.530669492840618,87495,30.49,2026-05-11 00:57:42
Facebook,privgraph,2.0,9,0.1767035593079906,0.0,0.009140514544447934,1.706943055774458,0.37499999999999994,0.6324448839992337,0.46392969163561426,87438,30.88,2026-05-11 00:58:13
Facebook,privgraph,2.5,0,0.19171812762910878,0.65,0.015806037552195316,0.5592773081574541,0.37499999999999994,0.6726972443333208,0.45620270494707726,87539,30.35,2026-05-11 00:58:43
Facebook,privgraph,2.5,1,0.18937075480829954,0.775,0.002195398371169176,1.7980983371234145,0.37499999999999994,0.48568472744814084,0.3692263710476953,86931,26.17,2026-05-11 00:59:09
Facebook,privgraph,2.5,2,0.19557792845324098,0.725,0.006573648300006643,1.034273410806402,0.37499999999999994,0.6465371085311479,0.38992704228179487,86969,29.15,2026-05-11 00:59:38
Facebook,privgraph,2.5,3,0.2246343164873849,0.725,0.0018990210008284995,1.7272891827882886,0.37499999999999994,0.4896513982634925,0.3690618197497273,87075,27.53,2026-05-11 01:00:06
Facebook,privgraph,2.5,4,0.1569185015319469,0.775,0.0009802859341326465,0.9391618108662081,0.37499999999999994,0.6242783539720739,0.42054985053756555,87225,28.57,2026-05-11 01:00:34
Facebook,privgraph,2.5,5,0.1817552158753017,0.7,0.009660417862934242,0.9263431947025796,0.37499999999999994,0.6701531486265592,0.41243379564983473,86877,30.15,2026-05-11 01:01:04
Facebook,privgraph,2.5,6,0.18450558818192658,0.775,0.0019290409523061204,0.39583652091080834,0.37499999999999994,0.6068347666079852,0.39042289566103355,87834,31.67,2026-05-11 01:01:36
Facebook,privgraph,2.5,7,0.20776845785909814,0.475,0.017827818703202054,1.0005549896590769,0.37499999999999994,0.7082962312115715,0.4825399577926403,87244,28.92,2026-05-11 01:02:05
Facebook,privgraph,2.5,8,0.19081978746618777,0.7,0.0012136870329594244,1.1369374617366663,0.37499999999999994,0.6392209947056334,0.4693626057793928,87527,29.76,2026-05-11 01:02:35
Facebook,privgraph,2.5,9,0.16932255864717702,0.7,0.0009286791663850703,1.049974319787367,0.37499999999999994,0.5473233909675542,0.4019182211384549,87472,29.38,2026-05-11 01:03:04
Facebook,privgraph,3.0,0,0.20402539137271372,0.75,0.0029677514972619562,0.45114607202875895,0.37499999999999994,0.5539001383025459,0.3863296232679626,87451,30.33,2026-05-11 01:03:35
Facebook,privgraph,3.0,1,0.20799932641782296,0.75,0.014414068553161,0.34692444816569595,0.37499999999999994,0.6244942044096877,0.4105970799266504,87253,32.0,2026-05-11 01:04:07
Facebook,privgraph,3.0,2,0.17763682193603733,0.625,0.00361469349203737,0.9519558492606575,0.37499999999999994,0.6245736032803153,0.43027202658725733,87405,29.84,2026-05-11 01:04:36
Facebook,privgraph,3.0,3,0.2142791681249683,0.725,0.0015143648078607154,1.0057764464174088,0.37499999999999994,0.48138135067536497,0.3729312223218024,87665,28.56,2026-05-11 01:05:05
Facebook,privgraph,3.0,4,0.16247742169605292,0.8,0.0006793691005570205,0.9157509603993287,0.37499999999999994,0.4593888662385159,0.3951379122737736,87229,29.37,2026-05-11 01:05:34
Facebook,privgraph,3.0,5,0.19182610230494668,0.775,0.0018053921923868797,0.4016702168731596,0.24999999999999994,0.6402827632309511,0.41527343345323353,87820,31.97,2026-05-11 01:06:06
Facebook,privgraph,3.0,6,0.20722584237166952,0.725,0.006516859429658427,0.9441780670911102,0.37499999999999994,0.5970989427308285,0.38065644009836036,87239,29.96,2026-05-11 01:06:36
Facebook,privgraph,3.0,7,0.1905789643312627,0.8,0.000862646283367062,0.333400132204661,0.37499999999999994,0.45543600585721883,0.43465232745236493,87409,31.97,2026-05-11 01:07:08
Facebook,privgraph,3.0,8,0.15967061437195698,0.75,0.0019658632518676816,1.7720370334204534,0.37499999999999994,0.5920618308610762,0.419704469893733,87435,28.18,2026-05-11 01:07:36
Facebook,privgraph,3.0,9,0.14391499735796678,0.75,0.0011105761316035332,0.9442042519886932,0.37499999999999994,0.5027253844093602,0.4673955010716408,87425,31.06,2026-05-11 01:08:07
Facebook,privgraph,3.5,0,0.1817007256013467,0.65,0.0022367991274817684,0.39649454833376546,0.24999999999999994,0.641670316366911,0.4109822336466386,87079,32.99,2026-05-11 01:08:40
Facebook,privgraph,3.5,1,0.22032061748092963,0.675,0.002160521057276213,0.35441852822047504,0.24999999999999994,0.5770783758340176,0.37255459531843443,86744,32.83,2026-05-11 01:09:13
Facebook,privgraph,3.5,2,0.1909384665976256,0.75,0.0018392466030276726,0.4531013338255641,0.37499999999999994,0.5979057421511629,0.39901209804429505,86982,30.58,2026-05-11 01:09:44
Facebook,privgraph,3.5,3,0.20439216111463138,0.65,0.0022757113664335213,0.9240728283413782,0.37499999999999994,0.5155347175569462,0.3199869767234351,86849,29.32,2026-05-11 01:10:13
Facebook,privgraph,3.5,4,0.2107870439798958,0.0,0.010022595469724766,0.3760137253780914,0.24999999999999994,0.6481843025151736,0.4494957966473494,87106,33.03,2026-05-11 01:10:46
Facebook,privgraph,3.5,5,0.17821885750980979,0.625,0.005596774241580299,0.2975180779421488,0.37499999999999994,0.6493209364927769,0.3824343857574049,87574,31.32,2026-05-11 01:11:18
Facebook,privgraph,3.5,6,0.17852993818299448,0.725,0.0021527975957614837,0.36701082171161203,0.37499999999999994,0.578605941233629,0.3867979196198049,86972,31.31,2026-05-11 01:11:49
Facebook,privgraph,3.5,7,0.21361553058624758,0.7,0.0013265033368227656,0.4686278539412659,0.37499999999999994,0.5015713022695987,0.317608169565552,87212,30.82,2026-05-11 01:12:20
Facebook,privgraph,3.5,8,0.19275944877051432,0.8,0.005013032125558968,0.9781530592855643,0.37499999999999994,0.6580031016478705,0.3995080024794202,87179,30.26,2026-05-11 01:12:50
Facebook,privgraph,3.5,9,0.22358854885872675,0.7,0.0019357138145456026,0.3502623577562622,0.24999999999999994,0.594888297345802,0.363872924196451,87419,30.43,2026-05-11 01:13:20
Facebook,ours,0.5,0,0.2343808641956612,0.175,0.005628422987789613,1.7046673202996685,0.24999999999999994,0.005274920666443307,0.07447878923360578,58923,15.6,2026-05-11 01:13:36
Facebook,ours,0.5,1,0.2639279341328175,0.3,0.0173854040887605,1.2560474607773109,0.12499999999999997,0.07163775361806261,0.09123378029627674,69650,16.8,2026-05-11 01:13:53
Facebook,ours,0.5,2,0.2424795372278795,0.15,0.006689071063976561,1.3780872478903314,0.0,0.044749808872783396,0.07664882236525096,65601,16.62,2026-05-11 01:14:09
Facebook,ours,0.5,3,0.24190601201164583,0.15,0.012811179939776462,1.480288897220902,0.0,0.013325683463056459,0.09190450411586622,58892,14.62,2026-05-11 01:14:24
Facebook,ours,0.5,4,0.23939173002741307,0.0,0.004173057145105559,1.467702458657561,0.0,0.048698452113764897,0.08383112843766152,62416,16.1,2026-05-11 01:14:40
Facebook,ours,0.5,5,0.23922100569133328,0.025,0.01611883665957149,2.046170826567496,0.0,0.01497341022976919,0.0718625168667129,53906,13.66,2026-05-11 01:14:54
Facebook,ours,0.5,6,0.24185309603734,0.125,0.007639113089894875,1.461399394574018,0.0,0.017152752602721488,0.07076620497615844,60750,15.2,2026-05-11 01:15:09
Facebook,ours,0.5,7,0.24080860921584407,0.15,0.020611191768789436,1.3267312004607896,0.0,0.056129982828796096,0.06953018247606228,68252,17.04,2026-05-11 01:15:26
Facebook,ours,0.5,8,0.2452324716617862,0.25,0.002592184821767766,1.2507701545350363,0.12499999999999997,0.043641574723150355,0.08755238811006703,63416,16.05,2026-05-11 01:15:42
Facebook,ours,0.5,9,0.23752576892773258,0.025,0.007432116797599654,1.811641510055254,0.0,0.007404407432710008,0.07370587454590209,57679,14.8,2026-05-11 01:15:57
Facebook,ours,1.0,0,0.28203348895988223,0.675,0.005734992747737823,0.8484201464602342,0.12499999999999997,0.012672543253331786,0.12969969634109776,79172,20.17,2026-05-11 01:16:17
Facebook,ours,1.0,1,0.26615039514543937,0.7,0.005620413661560179,0.7281606003174396,0.12499999999999997,0.10408895887328902,0.18452499089141183,80269,21.27,2026-05-11 01:16:38
Facebook,ours,1.0,2,0.26878323716519714,0.725,0.004623839591494948,0.4977836683062132,0.24999999999999994,0.2391169173765667,0.19992266786522175,85521,23.94,2026-05-11 01:17:02
Facebook,ours,1.0,3,0.2804867239614631,0.725,0.005540698091816709,0.7602980852202059,0.24999999999999994,0.18898818354429345,0.20420160869451673,83511,22.99,2026-05-11 01:17:25
Facebook,ours,1.0,4,0.24663838289185758,0.7,0.008708060399616685,0.5488928134879155,0.12499999999999997,0.30967451625013087,0.21241993348905025,86758,24.74,2026-05-11 01:17:50
Facebook,ours,1.0,5,0.2854808507711893,0.575,0.003323540564474324,0.8205804756481403,0.24999999999999994,0.04208507207660981,0.12800147832514447,80066,22.29,2026-05-11 01:18:12
Facebook,ours,1.0,6,0.2451519968950123,0.725,0.006335950342458277,0.6908801062757729,0.12499999999999997,0.20545103396079803,0.16619689725693587,82907,22.67,2026-05-11 01:18:35
Facebook,ours,1.0,7,0.2713823027941834,0.775,0.005795958719288766,0.7227276015365349,0.24999999999999994,0.13812405561840888,0.16787317983172387,82531,22.33,2026-05-11 01:18:57
Facebook,ours,1.0,8,0.29346385404673075,0.625,0.005623607906137822,0.6610457156468315,0.24999999999999994,0.08708343980411619,0.18375942651595406,80879,20.68,2026-05-11 01:19:18
Facebook,ours,1.0,9,0.2688263888111415,0.75,0.0064384641941417405,0.8251109895818043,0.0,0.003004480838263979,0.12671903704176257,79187,20.59,2026-05-11 01:19:39
Facebook,ours,1.5,0,0.23372692139198664,0.7,0.003478159497608997,0.48739043467220844,0.24999999999999994,0.42707515547976693,0.28632604844068954,87177,26.31,2026-05-11 01:20:05
Facebook,ours,1.5,1,0.27270079824406757,0.6,0.004166813681632889,0.5825908835397458,0.24999999999999994,0.22296609733943862,0.17685361255259474,83793,23.42,2026-05-11 01:20:28
Facebook,ours,1.5,2,0.24276381166708877,0.675,0.013789740162779354,0.5220839123529116,0.12499999999999997,0.5397633732161498,0.32571128028188034,86715,26.25,2026-05-11 01:20:55
Facebook,ours,1.5,3,0.27331792800108257,0.875,0.003152672008591907,0.5613347922015992,0.24999999999999994,0.3087502411276761,0.24392730672308288,86061,25.66,2026-05-11 01:21:20
Facebook,ours,1.5,4,0.24734034415241582,0.775,0.004981915095302063,0.5260184755527717,0.24999999999999994,0.28023961672878517,0.2306737420546564,85798,24.74,2026-05-11 01:21:45
Facebook,ours,1.5,5,0.2740245155921982,0.75,0.004816038858211626,0.5219817240880558,0.12499999999999997,0.20319836337886518,0.1767948300011406,85195,25.06,2026-05-11 01:22:10
Facebook,ours,1.5,6,0.2833916067612114,0.7,0.0092667464004723,0.48855142675193297,0.12499999999999997,0.28860306816465076,0.18152212916164875,86084,24.35,2026-05-11 01:22:34
Facebook,ours,1.5,7,0.25313797132684357,0.725,0.008411689868910506,0.6650638497865607,0.12499999999999997,0.3486366549995533,0.23447318818562743,84905,25.17,2026-05-11 01:23:00
Facebook,ours,1.5,8,0.2829461514570197,0.7,0.00545450411945137,0.5541658418292035,0.24999999999999994,0.1967970998100269,0.2369781421308673,84539,23.53,2026-05-11 01:23:23
Facebook,ours,1.5,9,0.3059761822165344,0.725,0.004504897374569384,0.5784402413203636,0.24999999999999994,0.06575607046222474,0.11028634104511714,84230,22.99,2026-05-11 01:23:46
Facebook,ours,2.0,0,0.24047014207552278,0.75,0.004088162409348502,0.4603353547267529,0.24999999999999994,0.4019966748093108,0.5160904272993693,85088,26.62,2026-05-11 01:24:13
Facebook,ours,2.0,1,0.25500749283693186,0.85,0.002930512912550085,0.4172719753781471,0.24999999999999994,0.3866859148613699,0.26868588122923365,87117,26.52,2026-05-11 01:24:39
Facebook,ours,2.0,2,0.2750097394622986,0.725,0.003635492332034153,0.4860988526430717,0.24999999999999994,0.23876917707419565,0.182349911420862,85220,24.81,2026-05-11 01:25:04
Facebook,ours,2.0,3,0.31192990303098506,0.75,0.003922549777140394,0.4613574882544287,0.24999999999999994,0.239877009987391,0.15655555861001208,86314,24.54,2026-05-11 01:25:29
Facebook,ours,2.0,4,0.2811882478000932,0.8,0.00538855513504051,0.4658592209672857,0.24999999999999994,0.3622352766802812,0.20727443999166692,86040,25.43,2026-05-11 01:25:54
Facebook,ours,2.0,5,0.26058086823453613,0.775,0.003385440371073621,0.429814702949197,0.12499999999999997,0.3440334676765,0.21779863016916207,86882,26.72,2026-05-11 01:26:21
Facebook,ours,2.0,6,0.29049577654579256,0.725,0.00378017636679654,0.42682637566043774,0.24999999999999994,0.2721611148000898,0.3191037113497096,84789,24.21,2026-05-11 01:26:45
Facebook,ours,2.0,7,0.2597696904019243,0.75,0.0019774536703594282,0.4212482325409182,0.24999999999999994,0.3802833882418633,0.22001781032965617,86312,26.54,2026-05-11 01:27:11
Facebook,ours,2.0,8,0.27267148600141905,0.75,0.002128267155177154,0.40202527061337656,0.24999999999999994,0.3789832015857977,0.2498175429495673,86557,25.92,2026-05-11 01:27:37
Facebook,ours,2.0,9,0.25180053053471946,0.725,0.003976177372240081,0.34240871708520987,0.24999999999999994,0.35900664192007326,0.25853826715181605,86849,27.22,2026-05-11 01:28:05
Facebook,ours,2.5,0,0.26270363050795026,0.725,0.0035852006980125377,0.3813000043196535,0.24999999999999994,0.35801179352924756,0.25441611774854345,86203,27.1,2026-05-11 01:28:32
Facebook,ours,2.5,1,0.31878487086461077,0.6,0.010850439975562757,0.4191374698820202,0.24999999999999994,0.4054499769446635,0.18508366306279808,86539,26.62,2026-05-11 01:28:58
Facebook,ours,2.5,2,0.2888256444144289,0.675,0.009901802067035132,0.4508311097399122,0.24999999999999994,0.513899548310354,0.24076638438527379,86602,26.64,2026-05-11 01:29:25
Facebook,ours,2.5,3,0.2937169636526029,0.8,0.003538411355462314,0.5147323770979133,0.24999999999999994,0.2738732978836327,0.16451477315237972,85602,24.93,2026-05-11 01:29:50
Facebook,ours,2.5,4,0.3011487392967745,0.775,0.0036488612361271363,0.46883623389601564,0.24999999999999994,0.39683059354294764,0.19326611223895074,86477,26.68,2026-05-11 01:30:17
Facebook,ours,2.5,5,0.3100932973229209,0.725,0.003343818830901464,0.3987620680997398,0.24999999999999994,0.4121330683094158,0.20849464979089272,86688,26.56,2026-05-11 01:30:43
Facebook,ours,2.5,6,0.27970937122778333,0.75,0.008332846104501048,0.40063170678504356,0.12499999999999997,0.5072870670858923,0.255247900344745,86699,27.42,2026-05-11 01:31:11
Facebook,ours,2.5,7,0.287689541303817,0.775,0.003971884948677503,0.45260688049056824,0.24999999999999994,0.23331620576802128,0.19041137069357422,85702,25.84,2026-05-11 01:31:36
Facebook,ours,2.5,8,0.293070811085279,0.0,0.0064013933757013945,0.38384543422001716,0.24999999999999994,0.413438031824728,0.21207985460753848,86657,27.45,2026-05-11 01:32:04
Facebook,ours,2.5,9,0.3194905253317604,0.725,0.003138254023636694,0.4430897274816692,0.24999999999999994,0.22375577036684452,0.13253027661109584,86208,26.05,2026-05-11 01:32:30
Facebook,ours,3.0,0,0.31000116768589936,0.7,0.010387738273547265,0.3948215442809955,0.24999999999999994,0.544739759061011,0.2634065948241304,86546,26.62,2026-05-11 01:32:57
Facebook,ours,3.0,1,0.2411594929944204,0.775,0.009058742125793683,0.3897316021308384,0.24999999999999994,0.5671543881711477,0.4116085623356279,86758,28.01,2026-05-11 01:33:25
Facebook,ours,3.0,2,0.2816480053375781,0.725,0.0025560789107149594,0.4242556580660341,0.24999999999999994,0.525235327476246,0.22977068726704591,87372,28.01,2026-05-11 01:33:53
Facebook,ours,3.0,3,0.29882490981416887,0.825,0.003838080115767467,0.5623748923088554,0.24999999999999994,0.22743393067908324,0.15419635190794936,85819,25.5,2026-05-11 01:34:18
Facebook,ours,3.0,4,0.3151722295018302,0.85,0.0058458393593732545,0.4052963741376634,0.24999999999999994,0.44599584280060217,0.21889544739849345,86345,25.9,2026-05-11 01:34:44
Facebook,ours,3.0,5,0.25414165271637884,0.725,0.0018607717512733536,0.40969719993426823,0.24999999999999994,0.3987441128133324,0.23044763374332308,86956,27.93,2026-05-11 01:35:12
Facebook,ours,3.0,6,0.23620865337855282,0.1,0.02057665323448647,0.366477974950597,0.24999999999999994,0.661976307341374,0.4046785791849391,87128,29.8,2026-05-11 01:35:42
Facebook,ours,3.0,7,0.3131419486210352,0.675,0.0019041058766537575,0.4578940631869809,0.24999999999999994,0.33555382489160535,0.20022062000875793,86405,25.74,2026-05-11 01:36:07
Facebook,ours,3.0,8,0.3186684465888884,0.75,0.0030117126167211834,0.40503423496475827,0.24999999999999994,0.4538514386340856,0.19568232937429397,87302,27.34,2026-05-11 01:36:35
Facebook,ours,3.0,9,0.311097133083256,0.0,0.006511788177558367,0.4228941998521337,0.24999999999999994,0.5024113751533799,0.2899122113421158,87011,28.08,2026-05-11 01:37:03
Facebook,ours,3.5,0,0.27617363752310425,0.75,0.012159831666300662,0.2885987494057514,0.12499999999999997,0.5893572841427762,0.27070024967988243,86754,29.54,2026-05-11 01:37:32
Facebook,ours,3.5,1,0.2769538885247677,0.675,0.005411447651445757,0.4191351856191592,0.24999999999999994,0.5090420268120606,0.22632594370590578,86318,27.31,2026-05-11 01:38:00
Facebook,ours,3.5,2,0.30179747202291207,0.675,0.012913781946512142,0.3541010655015139,0.24999999999999994,0.4932374303963404,0.24079389543064345,86476,27.5,2026-05-11 01:38:27
Facebook,ours,3.5,3,0.3402785796363707,0.775,0.0013040264860005413,0.40518883820904306,0.12499999999999997,0.35151426357246146,0.17329227335514708,86643,26.37,2026-05-11 01:38:54
Facebook,ours,3.5,4,0.31627703321296585,0.775,0.0027093293286986906,0.4122811148689173,0.24999999999999994,0.3511002183520262,0.2605472229476827,85924,25.56,2026-05-11 01:39:19
Facebook,ours,3.5,5,0.26424038799920896,0.825,0.002251249042731979,0.3152578097980459,0.24999999999999994,0.3455363865712259,0.3841951448960594,86313,27.44,2026-05-11 01:39:47
Facebook,ours,3.5,6,0.2202105453858609,0.8,0.009102952549360365,0.3504769037508384,0.24999999999999994,0.6560916742374848,0.41066444688784565,87230,28.71,2026-05-11 01:40:15
Facebook,ours,3.5,7,0.30752621934823937,0.0,0.007780853756396815,0.362702730209764,0.24999999999999994,0.5295646412876636,0.2629026563732397,86767,27.49,2026-05-11 01:40:43
Facebook,ours,3.5,8,0.3169797867128321,0.8,0.0013999961603374969,0.39546588023182455,0.24999999999999994,0.43555871745241626,0.19570264655558472,86584,26.34,2026-05-11 01:41:09
Facebook,ours,3.5,9,0.2656152180860023,0.65,0.007082640254785322,0.39203498526441183,0.24999999999999994,0.5229278910990617,0.239739603910088,86709,28.55,2026-05-11 01:41:38
CA-HepPh,privgraph,0.5,0,0.03876907999065071,0.06666666666666667,0.028500678132671205,18.354996936512563,0.6153846153846153,0.9667968211393724,0.6260610743927382,117736,136.71,2026-05-11 01:46:18
CA-HepPh,privgraph,0.5,1,0.03942122622100654,0.075,0.016098258046916267,8.377763440774515,0.6153846153846153,0.9562115575670065,0.6086357201584117,118056,151.79,2026-05-11 01:48:50
CA-HepPh,privgraph,0.5,2,0.04496782034322158,0.5916666666666667,0.01212456983732966,4.690442997578835,0.5384615384615384,0.4562790954312039,0.49150652994751143,117136,164.4,2026-05-11 01:51:34
CA-HepPh,privgraph,0.5,3,0.03924596938073129,0.4583333333333333,0.02726920171440094,15.377768074286202,0.6153846153846153,0.8530168696225322,0.5776068254304492,117674,147.65,2026-05-11 01:54:02
CA-HepPh,privgraph,0.5,4,0.039242322378099444,0.25833333333333336,0.013011280047764055,15.787375096035277,0.6153846153846153,0.962332433423345,0.6083295617795214,118546,143.5,2026-05-11 01:56:25
CA-HepPh,privgraph,0.5,5,0.03630025111651942,0.06666666666666667,0.02030457581569397,16.19335104369446,0.6153846153846153,0.9691215851038063,0.6330471767870872,116045,140.53,2026-05-11 01:58:46
CA-HepPh,privgraph,0.5,6,0.03605635929747186,0.24166666666666667,0.03432315076577065,12.405418818987473,0.6153846153846153,0.9496551854728892,0.6027163203013027,117438,141.4,2026-05-11 02:01:07
CA-HepPh,privgraph,0.5,7,0.037966791657990474,0.3,0.03648045317685556,15.586232325760667,0.6153846153846153,0.9491578180888008,0.6244072930083567,115349,141.66,2026-05-11 02:03:29
CA-HepPh,privgraph,0.5,8,0.03595565176535926,0.11666666666666667,0.017908479343239327,16.114677953368624,0.6153846153846153,0.967070585886734,0.6300090219999909,117127,141.52,2026-05-11 02:05:51
CA-HepPh,privgraph,0.5,9,0.03649602334839143,0.25,0.03190829644666378,12.264440177492828,0.6153846153846153,0.9575547903434123,0.6222855407346212,117056,143.06,2026-05-11 02:08:14
CA-HepPh,privgraph,1.0,0,0.05506132030085182,0.95,0.0025521852008116293,2.7669169976759997,0.5384615384615384,0.3642215926184545,0.40424777335905027,117790,181.62,2026-05-11 02:11:15
CA-HepPh,privgraph,1.0,1,0.05404682982059651,0.8583333333333333,0.00543054797747301,6.698194481875111,0.5384615384615384,0.36358159722973266,0.43559240456717085,117755,169.8,2026-05-11 02:14:05
CA-HepPh,privgraph,1.0,2,0.046444363458060266,0.7083333333333334,0.00880530847464981,7.244253693540384,0.5384615384615384,0.3919847813850436,0.46943897524929085,117064,166.82,2026-05-11 02:16:52
CA-HepPh,privgraph,1.0,3,0.053192847424319775,0.8666666666666667,0.0024401783822691338,6.630124407720707,0.5384615384615384,0.24368513345148035,0.3984629593516117,117580,174.3,2026-05-11 02:19:46
CA-HepPh,privgraph,1.0,4,0.051176432920978024,0.7666666666666667,0.004571924291755328,3.4903098029294553,0.5384615384615384,0.2607264478808599,0.42990695089367037,116828,173.89,2026-05-11 02:22:40
CA-HepPh,privgraph,1.0,5,0.04786499414399622,0.6666666666666666,0.014523658436285558,11.740085017800768,0.5384615384615384,0.5510937500163566,0.5119780603917433,117495,164.67,2026-05-11 02:25:25
CA-HepPh,privgraph,1.0,6,0.04506246841863018,0.5166666666666667,0.020976001323772687,8.05164449319437,0.6153846153846153,0.6686378871648703,0.546454115278567,117744,163.4,2026-05-11 02:28:08
CA-HepPh,privgraph,1.0,7,0.05604063471430561,0.8916666666666667,0.0021423306338416133,2.9220137669699615,0.5384615384615384,0.22850658339866692,0.400648630707368,117331,183.67,2026-05-11 02:31:12
CA-HepPh,privgraph,1.0,8,0.050984353933639495,0.8083333333333333,0.004953611890796244,3.240523154652167,0.5384615384615384,0.3234640808682043,0.43594244411989086,116887,176.41,2026-05-11 02:34:08
CA-HepPh,privgraph,1.0,9,0.04976853688425844,0.8,0.004256871162487008,3.705136402589759,0.5384615384615384,0.23266736372607358,0.4191680709540884,117218,168.85,2026-05-11 02:36:57
CA-HepPh,privgraph,1.5,0,0.05810824882891914,0.9083333333333333,0.002789693528465941,1.45116436957046,0.46153846153846145,0.4153423278218046,0.3366775960432181,117512,195.83,2026-05-11 02:40:13
CA-HepPh,privgraph,1.5,1,0.05926808710323281,0.9333333333333333,0.0036012045568970513,1.7228887327424893,0.46153846153846145,0.5223345650347202,0.40994457027845665,116577,188.03,2026-05-11 02:43:21
CA-HepPh,privgraph,1.5,2,0.05417615957467156,0.95,0.0031208896759993255,1.8347448962542405,0.46153846153846145,0.47909550518964017,0.39117963008846474,117921,195.14,2026-05-11 02:46:36
CA-HepPh,privgraph,1.5,3,0.06318862207063122,0.95,0.003644630141773312,1.649869803453648,0.46153846153846145,0.5361946308513057,0.3886893119313175,117141,191.28,2026-05-11 02:49:47
CA-HepPh,privgraph,1.5,4,0.06436429980891224,0.9583333333333334,0.0045548135318989455,1.4089319674017877,0.46153846153846145,0.608230023606685,0.41440634928812015,117498,190.61,2026-05-11 02:52:58
CA-HepPh,privgraph,1.5,5,0.05965261666796359,0.95,0.003702603009458636,1.6992460660765785,0.46153846153846145,0.5433824889622577,0.4090694568000633,117394,188.78,2026-05-11 02:56:07
CA-HepPh,privgraph,1.5,6,0.05745130486725122,0.9416666666666667,0.0031849871428635593,1.8622172967511508,0.46153846153846145,0.4843946379772579,0.4026234001681495,117776,194.05,2026-05-11 02:59:21
CA-HepPh,privgraph,1.5,7,0.059386408399609056,0.9166666666666666,0.004081331503349786,1.68858629717758,0.46153846153846145,0.5655027501844471,0.4163018813106348,117799,188.91,2026-05-11 03:02:30
CA-HepPh,privgraph,1.5,8,0.06533292761884288,0.9583333333333334,0.004253340144648429,1.6647950285631437,0.46153846153846145,0.5668777719631768,0.4162975425788487,117493,190.86,2026-05-11 03:05:41
CA-HepPh,privgraph,1.5,9,0.059811385754825176,0.9333333333333333,0.003396142662922845,1.9053352522323064,0.46153846153846145,0.4827902285367102,0.3805658022639375,117157,188.84,2026-05-11 03:08:49
CA-HepPh,privgraph,2.0,0,0.0691657328962496,0.9583333333333334,0.004830068283977218,1.0183697182603688,0.46153846153846145,0.6493453848047568,0.41777537813865906,116641,190.92,2026-05-11 03:12:00
CA-HepPh,privgraph,2.0,1,0.07052219401993855,0.9333333333333333,0.004397506736203571,0.9363573231945614,0.3846153846153846,0.5879570083996023,0.3519773572790605,116039,188.63,2026-05-11 03:15:09
CA-HepPh,privgraph,2.0,2,0.0668806629754139,0.95,0.004081870834474371,0.9932039311801482,0.46153846153846145,0.5924323754718019,0.4083321932097416,116600,197.38,2026-05-11 03:18:26
CA-HepPh,privgraph,2.0,3,0.06595185528859247,0.9416666666666667,0.003498305048386279,1.132244973453045,0.46153846153846145,0.5187644647675379,0.31822948444504523,116228,195.59,2026-05-11 03:21:42
CA-HepPh,privgraph,2.0,4,0.06974927907880539,0.95,0.004187914865933554,0.9336448490263302,0.3846153846153846,0.5687384912228385,0.3334887391765103,116231,192.93,2026-05-11 03:24:55
CA-HepPh,privgraph,2.0,5,0.06972507263371197,0.95,0.004335935014184194,1.1634336316421396,0.46153846153846145,0.5884193306188397,0.38445132866275145,115825,187.86,2026-05-11 03:28:03
CA-HepPh,privgraph,2.0,6,0.07841585863576372,0.9416666666666667,0.0032485324092059783,0.8800462344744819,0.3846153846153846,0.5155588333895041,0.29910080111682846,117104,191.87,2026-05-11 03:31:15
CA-HepPh,privgraph,2.0,7,0.07385377777288689,0.975,0.004143822386251068,0.9206181353258043,0.3846153846153846,0.5899815142826925,0.3541007247540295,116579,191.37,2026-05-11 03:34:26
CA-HepPh,privgraph,2.0,8,0.07922540967494006,0.9416666666666667,0.004817476543276831,1.0795004317264767,0.3846153846153846,0.6510108617837148,0.4466173224666407,116518,190.69,2026-05-11 03:37:37
CA-HepPh,privgraph,2.0,9,0.06442761319049387,0.9666666666666667,0.00337634358181797,1.4085877410609118,0.46153846153846145,0.5336322427204172,0.34656449861047833,116197,190.24,2026-05-11 03:40:47
CA-HepPh,privgraph,2.5,0,0.07172756928030229,0.9583333333333334,0.0035044128542238576,0.8432665940089962,0.3846153846153846,0.5269766421126199,0.29253621797467577,114657,188.55,2026-05-11 03:43:56
CA-HepPh,privgraph,2.5,1,0.0690333230908737,0.9666666666666667,0.004124082097623017,0.8245110752849016,0.30769230769230765,0.5855473389218839,0.3406373910231175,116633,188.96,2026-05-11 03:47:04
CA-HepPh,privgraph,2.5,2,0.07530249587773534,0.9583333333333334,0.0036127341962135773,0.7584452824382726,0.3846153846153846,0.5307782416298525,0.30408650034705303,115047,187.87,2026-05-11 03:50:12
CA-HepPh,privgraph,2.5,3,0.07133896144989693,0.975,0.003841080122966957,0.8830895981850299,0.3846153846153846,0.560648125810573,0.3220700756610699,116388,188.14,2026-05-11 03:53:20
CA-HepPh,privgraph,2.5,4,0.07532255011340971,0.9333333333333333,0.00395662640423484,0.7151413594635735,0.3846153846153846,0.516342084053597,0.2674335354194679,114868,189.47,2026-05-11 03:56:30
CA-HepPh,privgraph,2.5,5,0.07831162565598597,0.9333333333333333,0.004356821135758699,0.7283765621927414,0.3846153846153846,0.5458782287621446,0.29530323210822956,115294,188.41,2026-05-11 03:59:38
CA-HepPh,privgraph,2.5,6,0.07190569633251474,0.9333333333333333,0.004665028852498485,0.8062028256612942,0.3846153846153846,0.5736362260997703,0.3195922380443953,115040,188.68,2026-05-11 04:02:47
CA-HepPh,privgraph,2.5,7,0.08698871673845779,0.9583333333333334,0.004119502915007207,0.5877169174451984,0.30769230769230765,0.5501059742555593,0.2854140052353613,114797,185.33,2026-05-11 04:05:52
CA-HepPh,privgraph,2.5,8,0.07101757047219658,0.8833333333333333,0.0034408932902758177,0.9457854019837921,0.3846153846153846,0.5660546572542656,0.31518497236219567,115562,192.41,2026-05-11 04:09:05
CA-HepPh,privgraph,2.5,9,0.07567997358191478,0.9666666666666667,0.00516911713508995,0.8025488283514532,0.3846153846153846,0.6485598799654321,0.38193767399932566,117391,192.43,2026-05-11 04:12:17
CA-HepPh,privgraph,3.0,0,0.07912527367668462,0.925,0.0028355650926952997,0.6421289502486496,0.30769230769230765,0.4063923469184948,0.25354148272295596,116135,189.59,2026-05-11 04:15:27
CA-HepPh,privgraph,3.0,1,0.0793080922891564,0.9333333333333333,0.003141046829806336,0.7967614127323421,0.3846153846153846,0.5040810830283374,0.27561713039474856,117236,191.9,2026-05-11 04:18:39
CA-HepPh,privgraph,3.0,2,0.08726667045887106,0.95,0.0031259150506608067,0.613821823261101,0.3846153846153846,0.45157863799991377,0.2553249119060505,115943,186.36,2026-05-11 04:21:45
CA-HepPh,privgraph,3.0,3,0.08123743513999303,0.9416666666666667,0.0030139242407227363,0.9263832322976251,0.3846153846153846,0.5236481231491579,0.27023721970583725,117028,191.75,2026-05-11 04:24:57
CA-HepPh,privgraph,3.0,4,0.07775913303886642,0.95,0.0030979523974561086,0.6922659417970871,0.3846153846153846,0.4898042676844933,0.26679439239650393,115998,191.18,2026-05-11 04:28:08
CA-HepPh,privgraph,3.0,5,0.07424499019442508,0.95,0.0030729656408446226,0.7352719471229475,0.30769230769230765,0.5348465072439623,0.26196152731245237,116973,190.96,2026-05-11 04:31:19
CA-HepPh,privgraph,3.0,6,0.07747499443940464,0.9583333333333334,0.0032964118847593126,0.7902042091281174,0.3846153846153846,0.5252618986400643,0.2752452400506121,117533,195.27,2026-05-11 04:34:34
CA-HepPh,privgraph,3.0,7,0.07759361410816785,0.9666666666666667,0.004341227575140906,0.8356346458437145,0.3846153846153846,0.5842885722858384,0.3224391079873657,116341,192.7,2026-05-11 04:37:47
CA-HepPh,privgraph,3.0,8,0.08642792468484806,0.9,0.0028550394047809594,0.4739698780394848,0.30769230769230765,0.392737142815698,0.27841920744766696,116837,189.84,2026-05-11 04:40:57
CA-HepPh,privgraph,3.0,9,0.0791805599815862,0.975,0.0035587674657113905,0.6669587473811056,0.30769230769230765,0.5496419158093954,0.2685418697918118,117546,193.34,2026-05-11 04:44:10
CA-HepPh,privgraph,3.5,0,0.07572477674422545,0.9083333333333333,0.0033587975786229223,0.5969725513488103,0.30769230769230765,0.4595984582098637,0.2763025530649544,116984,193.77,2026-05-11 04:47:24
CA-HepPh,privgraph,3.5,1,0.08940858853514987,0.9,0.0034185343902829895,0.5030660014787631,0.23076923076923073,0.46832547095930704,0.29903207836409346,117191,191.25,2026-05-11 04:50:35
CA-HepPh,privgraph,3.5,2,0.0800639989895896,0.9083333333333333,0.0032264100285939856,0.6712354136422,0.3846153846153846,0.45689825785843124,0.25299591193561605,116727,190.78,2026-05-11 04:53:46
CA-HepPh,privgraph,3.5,3,0.08519497407559203,0.8916666666666667,0.003234940667998501,0.4559544014675283,0.30769230769230765,0.47691687981223796,0.2972355259814038,117311,187.86,2026-05-11 04:56:54
CA-HepPh,privgraph,3.5,4,0.08507315494269964,0.875,0.0032403096465433174,0.5087754025342505,0.30769230769230765,0.45392968868212935,0.29306611486845735,117495,194.0,2026-05-11 05:00:08
CA-HepPh,privgraph,3.5,5,0.08275057846466513,0.9166666666666666,0.003086905170451786,0.5739148398133451,0.30769230769230765,0.4446580525493492,0.27518502519441973,117290,192.41,2026-05-11 05:03:20
CA-HepPh,privgraph,3.5,6,0.08902525214665055,0.9416666666666667,0.002883657706545783,0.45605041078352676,0.30769230769230765,0.48996539935082456,0.2951445579378314,117399,190.71,2026-05-11 05:06:31
CA-HepPh,privgraph,3.5,7,0.08905714109770113,0.875,0.003688389307974305,0.5007643521341075,0.23076923076923073,0.4731870661978278,0.3062927995549243,116585,189.31,2026-05-11 05:09:40
CA-HepPh,privgraph,3.5,8,0.0822469320530453,0.9416666666666667,0.003530647710487782,0.6407992138862663,0.30769230769230765,0.5234667233665371,0.266163624485068,117146,192.51,2026-05-11 05:12:53
CA-HepPh,privgraph,3.5,9,0.09296553014496703,0.8166666666666667,0.0026110382137770043,0.5538063251262371,0.23076923076923073,0.38828620126272834,0.3424208464677019,117377,195.07,2026-05-11 05:16:08
CA-HepPh,ours,0.5,0,0.34609279779332824,0.16666666666666666,0.0250341055431077,2.17941043502084,0.0,0.1645622914753801,0.23202735770041472,51645,47.08,2026-05-11 05:16:55
CA-HepPh,ours,0.5,1,0.3622675216659455,0.21666666666666667,0.018458819130428943,2.3468803507038913,0.07692307692307691,0.16864329878925932,0.2186502102525687,60757,48.42,2026-05-11 05:17:43
CA-HepPh,ours,0.5,2,0.34618844079068634,0.10833333333333334,0.02353696596649042,2.1822926376981977,0.07692307692307691,0.1700453396345918,0.22720273499935434,49844,45.65,2026-05-11 05:18:29
CA-HepPh,ours,0.5,3,0.35278438389455463,0.175,0.018958591345278778,2.1371729574363982,0.07692307692307691,0.17986507373778401,0.23667238083388123,61322,50.03,2026-05-11 05:19:19
CA-HepPh,ours,0.5,4,0.35949657539817903,0.25,0.020267818135260966,2.1428393270514796,0.07692307692307691,0.1806570596304547,0.22705502646329237,65118,50.67,2026-05-11 05:20:10
CA-HepPh,ours,0.5,5,0.35320807399397597,0.3,0.016838308433871366,1.902495030003796,0.15384615384615383,0.1982615322200883,0.1958708121957007,60195,49.29,2026-05-11 05:20:59
CA-HepPh,ours,0.5,6,0.3491370651836911,0.18333333333333332,0.018332044689476426,2.177919031462589,0.0,0.1803065074051871,0.2330511208730835,59888,48.58,2026-05-11 05:21:48
CA-HepPh,ours,0.5,7,0.35742235168739406,0.16666666666666666,0.005978717435533869,2.2286058653638956,0.0,0.18975391064887898,0.24920674838371865,63600,49.44,2026-05-11 05:22:37
CA-HepPh,ours,0.5,8,0.35240328550911104,0.175,0.022572965938213656,2.2298310006592548,0.0,0.14233788543045128,0.23115871707091268,51459,43.18,2026-05-11 05:23:20
CA-HepPh,ours,0.5,9,0.36365993069503966,0.10833333333333334,0.021647460764886835,2.2776866643672196,0.07692307692307691,0.15348480146910934,0.2555639150556115,65332,50.7,2026-05-11 05:24:11
CA-HepPh,ours,1.0,0,0.3743353841107867,0.625,0.0013552671376417887,1.7780868651654222,0.23076923076923073,0.048137717970011575,0.1673460813572186,95567,63.82,2026-05-11 05:25:15
CA-HepPh,ours,1.0,1,0.3527689327935536,0.5166666666666667,0.018623274774469272,1.8082750304211095,0.15384615384615383,0.23986161029763264,0.2660709771190621,86163,63.58,2026-05-11 05:26:18
CA-HepPh,ours,1.0,2,0.3691958540113416,0.6416666666666667,0.002879766637666633,1.7617102795443602,0.0,0.06853572982036385,0.16201047233788538,88124,62.1,2026-05-11 05:27:20
CA-HepPh,ours,1.0,3,0.3823174818177454,0.8916666666666667,0.0011082860533927661,1.7748402580928044,0.15384615384615383,0.05535467314742907,0.00619122506068777,89230,58.71,2026-05-11 05:28:19
CA-HepPh,ours,1.0,4,0.38170968927852467,0.825,0.0016172536730292642,1.7021119101269326,0.15384615384615383,0.08558683486754272,0.06964035818874413,100873,66.38,2026-05-11 05:29:25
CA-HepPh,ours,1.0,5,0.38450698591964366,0.925,0.0011849045689680492,1.7250795922896116,0.07692307692307691,0.11974658473911623,0.009580992424694313,97969,64.49,2026-05-11 05:30:30
CA-HepPh,ours,1.0,6,0.3791871482816259,0.7333333333333333,0.0015423748971077561,1.8703766886545574,0.0,0.01194792171627513,0.06011200987058009,88359,58.85,2026-05-11 05:31:29
CA-HepPh,ours,1.0,7,0.38512482398651615,0.675,0.00158981377684438,1.7981670247741146,0.15384615384615383,0.029750844227934715,0.06613841025136664,93786,61.78,2026-05-11 05:32:31
CA-HepPh,ours,1.0,8,0.38294248885803833,0.9166666666666666,0.0014624318776649801,1.7065462368924826,0.07692307692307691,0.07434580969039421,0.037066690600139604,98217,65.66,2026-05-11 05:33:36
CA-HepPh,ours,1.0,9,0.37830368404510306,0.8,0.001443675903544584,1.693622170765586,0.0,0.05091562796439432,0.09192370201874238,98077,66.23,2026-05-11 05:34:43
CA-HepPh,ours,1.5,0,0.3900673165506793,0.975,0.002222727757796623,1.4278722633665641,0.23076923076923073,0.3974335600519069,0.08030898802685078,113494,77.31,2026-05-11 05:36:00
CA-HepPh,ours,1.5,1,0.38141497777345124,0.9333333333333333,0.0018042123926036537,1.4616446086101522,0.23076923076923073,0.3705028765136909,0.09574592899586516,111535,76.15,2026-05-11 05:37:16
CA-HepPh,ours,1.5,2,0.38902006175162257,0.975,0.0033413322432611072,1.3989385591208563,0.3846153846153846,0.4705759054791706,0.16106775077666882,114384,78.55,2026-05-11 05:38:35
CA-HepPh,ours,1.5,3,0.38948101239208727,0.9833333333333333,0.001489212449126293,1.4578671898622562,0.23076923076923073,0.3450538555533808,0.05867537632414009,111405,73.51,2026-05-11 05:39:48
CA-HepPh,ours,1.5,4,0.38506332651256236,0.9416666666666667,0.002317173683327907,1.4221496593789476,0.30769230769230765,0.38409630039858433,0.08812565862406632,112844,76.02,2026-05-11 05:41:04
CA-HepPh,ours,1.5,5,0.3837130677467593,0.9583333333333334,0.0020760572425913702,1.5087788337453407,0.15384615384615383,0.35291929367754926,0.08076998241348426,110477,75.23,2026-05-11 05:42:19
CA-HepPh,ours,1.5,6,0.3799835077825106,0.9583333333333334,0.0018898155870057096,1.381310846747263,0.15384615384615383,0.40157749469243215,0.08241558434939886,115235,80.62,2026-05-11 05:43:40
CA-HepPh,ours,1.5,7,0.38473815395746086,0.9833333333333333,0.0016617932392902748,1.416663698352805,0.23076923076923073,0.3450195277365448,0.03584409764600275,112279,77.51,2026-05-11 05:44:57
CA-HepPh,ours,1.5,8,0.3886164759796974,0.9583333333333334,0.0021347059746227664,1.4805284149372975,0.23076923076923073,0.4044763968185702,0.10322682557371189,114047,76.53,2026-05-11 05:46:14
CA-HepPh,ours,1.5,9,0.3894514412049924,0.975,0.0017778141821495023,1.2914845784501279,0.23076923076923073,0.36738679723660295,0.05024359862505514,114817,77.49,2026-05-11 05:47:31
CA-HepPh,ours,2.0,0,0.396876994685706,0.9666666666666667,0.0028100942073220237,1.2461126027640912,0.3846153846153846,0.4537794704209828,0.17762655963555604,110995,76.33,2026-05-11 05:48:48
CA-HepPh,ours,2.0,1,0.39224124339832184,0.9833333333333333,0.003240962476231511,1.1706074321856272,0.3846153846153846,0.4751252475649985,0.12286066554090776,115038,80.44,2026-05-11 05:50:08
CA-HepPh,ours,2.0,2,0.3891896288906755,0.9583333333333334,0.0020816036331605193,1.2017653778658621,0.3846153846153846,0.45492991182629644,0.1304603334198458,114379,85.25,2026-05-11 05:51:33
CA-HepPh,ours,2.0,3,0.39420125028192454,0.9833333333333333,0.0028291519574103054,1.1369661200411199,0.46153846153846145,0.4882075188960272,0.15744356720031116,115765,86.28,2026-05-11 05:53:00
CA-HepPh,ours,2.0,4,0.3887356463126329,0.9833333333333333,0.002964473850042416,1.1184105627248846,0.3846153846153846,0.49714863150901445,0.1707593423408536,115722,84.73,2026-05-11 05:54:24
CA-HepPh,ours,2.0,5,0.3812240495267528,0.9666666666666667,0.0033623064785519297,0.9984389856906806,0.3846153846153846,0.533440503237832,0.20203833587165226,115923,89.84,2026-05-11 05:55:54
CA-HepPh,ours,2.0,6,0.3932094988314193,0.9416666666666667,0.002775305094637569,1.087319550356957,0.3846153846153846,0.46950145201948007,0.16066252939466458,113856,81.92,2026-05-11 05:57:16
CA-HepPh,ours,2.0,7,0.3849250837243198,0.9583333333333334,0.003501796610103392,1.0749603689041312,0.3846153846153846,0.5302160544274931,0.20124964701762282,116035,87.77,2026-05-11 05:58:44
CA-HepPh,ours,2.0,8,0.3814390641177347,0.975,0.002863887383609247,1.202474533478412,0.3846153846153846,0.4977790513651978,0.1694598612691289,116194,88.27,2026-05-11 06:00:12
CA-HepPh,ours,2.0,9,0.38384897825180614,0.9583333333333334,0.003895342925831088,1.1272812690365028,0.3846153846153846,0.5841053140854163,0.2871470175944252,115157,88.05,2026-05-11 06:01:40
CA-HepPh,ours,2.5,0,0.3911725507049684,0.9583333333333334,0.0021566217635258056,1.0627011034827252,0.3846153846153846,0.4542257962322662,0.1371594091504125,112596,81.29,2026-05-11 06:03:02
CA-HepPh,ours,2.5,1,0.39197621976696445,0.9666666666666667,0.0028742177863524346,1.108572639982175,0.3846153846153846,0.4919153203143503,0.18512937354683695,112855,83.69,2026-05-11 06:04:25
CA-HepPh,ours,2.5,2,0.3864952232382216,0.9666666666666667,0.002543429668246194,1.136372665056526,0.3846153846153846,0.5091661220953388,0.18232022403476122,115239,87.07,2026-05-11 06:05:52
CA-HepPh,ours,2.5,3,0.39202089085061564,0.975,0.0016306507620071446,1.0727973468075835,0.3846153846153846,0.4417858217633051,0.12523120470966173,114536,85.49,2026-05-11 06:07:18
CA-HepPh,ours,2.5,4,0.38255113911508126,0.9666666666666667,0.003422563950850219,1.0383644524783655,0.46153846153846145,0.556535517952713,0.2253446216649578,115250,87.54,2026-05-11 06:08:45
CA-HepPh,ours,2.5,5,0.38362788725483404,0.9666666666666667,0.002543451085918109,1.0993191093967347,0.3846153846153846,0.46844798370027746,0.1392286158610296,115725,86.06,2026-05-11 06:10:11
CA-HepPh,ours,2.5,6,0.38691234410762493,0.9333333333333333,0.0009242907248705269,0.9979631976152354,0.46153846153846145,0.3331655280839136,0.11716700994450174,113101,87.25,2026-05-11 06:11:39
CA-HepPh,ours,2.5,7,0.3827608359328097,0.95,0.002631337935635226,0.9215366674793142,0.46153846153846145,0.5184517777408988,0.19388777780576935,114848,92.07,2026-05-11 06:13:11
CA-HepPh,ours,2.5,8,0.39127053258090194,0.9416666666666667,0.0016742951304608547,1.1254022863105193,0.3846153846153846,0.43871754516090367,0.1585852122161582,114248,85.28,2026-05-11 06:14:36
CA-HepPh,ours,2.5,9,0.36768251435279814,0.8166666666666667,0.0008104575181520882,0.9245232314925493,0.46153846153846145,0.2829883954797642,0.16745586956943626,113131,97.8,2026-05-11 06:16:14
CA-HepPh,ours,3.0,0,0.36602616148206096,0.85,0.0008151730597330617,1.0302054696676677,0.3846153846153846,0.27256569177522244,0.22498124471509895,113917,101.83,2026-05-11 06:17:56
CA-HepPh,ours,3.0,1,0.3706552688094014,0.9583333333333334,0.0010530374340574225,1.1055252011370051,0.3846153846153846,0.37794206960107185,0.14170989084174895,116355,97.38,2026-05-11 06:19:33
CA-HepPh,ours,3.0,2,0.39245728758991394,0.9083333333333333,0.001776651195911659,1.1561372254442062,0.46153846153846145,0.4363436681232053,0.11807534121629869,112479,83.16,2026-05-11 06:20:56
CA-HepPh,ours,3.0,3,0.3782439847861471,0.9083333333333333,0.0011725215264246464,1.0309499592796065,0.3846153846153846,0.40795588563294527,0.08056985337598978,114269,92.03,2026-05-11 06:22:28
CA-HepPh,ours,3.0,4,0.37655839728678053,0.8916666666666667,0.000690769032951898,1.0464960858053498,0.46153846153846145,0.26138856423588197,0.17623355130739074,112510,97.78,2026-05-11 06:24:06
CA-HepPh,ours,3.0,5,0.3870726397252463,0.8666666666666667,0.0012607295630799454,1.1398180360470356,0.46153846153846145,0.3197483362596513,0.14137995391303154,113251,90.46,2026-05-11 06:25:37
CA-HepPh,ours,3.0,6,0.35616652443414754,0.9,0.002076506200926796,0.9089875112068804,0.46153846153846145,0.4909248366071044,0.1492475154644271,116332,105.68,2026-05-11 06:27:22
CA-HepPh,ours,3.0,7,0.35809352816386897,0.95,0.0017450176047897792,0.8915016058660524,0.46153846153846145,0.47182472732714886,0.19431828164901113,116303,105.94,2026-05-11 06:29:08
CA-HepPh,ours,3.0,8,0.3831479005892736,0.9666666666666667,0.0037717436757355115,1.0059477674281627,0.3846153846153846,0.5486097432072282,0.20449138422704943,116099,91.65,2026-05-11 06:30:40
CA-HepPh,ours,3.0,9,0.3775937356382598,0.9666666666666667,0.003603852626517168,1.02470980826422,0.3846153846153846,0.5477164553590357,0.17850940387316808,116494,96.61,2026-05-11 06:32:16
CA-HepPh,ours,3.5,0,0.3489845574825657,0.9,0.0008408029275545126,0.882145240050582,0.3846153846153846,0.33757773285070175,0.21643226824486123,115232,111.56,2026-05-11 06:34:08
CA-HepPh,ours,3.5,1,0.36873295801233696,0.9416666666666667,0.0012019054590103088,0.957276254329412,0.46153846153846145,0.37029877826262575,0.19145844899232042,114583,105.14,2026-05-11 06:35:53
CA-HepPh,ours,3.5,2,0.3654994267208085,0.9333333333333333,0.0009728396326765432,0.9439506416491763,0.46153846153846145,0.3264905725955118,0.17768542505882562,113647,105.3,2026-05-11 06:37:38
CA-HepPh,ours,3.5,3,0.3649366972268784,0.9083333333333333,0.001175082422882566,0.9156436002017747,0.46153846153846145,0.33504154844613004,0.18258378846110784,114139,103.95,2026-05-11 06:39:22
CA-HepPh,ours,3.5,4,0.357102478939823,0.9166666666666666,0.0009660177352222103,0.8182275256630847,0.46153846153846145,0.386943575751632,0.19856818324464212,114791,107.05,2026-05-11 06:41:09
CA-HepPh,ours,3.5,5,0.36847224688341357,0.925,0.0011019638801422259,0.9570361603268904,0.3846153846153846,0.3546709207843296,0.20770339109415845,114137,104.85,2026-05-11 06:42:54
CA-HepPh,ours,3.5,6,0.37802591272875113,0.8916666666666667,0.000772752321724825,1.006642479551484,0.46153846153846145,0.2339442977323853,0.1874101959472654,111323,96.34,2026-05-11 06:44:31
CA-HepPh,ours,3.5,7,0.36635786382600294,0.9333333333333333,0.0014319352900096587,0.9332791516874317,0.46153846153846145,0.3972278721014107,0.14912150233002225,115679,104.99,2026-05-11 06:46:16
CA-HepPh,ours,3.5,8,0.36075748599310203,0.9416666666666667,0.001093519788699109,0.9472450106760502,0.3846153846153846,0.36048201456355533,0.17877783554117435,113974,104.79,2026-05-11 06:48:00
CA-HepPh,ours,3.5,9,0.3626925319316106,0.85,0.0004443271658228636,0.9770454838353912,0.3846153846153846,0.27659484103297977,0.19087453412800548,112253,103.36,2026-05-11 06:49:44
Enron,privgraph,0.5,0,0.012236068305462294,0.002976190476190476,0.026668868451601446,3.508051553241118,0.3846153846153846,0.7681254659918709,0.5129008096872543,178652,1627.29,2026-05-11 07:30:53
Enron,privgraph,0.5,1,0.012764572476929392,0.02976190476190476,0.022195719481713613,3.335315802471019,0.3846153846153846,0.6590648119081237,0.49542184550270274,180041,1604.73,2026-05-11 07:57:38
Enron,privgraph,0.5,2,0.013479270326448654,0.020833333333333332,0.01920841217999342,3.5181346936124234,0.3846153846153846,0.7119297013324191,0.501937403521825,178475,1617.5,2026-05-11 08:24:35
Enron,privgraph,0.5,3,0.013265609255749702,0.02976190476190476,0.024860683901428166,3.4706651789312635,0.3846153846153846,0.60802267289968,0.4893358917008534,180959,1629.99,2026-05-11 08:51:45
Enron,privgraph,0.5,4,0.013411725442332472,0.01488095238095238,0.025813009420753236,3.3842108426809903,0.3846153846153846,0.7215382054673474,0.5068877435041196,179156,1627.89,2026-05-11 09:18:53
Enron,privgraph,0.5,5,0.013338940236949159,0.02976190476190476,0.017637512942547853,3.3382132258942816,0.3846153846153846,0.721382097413713,0.49828391192946725,180681,1631.7,2026-05-11 09:46:05
Enron,privgraph,0.5,6,0.013888073575104107,0.011904761904761904,0.020437199985278518,3.2348411657276874,0.3846153846153846,0.6009790704532582,0.48354000650969925,182366,1649.1,2026-05-11 10:13:34
Enron,privgraph,0.5,7,0.011866118041078854,0.047619047619047616,0.026863245896741758,3.2852204554633158,0.3846153846153846,0.7193774153897873,0.5078362431606134,178043,1640.76,2026-05-11 10:40:55
Enron,privgraph,0.5,8,0.013712124013316352,0.03869047619047619,0.01969914321274583,3.299483356946875,0.3846153846153846,0.7116185733690364,0.49837756655791665,179382,1616.16,2026-05-11 11:07:51
Enron,privgraph,0.5,9,0.011778814864877744,0.03571428571428571,0.025573447537335474,3.4095790487289186,0.3846153846153846,0.7116390751377674,0.5039549553961766,178820,1594.29,2026-05-11 11:34:25
Enron,privgraph,1.0,0,0.013865002145447364,0.13690476190476192,0.007092526100490849,3.1777339002696103,0.3846153846153846,0.880443860000849,0.46885138127445125,181798,1602.5,2026-05-11 12:01:08
Enron,privgraph,1.0,1,0.012601670929092437,0.10714285714285714,0.014219914421561411,3.468106519723829,0.3846153846153846,0.8839844214107597,0.5006018873120054,180593,2786.06,2026-05-11 15:03:09
Enron,privgraph,1.0,2,0.011749795115906273,0.13690476190476192,0.011922157930528985,3.322575090240111,0.3846153846153846,0.8799130666360484,0.4876450968651118,180664,2633.17,2026-05-11 15:47:02
Enron,privgraph,1.0,3,0.012527487188668373,0.11011904761904762,0.01699714107065562,3.282690999784358,0.3846153846153846,0.8751270274078715,0.48826620503546114,180590,1932.08,2026-05-11 16:19:14
Enron,privgraph,1.0,4,0.011994713248106862,0.08630952380952381,0.01946334031371884,3.3511373304439576,0.3846153846153846,0.8778279625069207,0.5007356315904048,180119,3363.39,2026-05-11 17:15:17
Enron,privgraph,1.0,5,0.011710157028833698,0.09523809523809523,0.017180398328322816,3.2386272573201484,0.3846153846153846,0.8805345864522816,0.49551700051530595,179808,2281.41,2026-05-11 17:53:19
Enron,privgraph,1.0,6,0.013611416297797748,0.09523809523809523,0.017681877716827697,3.191034963004117,0.3846153846153846,0.8676933318843469,0.46846786635489523,181199,1639.31,2026-05-11 19:33:19
Enron,privgraph,1.0,7,0.0143292099582614,0.1130952380952381,0.01826044646969131,3.1077049487518087,0.3846153846153846,0.8737570675858117,0.4932256759432784,180778,1648.75,2026-05-11 20:00:48
Enron,privgraph,1.0,8,0.013486849737288422,0.17559523809523808,0.008417685603139538,3.1125891797678573,0.3846153846153846,0.866918242800155,0.4757573960715571,180994,1662.9,2026-05-11 20:28:31
Enron,privgraph,1.0,9,0.014146210288907397,0.09523809523809523,0.011902188294694475,3.4263927990008187,0.3846153846153846,0.874996162155693,0.48943084446351487,179576,1595.24,2026-05-11 20:55:06
Enron,privgraph,1.5,0,0.01403485532112609,0.6011904761904762,0.0070094729958395255,1.681523762855326,0.3846153846153846,0.37426110566839665,0.44819516626624906,179387,1560.57,2026-05-11 21:21:06
Enron,privgraph,1.5,3,0.013377020713881208,0.3125,0.013599843340992004,2.066993438904613,0.3846153846153846,0.7608367715460497,0.4553804728493447,179266,439.58,2026-05-11 22:01:43
Enron,privgraph,1.5,1,0.014039981098523065,0.6011904761904762,0.007448387769420602,1.58975268774266,0.3846153846153846,0.46326288473670413,0.45152808647361653,178662,454.14,2026-05-11 22:01:58
Enron,privgraph,1.5,2,0.013326799261896864,0.5119047619047619,0.007956981946820214,1.827024083254399,0.3846153846153846,0.5137808443192826,0.4515250034728473,178793,457.1,2026-05-11 22:02:00
Enron,privgraph,1.5,4,0.013092459342371828,0.2916666666666667,0.014510746008794333,2.4966026522212013,0.3846153846153846,0.786467308310602,0.47068585827486953,179092,273.69,2026-05-11 22:06:17
Enron,privgraph,1.5,6,0.01430010529155597,0.6220238095238095,0.006863135952454762,1.724411795558425,0.3846153846153846,0.41859106982082345,0.4440818004196104,179030,424.31,2026-05-11 22:09:05
Enron,privgraph,1.5,5,0.012292231790510784,0.37797619047619047,0.011701152329898455,2.2571232016742817,0.3846153846153846,0.7408740398759005,0.4752430304213768,180571,430.17,2026-05-11 22:09:08
Enron,privgraph,1.5,7,0.014010738376618394,0.7172619047619048,0.004649227436241774,1.4832529692586298,0.3846153846153846,0.3435208331507667,0.42721112948851153,180630,204.35,2026-05-11 22:09:41
Enron,privgraph,1.5,8,0.013869936817863667,0.5178571428571429,0.0080685796788288,1.857634335420339,0.3846153846153846,0.5794762459484846,0.4523426767975137,179356,471.1,2026-05-11 22:16:56
Enron,privgraph,1.5,9,0.014316696410655428,0.6279761904761905,0.004676035148904123,1.391454474446712,0.30769230769230765,0.46279170498889843,0.42623469955854687,178572,475.39,2026-05-11 22:17:03
Enron,privgraph,2.0,0,0.0168009401894199,0.7886904761904762,0.0035384461373753565,1.0777717458192604,0.30769230769230765,0.19292198674844713,0.40597332279148507,177970,460.42,2026-05-11 22:17:21
Enron,privgraph,2.0,1,0.014947548378767607,0.7708333333333334,0.0029198278722705863,1.1728278997696864,0.3846153846153846,0.23337754743403935,0.43430663109847395,178800,318.5,2026-05-11 22:22:14
Enron,privgraph,2.0,2,0.017302101401326094,0.7886904761904762,0.0036595038537109333,1.1091976737383054,0.30769230769230765,0.21777738335737962,0.4157508694355163,179280,340.62,2026-05-11 22:22:44
Enron,privgraph,2.0,3,0.016324409428604147,0.7708333333333334,0.0029437760595719662,1.1269511753648886,0.23076923076923073,0.25079408470142206,0.41329215578180617,179958,359.72,2026-05-11 22:23:21
Enron,privgraph,2.0,4,0.014707844684134101,0.4851190476190476,0.006825807381075151,1.4039505779897314,0.30769230769230765,0.4590260661121405,0.440549548846266,178548,195.78,2026-05-11 22:25:30
Enron,privgraph,2.0,5,0.014180868220131437,0.7113095238095238,0.005204081147969315,1.4494753428390286,0.3846153846153846,0.3274719188047823,0.4576566973003794,179079,196.28,2026-05-11 22:26:00
Enron,privgraph,2.0,6,0.01624151855971855,0.7946428571428571,0.0032580982147944054,1.1251559098912265,0.30769230769230765,0.1772661362842594,0.4264260138660808,179498,189.38,2026-05-11 22:26:31
Enron,privgraph,2.0,7,0.015682895552218842,0.6815476190476191,0.004809366937532134,1.3501213447475202,0.3846153846153846,0.3615961631662557,0.4236882684517959,179127,166.04,2026-05-11 22:28:16
Enron,privgraph,2.0,8,0.01419341079214953,0.5505952380952381,0.006494100852057425,1.389000159316898,0.3846153846153846,0.4320929234841638,0.44029377455628393,179335,168.19,2026-05-11 22:28:48
Enron,privgraph,2.0,9,0.016297515313886065,0.7380952380952381,0.0040972544137167334,1.2851659129244444,0.3846153846153846,0.30547669465386906,0.4289659314266895,179282,162.45,2026-05-11 22:29:13
Enron,privgraph,2.5,0,0.01856655455259764,0.8125,0.002503286075445952,0.9409064925609445,0.30769230769230765,0.1724820064852059,0.3999174726785088,179528,168.01,2026-05-11 22:31:04
Enron,privgraph,2.5,1,0.019321283415770715,0.7827380952380952,0.002930722135475232,1.0232589362475017,0.30769230769230765,0.11404045340076223,0.3825543135262235,178316,157.07,2026-05-11 22:31:25
Enron,privgraph,2.5,2,0.01632247776646088,0.7678571428571429,0.0036829646610952085,1.0864594143529827,0.30769230769230765,0.14387607698348706,0.4018460790395308,178212,168.08,2026-05-11 22:32:01
Enron,privgraph,2.5,3,0.020079819657145438,0.8125,0.0023082533242936728,0.8727486122872341,0.30769230769230765,0.22433558724117172,0.40336027417363257,179703,217.15,2026-05-11 22:34:41
Enron,privgraph,2.5,4,0.020328306452143306,0.7976190476190477,0.002946374069687461,1.034173948069263,0.30769230769230765,0.23431393950072638,0.4043595447043881,180009,279.98,2026-05-11 22:36:05
Enron,privgraph,2.5,5,0.014749381032376052,0.6994047619047619,0.0036682371337914306,1.214602677980657,0.30769230769230765,0.28577658996306116,0.42002934312360934,179068,275.94,2026-05-11 22:36:37
Enron,privgraph,2.5,6,0.01681082475861942,0.7172619047619048,0.002639090884091088,1.1004725294546163,0.30769230769230765,0.33024741942319175,0.42653314103994666,180301,174.87,2026-05-11 22:37:36
Enron,privgraph,2.5,7,0.019850981357888244,0.7053571428571429,0.003240352458848837,0.8774949967549525,0.23076923076923073,0.21136350884470564,0.39518404614738023,178625,247.5,2026-05-11 22:40:13
Enron,privgraph,2.5,9,0.020007610038746612,0.8065476190476191,0.003174102868170766,1.0280141122289508,0.30769230769230765,0.08648087035755206,0.3797965317505032,177976,301.77,2026-05-11 22:42:38
Enron,privgraph,2.5,8,0.018720166692142097,0.6130952380952381,0.0036211430398157803,1.0162817958575927,0.30769230769230765,0.27238229343983494,0.4049325953815888,177488,371.7,2026-05-11 22:42:49
Enron,privgraph,3.0,0,0.0237548804305225,0.8184523809523809,0.0015388830224902592,0.7229666661617249,0.30769230769230765,0.2117462767623482,0.411177170064819,179222,180.41,2026-05-11 22:43:13
Enron,privgraph,3.0,1,0.02332373511609938,0.7738095238095238,0.0016062624956673906,0.7373487969626991,0.23076923076923073,0.27562975566599696,0.39620050921360617,179519,316.95,2026-05-11 22:47:55
Enron,privgraph,3.0,2,0.02008121911970615,0.5327380952380952,0.0029484173873550188,0.806260850896899,0.30769230769230765,0.3667132296425483,0.3991198008647442,179240,335.17,2026-05-11 22:48:24
Enron,privgraph,3.0,3,0.02096048920782409,0.8244047619047619,0.0027683368853430655,0.8658346428678739,0.30769230769230765,0.118426914082714,0.3835192868784577,179690,335.82,2026-05-11 22:48:49
Enron,privgraph,3.0,4,0.02113910760064711,0.7648809523809523,0.0016993670903802875,0.8111238092825458,0.30769230769230765,0.25557796454846476,0.4128882416933163,179395,155.96,2026-05-11 22:50:31
Enron,privgraph,3.0,5,0.02009325973379907,0.6577380952380952,0.004281273061804179,0.9247893343160171,0.30769230769230765,0.2378129920178959,0.38628189167259674,177714,162.04,2026-05-11 22:51:06
Enron,privgraph,3.0,6,0.021417196055582108,0.7619047619047619,0.002034898088801656,0.7871307747728087,0.23076923076923073,0.23872139981155524,0.40608336219725644,179059,175.84,2026-05-11 22:51:45
Enron,privgraph,3.0,7,0.02015743789239066,0.7529761904761905,0.002314193516994534,0.8258432517434559,0.30769230769230765,0.23204590763076935,0.4146989553206684,179512,171.06,2026-05-11 22:53:22
Enron,privgraph,3.0,8,0.022583601486851474,0.7589285714285714,0.0012917618035653278,0.7047335495032498,0.30769230769230765,0.26515537728278915,0.419096213431859,179294,172.28,2026-05-11 22:53:58
Enron,privgraph,3.0,9,0.021342161108146317,0.7589285714285714,0.0017091940970796308,0.7204480953732966,0.23076923076923073,0.26648231473736633,0.41516782275116126,178964,163.08,2026-05-11 22:54:28
Enron,privgraph,3.5,0,0.024036100851019773,0.5982142857142857,0.0033605242655843927,0.9259160100682766,0.23076923076923073,0.1512055915102733,0.32258640193981614,178138,148.4,2026-05-11 22:55:51
Enron,privgraph,3.5,1,0.023372659473984845,0.7797619047619048,0.0015864980038843045,0.6727300548282317,0.30769230769230765,0.2187030750125118,0.3824882042170447,179269,165.21,2026-05-11 22:56:43
Enron,privgraph,3.5,2,0.021326597192207173,0.5625,0.004928272510556667,0.923490771561799,0.30769230769230765,0.11081482131586368,0.34550477475425895,177015,152.95,2026-05-11 22:57:01
Enron,privgraph,3.5,3,0.0263717361801389,0.8035714285714286,0.001261791516596447,0.530868843570742,0.23076923076923073,0.21001994460096615,0.40916520742539236,178551,173.89,2026-05-11 22:58:44
Enron,privgraph,3.5,4,0.0261089194313314,0.7976190476190477,0.0015074743965304723,0.6280838187457887,0.30769230769230765,0.16492754610048038,0.3824256062803449,178322,236.51,2026-05-11 23:00:40
Enron,privgraph,3.5,5,0.02354727464410278,0.8095238095238095,0.0017182451465973653,0.6831890965943639,0.30769230769230765,0.18491189247351855,0.40131380222288227,178678,246.57,2026-05-11 23:01:07
Enron,privgraph,3.5,6,0.019680361358610572,0.6815476190476191,0.0026014790094627295,0.8546800708550327,0.30769230769230765,0.20413459369490403,0.3590168243722448,178982,170.34,2026-05-11 23:01:35
Enron,privgraph,3.5,7,0.023475231692212266,0.75,0.0028357661009219986,0.8186013852854488,0.30769230769230765,0.2578987515912978,0.40635376968823866,178724,157.67,2026-05-11 23:03:18
Enron,privgraph,3.5,8,0.0240101748889293,0.8154761904761905,0.001801586506341014,0.6481753221864698,0.23076923076923073,0.07953204962162301,0.37516899193453995,179511,164.85,2026-05-11 23:03:52
Enron,privgraph,3.5,9,0.018616722179315245,0.7053571428571429,0.002577898969237995,0.9475271617197479,0.30769230769230765,0.2582902044871041,0.3841851440637675,179143,163.47,2026-05-11 23:04:18
Enron,ours,0.5,0,0.3268199334423759,0.03571428571428571,0.02500428620350282,2.1053516225125675,0.6153846153846153,5.963707880956483,0.4638799373515295,42239,119.47,2026-05-11 23:05:17
Enron,ours,0.5,1,0.3255068051051552,0.023809523809523808,0.026301107190418522,1.9145735483976352,0.6923076923076922,5.840023068164224,0.46466027354295036,47040,123.8,2026-05-11 23:05:56
Enron,ours,0.5,2,0.3316055909696021,0.023809523809523808,0.01435173990805082,2.1525661360577373,0.46153846153846145,6.057726728667808,0.4725093908979627,62993,127.94,2026-05-11 23:06:26
Enron,ours,0.5,3,0.32646482770683993,0.03869047619047619,0.017387993234168207,1.8635174473042355,0.6153846153846153,5.777081454578846,0.45488560173423387,50616,128.31,2026-05-11 23:07:25
Enron,ours,0.5,4,0.3296516314485789,0.05952380952380952,0.018408271251902364,2.0282722887625453,0.3846153846153846,6.053953768349156,0.46802380336473676,63941,128.11,2026-05-11 23:08:04
Enron,ours,0.5,5,0.327862308624485,0.05357142857142857,0.023872336640051978,2.9674861086690596,0.6153846153846153,5.909986959391789,0.46668343821243385,47486,128.71,2026-05-11 23:08:35
Enron,ours,0.5,6,0.3300999785256886,0.050595238095238096,0.010081125233150391,1.9537960111672033,0.3846153846153846,5.469119372651936,0.4358767754681414,57444,140.22,2026-05-11 23:09:46
Enron,ours,0.5,7,0.3278934328341699,0.044642857142857144,0.008689798429571424,1.9711884929522574,0.3846153846153846,5.855362020667799,0.4607504576704367,60860,190.86,2026-05-11 23:11:15
Enron,ours,0.5,8,0.33196852424835605,0.01488095238095238,0.015152096266178647,1.9270384082155128,0.5384615384615384,5.905353201247204,0.4685858226780307,78194,177.12,2026-05-11 23:11:32
Enron,ours,0.5,9,0.33045719587475614,0.03273809523809524,0.022731324919756463,1.9294004661685757,0.5384615384615384,5.848968074871796,0.44683646149737716,60130,142.84,2026-05-11 23:12:09
Enron,ours,1.0,0,0.32829920695357984,0.15178571428571427,0.011183191669838864,1.84880720141632,0.3846153846153846,4.96777558003188,0.4791018940396528,116063,198.24,2026-05-11 23:14:33
Enron,ours,1.0,1,0.32417162717458353,0.12797619047619047,0.011710885376033212,1.8114651112547033,0.30769230769230765,5.165674614593415,0.4939242166025211,112233,299.5,2026-05-11 23:16:32
Enron,ours,1.0,2,0.3243615402394257,0.16666666666666666,0.006570472332459075,1.8101402771377468,0.15384615384615383,5.1193103026686675,0.4947563194805859,111046,320.05,2026-05-11 23:17:29
Enron,ours,1.0,3,0.3269258473915678,0.13392857142857142,0.004585982077635678,1.7795031270063801,0.07692307692307691,4.778974801164806,0.48963634725275446,123863,202.02,2026-05-11 23:17:55
Enron,ours,1.0,4,0.32509002601545406,0.09226190476190477,0.013181600905381447,1.8519104762198573,0.3846153846153846,5.222547164983862,0.49447447234173514,110718,139.3,2026-05-11 23:18:51
Enron,ours,1.0,5,0.32513328730677576,0.18452380952380953,0.007827237449652583,1.8834960285857982,0.15384615384615383,5.311028316695554,0.49489865098551167,110498,140.02,2026-05-11 23:19:49
Enron,ours,1.0,6,0.32500889890171253,0.16964285714285715,0.011434202358223455,1.8521406779260121,0.3846153846153846,5.27845645515658,0.5025393230981895,120107,141.46,2026-05-11 23:20:17
Enron,ours,1.0,7,0.3234528960664495,0.16071428571428573,0.008052543306313501,1.8830060777281958,0.46153846153846145,5.22927517190728,0.501522010748212,116368,141.39,2026-05-11 23:21:12
Enron,ours,1.0,8,0.3242835017712602,0.13988095238095238,0.013801205353831173,1.7797065834449215,0.5384615384615384,5.2623347144184995,0.500468949805831,115287,142.28,2026-05-11 23:22:11
Enron,ours,1.0,9,0.3237190985520667,0.125,0.011605878146012457,1.8633771955046627,0.3846153846153846,5.15110348375223,0.501683200962987,114397,137.78,2026-05-11 23:22:35
Enron,ours,1.5,0,0.3467215367527235,0.7708333333333334,0.007190123883387923,1.5408144844983505,0.07692307692307691,2.944070752390945,0.31902853398589825,159951,146.5,2026-05-11 23:23:39
Enron,ours,1.5,1,0.3471072498525618,0.7410714285714286,0.007271823797769901,1.57111200857671,0.15384615384615383,3.149738899711078,0.2915382335006982,148734,138.2,2026-05-11 23:24:29
Enron,ours,1.5,2,0.34534812787160934,0.6428571428571429,0.006584917594554797,1.5545143216106116,0.0,3.0080037598919787,0.31839305659749406,148408,136.36,2026-05-11 23:24:51
Enron,ours,1.5,3,0.3448203144880853,0.7529761904761905,0.007474344262530354,1.5760287963452961,0.15384615384615383,3.261539527741581,0.32557588460158454,150772,134.75,2026-05-11 23:25:54
Enron,ours,1.5,4,0.33169931952430426,0.47023809523809523,0.008830625047362081,1.5548745939008255,0.15384615384615383,3.4675953873669587,0.4125772389529923,141575,187.82,2026-05-11 23:27:37
Enron,ours,1.5,5,0.34545273508763735,0.6071428571428571,0.0066466511032472935,1.51035436072061,0.23076923076923073,2.9987109080823213,0.3232847251798479,144793,180.64,2026-05-11 23:27:52
Enron,ours,1.5,6,0.34318924165005105,0.7023809523809523,0.006774117116542597,1.4979651944142405,0.07692307692307691,2.638026034320975,0.33947882214482794,168078,154.09,2026-05-11 23:28:28
Enron,ours,1.5,7,0.3419380321999957,0.7351190476190477,0.006696705294469039,1.4649436564668759,0.0,2.7057259795103343,0.3012797708269059,158002,207.36,2026-05-11 23:31:04
Enron,ours,1.5,8,0.3340815136526394,0.37797619047619047,0.007710497114116276,1.5174064211480678,0.07692307692307691,2.7476871275839185,0.4252991915714823,160277,292.55,2026-05-11 23:32:44
Enron,ours,1.5,9,0.3216879742563289,0.25297619047619047,0.0020680591582117945,1.6323270149737226,0.30769230769230765,3.6754839885780886,0.4943462223335231,148853,287.17,2026-05-11 23:33:15
Enron,ours,2.0,0,0.3276092595932742,0.36607142857142855,0.007681857551936707,1.4089806859099512,0.0,2.8261052547085077,0.4418025061986831,159316,158.11,2026-05-11 23:33:42
Enron,ours,2.0,1,0.3461873337647477,0.7113095238095238,0.005133404066041157,1.4371274522824744,0.0,2.1196676498686493,0.2575588533739225,162849,139.81,2026-05-11 23:35:04
Enron,ours,2.0,2,0.33963375316919414,0.4880952380952381,0.006162612960533241,1.4257881745443495,0.15384615384615383,2.8602242564069322,0.350405383593774,154369,190.1,2026-05-11 23:36:25
Enron,ours,2.0,3,0.33048077055552016,0.4880952380952381,0.00685348474191307,1.4107966841997817,0.15384615384615383,2.893806400185345,0.4077151621112803,152203,191.78,2026-05-11 23:36:54
Enron,ours,2.0,4,0.3518083563239711,0.8095238095238095,0.004783846283512376,1.478247616049144,0.07692307692307691,2.3998181604917233,0.19431349675311288,158327,156.82,2026-05-11 23:37:41
Enron,ours,2.0,5,0.3435985188740759,0.7113095238095238,0.00646607479180971,1.4075283260296625,0.07692307692307691,2.692905348685094,0.2857323048400042,150989,138.45,2026-05-11 23:38:43
Enron,ours,2.0,6,0.3454703034743127,0.7708333333333334,0.006005481888254151,1.471458272405145,0.30769230769230765,2.6735722228677488,0.26083730104309033,152787,142.31,2026-05-11 23:39:17
Enron,ours,2.0,7,0.32353422849433183,0.3392857142857143,0.009513303286679606,1.4366207879218864,0.07692307692307691,3.402612135126253,0.46746552303450023,152919,143.52,2026-05-11 23:40:04
Enron,ours,2.0,8,0.3462111807366883,0.7261904761904762,0.005093475773707269,1.4593349675180336,0.07692307692307691,2.301282095788869,0.2517667622760273,161952,129.79,2026-05-11 23:40:53
Enron,ours,2.0,9,0.3509153825180792,0.8035714285714286,0.0053054240824099465,1.500401490365996,0.07692307692307691,2.5028473367794737,0.17545482916245708,149997,137.31,2026-05-11 23:41:34
Enron,ours,2.5,0,0.34750937086833045,0.8363095238095238,0.003078870838383254,1.2197182437622305,0.0,1.1024411015290492,0.11097502822870232,175329,139.36,2026-05-11 23:42:24
Enron,ours,2.5,1,0.3306820606000756,0.5446428571428571,0.006579655443147571,1.327814370009317,0.15384615384615383,2.2088391459609036,0.39700801979627176,163907,138.05,2026-05-11 23:43:11
Enron,ours,2.5,2,0.327283755458516,0.3601190476190476,0.008032431203619354,1.2861593328237357,0.07692307692307691,2.4548332652972533,0.43158512788087305,159641,137.25,2026-05-11 23:43:51
Enron,ours,2.5,3,0.3482259945218761,0.7767857142857143,0.003996586594096627,1.4260267821692567,0.0,1.6673316720772313,0.19287000429907372,168041,135.78,2026-05-11 23:44:40
Enron,ours,2.5,4,0.3401163333684522,0.6130952380952381,0.005646588330503662,1.3085265168611326,0.0,2.363705209172878,0.334846120107513,165905,132.51,2026-05-11 23:45:24
Enron,ours,2.5,5,0.34250614993865863,0.7380952380952381,0.004990885872478985,1.241651783454449,0.07692307692307691,1.5685551327729532,0.27622049722916103,171978,135.5,2026-05-11 23:46:07
Enron,ours,2.5,6,0.3469374037595315,0.625,0.004089354862484667,1.301762354639579,0.07692307692307691,1.651393973352658,0.25253220811984206,169873,131.96,2026-05-11 23:46:52
Enron,ours,2.5,7,0.33866975867928323,0.6577380952380952,0.005443167640763719,1.2800629215675567,0.0,1.9553069155123666,0.32497717231988055,167132,130.91,2026-05-11 23:47:35
Enron,ours,2.5,8,0.3404341107809677,0.7857142857142857,0.005241522998773231,1.3530781139312684,0.0,2.0162243694270185,0.30578840733546003,167856,131.84,2026-05-11 23:48:18
Enron,ours,2.5,9,0.347053889033219,0.7648809523809523,0.0034815851914664986,1.2287042810739,0.07692307692307691,1.2583205317460073,0.22469864154354072,173004,137.3,2026-05-11 23:49:09
Enron,ours,3.0,0,0.342345575161685,0.8125,0.0031324665008828725,1.2066327920637698,0.15384615384615383,1.1244977442311208,0.18955486577197905,176269,137.04,2026-05-11 23:49:52
Enron,ours,3.0,1,0.349508707916421,0.6398809523809523,0.002728355803427091,1.2638354838383312,0.0,1.398684466997738,0.19565859755408077,170091,136.07,2026-05-11 23:50:35
Enron,ours,3.0,2,0.3620580876340109,0.8244047619047619,0.001723581679431919,1.3580398946877794,0.0,1.0496276532023412,0.09044363193282019,162080,135.33,2026-05-11 23:51:24
Enron,ours,3.0,3,0.3470332117463948,0.7321428571428571,0.003729021377945671,1.2813020212166015,0.07692307692307691,1.5260752452624178,0.1733819385651518,164645,136.55,2026-05-11 23:52:08
Enron,ours,3.0,4,0.35853683480007215,0.7916666666666666,0.0021744136237987145,1.3691029248891418,0.07692307692307691,1.370151551918405,0.0038528825763791117,165347,148.22,2026-05-11 23:53:03
Enron,ours,3.0,5,0.3509435647355128,0.7351190476190477,0.0023988266973767693,1.240029368508852,0.07692307692307691,1.1201839667653728,0.10137593862594999,173485,160.62,2026-05-11 23:54:05
Enron,ours,3.0,6,0.3471368140592372,0.7648809523809523,0.0030983553127556913,1.2612813591167826,0.07692307692307691,1.3718473198485663,0.1652981700544639,168829,157.94,2026-05-11 23:54:46
Enron,ours,3.0,7,0.3590218544261063,0.8065476190476191,0.0017345184975492605,1.4163090130642078,0.07692307692307691,1.3211973295597919,0.015129189606741374,166859,139.52,2026-05-11 23:55:22
Enron,ours,3.0,8,0.35126051210810405,0.8303571428571429,0.002108816041845283,1.258628638008345,0.07692307692307691,0.9837968756900338,0.04204461537994494,176209,135.53,2026-05-11 23:56:20
Enron,ours,3.0,9,0.3469869153616527,0.8035714285714286,0.002623652668096051,1.2249175950040039,0.07692307692307691,1.3199589364988105,0.15778006279716933,171081,137.84,2026-05-11 23:57:04
Enron,ours,3.5,0,0.34396005670244745,0.6964285714285714,0.0028452138035660476,1.130484728291738,0.23076923076923073,1.1308462983894587,0.1978130219205149,170549,141.28,2026-05-11 23:57:44
Enron,ours,3.5,1,0.3446069746665462,0.6041666666666666,0.001539234426450108,1.0816210460659932,0.15384615384615383,0.9369126553241832,0.21307189975979327,173346,136.89,2026-05-11 23:58:37
Enron,ours,3.5,2,0.35939933883324027,0.7916666666666666,0.001074267661016586,1.2950938451573295,0.23076923076923073,0.6287668500095379,0.09778640916631319,175707,136.84,2026-05-11 23:59:21
Enron,ours,3.5,3,0.3475050583868294,0.7916666666666666,0.0019098219793064707,1.1177297413220004,0.15384615384615383,0.5534217884024173,0.020495471156898225,174593,137.47,2026-05-12 00:00:01
Enron,ours,3.5,4,0.3494135557211762,0.8184523809523809,0.002503217909309843,1.2199328204822708,0.07692307692307691,1.0895833186765989,0.09374287468735665,172649,140.12,2026-05-12 00:00:57
Enron,ours,3.5,5,0.34910703316644526,0.7142857142857143,0.002004636547446654,1.1995868047010871,0.07692307692307691,0.8403157161805875,0.08485166358919073,174199,150.66,2026-05-12 00:01:52
Enron,ours,3.5,6,0.35217100201031315,0.8363095238095238,0.0016994694173385946,1.1751094350449938,0.15384615384615383,0.660576420990262,0.01493015718550117,174144,149.4,2026-05-12 00:02:30
Enron,ours,3.5,7,0.35077239287886713,0.7916666666666666,0.0018130006919509702,1.21429190641458,0.15384615384615383,0.7472324875678467,0.020921557854311195,173459,135.95,2026-05-12 00:03:13
Enron,ours,3.5,8,0.3478846429571093,0.8095238095238095,0.002093719693544114,1.2193286713055247,0.15384615384615383,0.8098661652443827,0.048528863702220634,175309,126.7,2026-05-12 00:03:58
Enron,ours,3.5,9,0.3576018270548622,0.7857142857142857,0.0013766721701514162,1.2714959371225305,0.0,0.6373993616979834,0.08202474022495433,174390,119.67,2026-05-12 00:04:30
